presentationsfile version 1
 104
prsnt_game_start 1 0 2
-60.000000  78 609 0 902 1 999999 2124 1 1000 911 2 72057594037927936 492 729 2 1 0 730 2 1 0 926 2 72057594037927936 1 911 2 72057594037927936 493 729 2 1 31 730 2 1 610 926 2 72057594037927936 1 2133 2 1224979098644774912 145 2133 2 1224979098644774913 499 2133 2 1224979098644774914 1150 4 0 1004 0 2133 2 72057594037927936 1005 2320 2 1 1585267068834420286 5 0 2133 2 72057594037927936 1005 2320 2 1 1585267068834420285 3 0 910 3 72057594037927937 216172782113783816 69648 729 2 1 700 730 2 1 700 925 2 72057594037927937 1 729 2 1 1224979098644774912 730 2 1 1224979098644774913 926 2 72057594037927937 1 921 2 72057594037927937 15785267 2106 2 1224979098644774913 30 910 3 144115188075856439 1585267068834414599 6160 729 2 1 1224979098644774914 730 2 1 1224979098644774914 925 2 144115188075856439 1 729 2 1 1224979098644774912 730 2 1 1224979098644774913 926 2 144115188075856439 1 2106 2 1224979098644774913 40 910 3 144115188075856440 1585267068834414600 6160 729 2 1 1224979098644774914 730 2 1 1224979098644774914 925 2 144115188075856440 1 729 2 1 1224979098644774912 730 2 1 1224979098644774913 926 2 144115188075856440 1 2106 2 1224979098644774913 40 910 3 144115188075856441 1585267068834414601 6160 729 2 1 1224979098644774914 730 2 1 1224979098644774914 925 2 144115188075856441 1 729 2 1 1224979098644774912 730 2 1 1224979098644774913 926 2 144115188075856441 1 2106 2 1224979098644774913 40 910 3 144115188075856442 1585267068834414602 6160 729 2 1 1224979098644774914 730 2 1 1224979098644774914 925 2 144115188075856442 1 729 2 1 1224979098644774912 730 2 1 1224979098644774913 926 2 144115188075856442 1 2106 2 1224979098644774913 40 910 3 144115188075856443 1585267068834414603 6160 729 2 1 1224979098644774914 730 2 1 1224979098644774914 925 2 144115188075856443 1 729 2 1 1224979098644774912 730 2 1 1224979098644774913 926 2 144115188075856443 1 2106 2 1224979098644774913 40 910 3 144115188075856444 1585267068834414604 6160 729 2 1 1224979098644774914 730 2 1 1224979098644774914 925 2 144115188075856444 1 729 2 1 1224979098644774912 730 2 1 1224979098644774913 926 2 144115188075856444 1 
-63.000000  22 2071 1 1224979098644774912 2072 1 1224979098644774913 1073741855 2 1224979098644774912 144115188075856439 1073741855 2 1224979098644774912 144115188075856440 1073741855 2 1224979098644774912 144115188075856441 1073741855 2 1224979098644774912 144115188075856442 1073741855 2 1224979098644774912 144115188075856443 31 2 1224979098644774912 144115188075856444 4 0 31 2 1224979098644774913 1 921 2 1224979098644774912 0 2133 2 1224979098644774914 1200 729 2 1 1224979098644774914 730 2 1 1224979098644774914 925 2 1224979098644774912 1 5 0 921 2 1224979098644774912 11141120 2133 2 1224979098644774914 1400 729 2 1 1224979098644774914 730 2 1 1224979098644774914 925 2 1224979098644774912 1 3 0 


prsnt_game_multiplayer_admin_panel 2 0 0


prsnt_game_escape 1 0 0


prsnt_game_credits 1 236 2
-60.000000  21 2133 2 144115188075856439 -1 2133 2 144115188075856440 -1 2133 2 144115188075856441 -1 2133 2 144115188075856442 -1 2133 2 144115188075856443 -1 2133 2 144115188075856444 -1 2133 2 144115188075856445 -1 2133 2 144115188075856446 -1 2133 2 144115188075856447 -1 2133 2 144115188075856448 -1 2133 2 144115188075856449 -1 2133 2 144115188075856450 -1 2133 2 144115188075856451 0 2133 2 144115188075856452 0 2133 2 144115188075856453 0 2133 2 144115188075856454 0 2133 2 144115188075856455 0 2133 2 144115188075856456 0 2133 2 144115188075856457 0 2133 2 144115188075856458 0 2133 2 144115188075856459 0 
-61.000000  228 2071 1 1224979098644774912 2124 1 1000 902 1 1000000 4 0 1073741895 1 57 1073741895 1 28 1073741895 1 1 1073741895 1 14 1073741895 1 224 1073741895 1 225 1073741895 1 252 71 1 253 902 1 0 3 0 4 0 2147483678 2 144115188075856439 0 2320 2 1 216172782113786504 910 3 144115188075856439 1 6160 921 2 144115188075856439 0 922 2 144115188075856439 0 729 2 1 1500 730 2 1 1500 925 2 144115188075856439 1 729 2 1 500 730 2 1 375 926 2 144115188075856439 1 933 3 144115188075856439 1000 255 5 0 32 2 1224979098644774912 2000 31 2 144115188075856451 0 2133 2 144115188075856451 1 933 3 144115188075856439 1000 0 5 0 32 2 1224979098644774912 3500 2147483678 2 144115188075856440 0 2320 2 1 216172782113786505 910 3 144115188075856440 1 6160 921 2 144115188075856440 0 922 2 144115188075856440 0 729 2 1 1750 730 2 1 1750 925 2 144115188075856440 1 729 2 1 500 730 2 1 375 926 2 144115188075856440 1 933 3 144115188075856440 1000 255 5 0 32 2 1224979098644774912 5500 31 2 144115188075856452 0 2133 2 144115188075856452 1 933 3 144115188075856440 1000 0 5 0 32 2 1224979098644774912 7000 2147483678 2 144115188075856441 0 2320 2 1 216172782113786506 910 3 144115188075856441 1 6160 921 2 144115188075856441 0 922 2 144115188075856441 0 729 2 1 1750 730 2 1 1750 925 2 144115188075856441 1 729 2 1 500 730 2 1 375 926 2 144115188075856441 1 933 3 144115188075856441 1000 255 5 0 32 2 1224979098644774912 9000 31 2 144115188075856453 0 2133 2 144115188075856453 1 933 3 144115188075856441 1000 0 5 0 32 2 1224979098644774912 10500 2147483678 2 144115188075856442 0 2320 2 1 216172782113786507 910 3 144115188075856442 1 6160 921 2 144115188075856442 0 922 2 144115188075856442 0 729 2 1 1750 730 2 1 1750 925 2 144115188075856442 1 729 2 1 500 730 2 1 375 926 2 144115188075856442 1 933 3 144115188075856442 1000 255 5 0 32 2 1224979098644774912 12500 31 2 144115188075856454 0 2133 2 144115188075856454 1 933 3 144115188075856442 1000 0 5 0 32 2 1224979098644774912 14000 2147483678 2 144115188075856443 0 2320 2 1 216172782113786508 910 3 144115188075856443 1 6160 921 2 144115188075856443 0 922 2 144115188075856443 0 729 2 1 1750 730 2 1 1750 925 2 144115188075856443 1 729 2 1 500 730 2 1 375 926 2 144115188075856443 1 933 3 144115188075856443 1000 255 5 0 32 2 1224979098644774912 16000 31 2 144115188075856455 0 2133 2 144115188075856455 1 933 3 144115188075856443 1000 0 5 0 32 2 1224979098644774912 17500 2147483678 2 144115188075856444 0 2320 2 1 216172782113786509 910 3 144115188075856444 1 6160 921 2 144115188075856444 0 922 2 144115188075856444 0 729 2 1 1750 730 2 1 1750 925 2 144115188075856444 1 729 2 1 500 730 2 1 375 926 2 144115188075856444 1 933 3 144115188075856444 1000 255 5 0 32 2 1224979098644774912 19500 31 2 144115188075856456 0 2133 2 144115188075856456 1 933 3 144115188075856444 1000 0 5 0 32 2 1224979098644774912 21000 2147483678 2 144115188075856445 0 2320 2 1 216172782113786510 910 3 144115188075856445 1 6160 921 2 144115188075856445 0 922 2 144115188075856445 0 729 2 1 1750 730 2 1 1750 925 2 144115188075856445 1 729 2 1 500 730 2 1 375 926 2 144115188075856445 1 933 3 144115188075856445 1000 255 5 0 32 2 1224979098644774912 23000 31 2 144115188075856457 0 2133 2 144115188075856457 1 933 3 144115188075856445 1000 0 5 0 32 2 1224979098644774912 24500 2147483678 2 144115188075856446 0 2320 2 1 216172782113786511 910 3 144115188075856446 1 6160 921 2 144115188075856446 0 922 2 144115188075856446 0 729 2 1 1750 730 2 1 1750 925 2 144115188075856446 1 729 2 1 500 730 2 1 375 926 2 144115188075856446 1 933 3 144115188075856446 1000 255 5 0 32 2 1224979098644774912 26500 31 2 144115188075856458 0 2133 2 144115188075856458 1 933 3 144115188075856446 1000 0 5 0 32 2 1224979098644774912 28000 2147483678 2 144115188075856447 0 2320 2 1 216172782113786513 910 3 144115188075856447 1 6160 921 2 144115188075856447 0 922 2 144115188075856447 0 729 2 1 750 730 2 1 750 925 2 144115188075856447 1 729 2 1 250 730 2 1 485 926 2 144115188075856447 1 933 3 144115188075856447 1000 255 2320 2 1 216172782113786514 910 3 144115188075856448 1 6160 921 2 144115188075856448 0 922 2 144115188075856448 0 729 2 1 750 730 2 1 750 925 2 144115188075856448 1 729 2 1 750 730 2 1 470 926 2 144115188075856448 1 933 3 144115188075856448 1000 255 2320 2 1 216172782113786515 910 3 144115188075856449 1 6160 921 2 144115188075856449 0 922 2 144115188075856449 0 729 2 1 750 730 2 1 750 925 2 144115188075856449 1 729 2 1 500 730 2 1 105 926 2 144115188075856449 1 933 3 144115188075856449 1000 255 5 0 32 2 1224979098644774912 34000 31 2 144115188075856459 0 2133 2 144115188075856459 1 933 3 144115188075856447 1000 0 933 3 144115188075856448 1000 0 933 3 144115188075856449 1000 0 5 0 32 2 1224979098644774912 35500 2147483678 2 144115188075856450 0 2320 2 1 216172782113786512 910 3 144115188075856450 1 2064 921 2 144115188075856450 0 922 2 144115188075856450 255 729 2 1 1000 730 2 1 1000 925 2 144115188075856450 1 729 2 1 500 730 2 1 -4800 926 2 144115188075856450 1 729 2 1 500 730 2 1 760 937 3 144115188075856450 70000 1 5 0 32 2 1224979098644774912 105500 902 1 0 3 0 


prsnt_game_profile_banner_selection 0 236 2
-60.000000  44 2124 1 1000 2320 2 1 216172782113786705 910 3 72057594037927937 1 16 729 2 1 500 730 2 1 600 926 2 72057594037927937 1 920 2 72057594037927937 1 912 3 144115188075856460 1585267068834414605 16 729 2 1 700 730 2 1 50 926 2 144115188075856460 1 912 3 144115188075856461 216172782113786706 16 729 2 1 300 730 2 1 50 926 2 144115188075856461 1 2133 2 1224979098644774912 150 2133 2 1224979098644774913 575 2122 3 1224979098644774914 16 144115188075856463 2120 3 1224979098644774915 1224979098644774914 16 2120 3 144115188075856462 144115188075856461 1 2133 2 1224979098644774916 0 6 3 1224979098644774917 270 340 2133 2 1224979098644774918 0 6 3 1224979098644774919 26 53 542 3 1224979098644774919 12 1224979098644774917 2133 2 1224979098644774918 1 3 0 31 2 1224979098644774918 0 2105 2 1224979098644774916 1 32 2 1224979098644774916 1224979098644774914 2147483680 2 1224979098644774916 1224979098644774915 913 3 72057594037927937 1224979098644774917 1224979098644774917 729 2 1 1224979098644774912 730 2 1 1224979098644774913 926 2 72057594037927937 1 729 2 1 100 730 2 1 100 925 2 72057594037927937 1 2105 2 1224979098644774912 100 30 2 1224979098644774912 900 2133 2 1224979098644774912 150 2106 2 1224979098644774913 250 3 0 902 1 999999 
-62.000000  34 2071 1 1224979098644774912 4 0 31 2 1224979098644774912 144115188075856460 2105 2 144115188075856463 1 2109 2 144115188075856463 8 902 1 0 900 1 4 5 0 31 2 1224979098644774912 144115188075856461 351 1 -1 902 1 0 5 0 2121 3 1224979098644774913 1224979098644774912 144115188075856462 2122 3 1224979098644774914 16 144115188075856463 2105 2 1224979098644774913 1224979098644774914 2133 2 1224979098644774915 0 2133 2 1224979098644774916 340 6 3 1224979098644774917 270 1224979098644774916 2133 2 1224979098644774918 0 6 3 1224979098644774919 26 53 542 3 1224979098644774919 12 1224979098644774917 2133 2 1224979098644774918 1 3 0 31 2 1224979098644774918 0 4 0 31 2 1224979098644774913 1224979098644774915 2121 3 1224979098644774920 1224979098644774917 270 351 1 1224979098644774920 2133 2 1224979098644774916 0 3 0 2105 2 1224979098644774915 1 3 0 902 1 0 3 0 


prsnt_game_custom_battle_designer 2 434 4
-60.000000  434 2124 1 1000 910 3 72057594037927936 216172782113787971 98320 921 2 72057594037927936 4294967295 729 2 1 1500 730 2 1 1500 925 2 72057594037927936 1 729 2 1 175 730 2 1 700 926 2 72057594037927936 1 910 3 72057594037927936 216172782113787972 98320 921 2 72057594037927936 4294967295 729 2 1 1500 730 2 1 1500 925 2 72057594037927936 1 729 2 1 820 730 2 1 700 926 2 72057594037927936 1 910 3 72057594037927936 216172782113787969 16 729 2 1 175 730 2 1 670 926 2 72057594037927936 1 948 1 144115188075856464 729 2 1 800 730 2 1 800 925 2 144115188075856464 1 729 2 1 175 730 2 1 635 926 2 144115188075856464 1 6 3 1224979098644774912 2121 2131 2322 2 0 1224979098644774912 931 2 144115188075856464 0 3 0 2121 3 1224979098644774912 144115188075856504 2121 927 2 144115188075856464 1224979098644774912 2122 3 1224979098644774912 144115188075856504 2 939 4 72057594037927936 -1 3 1224979098644774912 729 2 1 25 730 2 1 370 926 2 72057594037927936 1 4 0 31 2 144115188075856506 26 2133 2 1224979098644774912 244 5 0 31 2 144115188075856506 27 2133 2 1224979098644774912 214 5 0 31 2 144115188075856506 28 2133 2 1224979098644774912 314 5 0 31 2 144115188075856506 29 2133 2 1224979098644774912 186 5 0 31 2 144115188075856506 30 2133 2 1224979098644774912 392 5 0 31 2 144115188075856506 31 2133 2 1224979098644774912 395 5 0 31 2 144115188075856506 32 2133 2 1224979098644774912 449 5 0 31 2 144115188075856506 74 2133 2 1224979098644774912 2337 5 0 2133 2 1224979098644774912 562 3 0 2107 2 1224979098644774912 2 939 4 72057594037927936 -1 3 1224979098644774912 729 2 1 670 730 2 1 370 926 2 72057594037927936 1 910 3 72057594037927936 216172782113787970 65552 921 2 72057594037927936 127 729 2 1 500 730 2 1 720 926 2 72057594037927936 1 2121 3 1224979098644774913 144115188075856504 2121 2105 2 1224979098644774913 216172782113787953 910 3 72057594037927936 1224979098644774913 8192 729 2 1 850 730 2 1 850 925 2 72057594037927936 1 729 2 1 320 730 2 1 585 926 2 72057594037927936 1 729 2 1 360 730 2 1 120 929 2 72057594037927936 1 910 3 72057594037927936 216172782113787965 16 921 2 72057594037927936 16777215 729 2 1 1500 730 2 1 1500 925 2 72057594037927936 1 729 2 1 500 730 2 1 450 926 2 72057594037927936 1 948 1 144115188075856465 729 2 1 700 730 2 1 700 925 2 144115188075856465 1 729 2 1 500 730 2 1 415 926 2 144115188075856465 1 4 0 31 2 144115188075856503 0 6 3 1224979098644774914 208 211 2121 3 1224979098644774915 1224979098644774914 208 2105 2 1224979098644774915 216172782113787948 931 2 144115188075856465 1224979098644774915 3 0 4 0 33 3 144115188075856466 208 211 2121 3 1224979098644774916 144115188075856466 208 927 2 144115188075856465 1224979098644774916 5 0 927 2 144115188075856465 0 2133 2 144115188075856466 208 3 0 5 0 6 3 1224979098644774914 211 213 2121 3 1224979098644774915 1224979098644774914 208 2105 2 1224979098644774915 216172782113787948 931 2 144115188075856465 1224979098644774915 3 0 4 0 33 3 144115188075856466 211 213 2121 3 1224979098644774916 144115188075856466 211 927 2 144115188075856465 1224979098644774916 5 0 927 2 144115188075856465 0 2133 2 144115188075856466 211 3 0 3 0 2121 3 1224979098644774917 144115188075856466 208 2105 2 1224979098644774917 435 911 2 72057594037927936 1224979098644774917 729 2 1 700 730 2 1 700 925 2 72057594037927936 1 729 2 1 380 730 2 1 220 926 2 72057594037927936 1 910 3 72057594037927936 216172782113787966 16 921 2 72057594037927936 16777215 729 2 1 1500 730 2 1 1500 925 2 72057594037927936 1 729 2 1 500 730 2 1 180 926 2 72057594037927936 1 948 1 144115188075856467 729 2 1 700 730 2 1 700 925 2 144115188075856467 1 729 2 1 500 730 2 1 150 926 2 144115188075856467 1 931 2 144115188075856467 216172782113787967 931 2 144115188075856467 216172782113787968 927 2 144115188075856467 144115188075856503 940 2 144115188075856468 216172782113783833 729 2 1 500 730 2 1 60 926 2 144115188075856468 1 2133 2 1224979098644774918 330 2133 2 1224979098644774918 350 2133 2 1224979098644774919 40 910 3 72057594037927936 216172782113787973 16 729 2 1 175 730 2 1 1224979098644774918 926 2 72057594037927936 1 910 3 72057594037927936 216172782113787973 16 729 2 1 820 730 2 1 1224979098644774918 926 2 72057594037927936 1 2106 2 1224979098644774918 1224979098644774919 948 1 144115188075856469 729 2 1 175 730 2 1 1224979098644774918 926 2 144115188075856469 1 4 0 250 0 2335 2 0 26 931 2 144115188075856469 0 2120 3 1224979098644774920 26 1 2335 2 0 1224979098644774920 931 2 144115188075856469 0 5 0 6 3 1224979098644774920 26 33 2335 2 0 1224979098644774920 931 2 144115188075856469 0 3 0 2335 2 0 74 931 2 144115188075856469 0 3 0 4 0 31 2 144115188075856505 74 2121 3 1224979098644774921 33 26 927 2 144115188075856469 1224979098644774921 5 0 2121 3 1224979098644774922 144115188075856505 26 927 2 144115188075856469 1224979098644774922 3 0 948 1 144115188075856470 729 2 1 820 730 2 1 1224979098644774918 926 2 144115188075856470 1 4 0 250 0 2335 2 0 26 931 2 144115188075856470 0 2120 3 1224979098644774920 26 1 2335 2 0 1224979098644774920 931 2 144115188075856470 0 5 0 6 3 1224979098644774920 26 33 2335 2 0 1224979098644774920 931 2 144115188075856470 0 3 0 2335 2 0 74 931 2 144115188075856470 0 3 0 4 0 31 2 144115188075856506 74 2121 3 1224979098644774921 33 26 927 2 144115188075856470 1224979098644774921 5 0 2121 3 1224979098644774923 144115188075856506 26 927 2 144115188075856470 1224979098644774923 3 0 2106 2 1224979098644774918 1224979098644774919 910 3 72057594037927936 216172782113787974 16 729 2 1 175 730 2 1 1224979098644774918 926 2 72057594037927936 1 910 3 72057594037927936 216172782113787974 16 729 2 1 820 730 2 1 1224979098644774918 926 2 72057594037927936 1 2106 2 1224979098644774918 1224979098644774919 4 0 31 2 144115188075856471 0 31 2 144115188075856472 0 31 2 144115188075856473 0 31 2 144115188075856474 0 31 2 144115188075856475 0 31 2 144115188075856476 0 2133 2 144115188075856471 34 2133 2 144115188075856472 33 2133 2 144115188075856473 33 2133 2 144115188075856474 34 2133 2 144115188075856475 33 2133 2 144115188075856476 33 2133 2 144115188075856477 0 2133 2 144115188075856478 0 2133 2 144115188075856479 0 2133 2 144115188075856480 0 2133 2 144115188075856481 0 2133 2 144115188075856482 0 3 0 911 2 72057594037927936 431 729 2 1 5 730 2 1 1224979098644774918 926 2 72057594037927936 1 729 2 1 400 730 2 1 400 925 2 72057594037927936 1 911 2 72057594037927936 431 729 2 1 650 730 2 1 1224979098644774918 926 2 72057594037927936 1 729 2 1 400 730 2 1 400 925 2 72057594037927936 1 914 3 144115188075856483 0 100 927 2 144115188075856483 144115188075856471 729 2 1 900 730 2 1 1000 925 2 144115188075856483 1 729 2 1 175 730 2 1 1224979098644774918 926 2 144115188075856483 1 2133 2 72057594037927936 144115188075856471 910 3 144115188075856484 216172782113787976 0 729 2 1 295 730 2 1 1224979098644774918 926 2 144115188075856484 1 914 3 144115188075856485 0 100 927 2 144115188075856485 144115188075856474 729 2 1 900 730 2 1 1000 925 2 144115188075856485 1 729 2 1 820 730 2 1 1224979098644774918 926 2 144115188075856485 1 2133 2 72057594037927936 144115188075856474 910 3 144115188075856486 216172782113787976 0 729 2 1 940 730 2 1 1224979098644774918 926 2 144115188075856486 1 2106 2 1224979098644774918 1224979098644774919 911 2 72057594037927936 432 729 2 1 15 730 2 1 1224979098644774918 926 2 72057594037927936 1 729 2 1 400 730 2 1 400 925 2 72057594037927936 1 911 2 72057594037927936 432 729 2 1 660 730 2 1 1224979098644774918 926 2 72057594037927936 1 729 2 1 400 730 2 1 400 925 2 72057594037927936 1 914 3 144115188075856487 0 100 927 2 144115188075856487 144115188075856472 729 2 1 900 730 2 1 1000 925 2 144115188075856487 1 729 2 1 175 730 2 1 1224979098644774918 926 2 144115188075856487 1 2133 2 72057594037927936 144115188075856472 910 3 144115188075856488 216172782113787976 0 729 2 1 295 730 2 1 1224979098644774918 926 2 144115188075856488 1 914 3 144115188075856489 0 100 927 2 144115188075856489 144115188075856475 729 2 1 900 730 2 1 1000 925 2 144115188075856489 1 729 2 1 820 730 2 1 1224979098644774918 926 2 144115188075856489 1 2133 2 72057594037927936 144115188075856475 910 3 144115188075856490 216172782113787976 0 729 2 1 940 730 2 1 1224979098644774918 926 2 144115188075856490 1 2106 2 1224979098644774918 1224979098644774919 911 2 72057594037927936 433 729 2 1 10 730 2 1 1224979098644774918 926 2 72057594037927936 1 729 2 1 400 730 2 1 400 925 2 72057594037927936 1 911 2 72057594037927936 433 729 2 1 655 730 2 1 1224979098644774918 926 2 72057594037927936 1 729 2 1 400 730 2 1 400 925 2 72057594037927936 1 914 3 144115188075856491 0 100 927 2 144115188075856491 144115188075856473 729 2 1 900 730 2 1 1000 925 2 144115188075856491 1 729 2 1 175 730 2 1 1224979098644774918 926 2 144115188075856491 1 2133 2 72057594037927936 144115188075856473 910 3 144115188075856492 216172782113787976 0 729 2 1 295 730 2 1 1224979098644774918 926 2 144115188075856492 1 914 3 144115188075856493 0 100 927 2 144115188075856493 144115188075856476 729 2 1 900 730 2 1 1000 925 2 144115188075856493 1 729 2 1 820 730 2 1 1224979098644774918 926 2 144115188075856493 1 2133 2 72057594037927936 144115188075856476 910 3 144115188075856494 216172782113787976 0 729 2 1 940 730 2 1 1224979098644774918 926 2 144115188075856494 1 2106 2 1224979098644774918 1224979098644774919 910 3 72057594037927936 216172782113787975 16 729 2 1 175 730 2 1 1224979098644774918 926 2 72057594037927936 1 910 3 72057594037927936 216172782113787975 16 729 2 1 820 730 2 1 1224979098644774918 926 2 72057594037927936 1 2106 2 1224979098644774918 1224979098644774919 4 0 250 0 2110 2 144115188075856495 25 2110 2 144115188075856496 25 3 0 914 3 144115188075856497 0 100 928 3 144115188075856497 1000 75000 927 2 144115188075856497 144115188075856495 729 2 1 900 730 2 1 1000 925 2 144115188075856497 1 729 2 1 135 730 2 1 1224979098644774918 926 2 144115188075856497 1 1 2 60 144115188075856495 910 3 144115188075856498 216172782113787977 0 729 2 1 255 730 2 1 1224979098644774918 926 2 144115188075856498 1 914 2 144115188075856499 200 928 3 144115188075856499 1000 75000 927 2 144115188075856499 144115188075856496 729 2 1 900 730 2 1 1000 925 2 144115188075856499 1 729 2 1 780 730 2 1 1224979098644774918 926 2 144115188075856499 1 1 2 60 144115188075856496 910 3 144115188075856500 216172782113787977 0 729 2 1 900 730 2 1 1224979098644774918 926 2 144115188075856500 1 940 3 144115188075856501 216172782113787978 0 729 2 1 415 730 2 1 10 926 2 144115188075856501 1 940 3 144115188075856502 216172782113786675 0 729 2 1 585 730 2 1 10 926 2 144115188075856502 1 902 1 999999 
-62.000000  776 2071 1 1224979098644774912 2072 1 1224979098644774913 4 0 31 2 1224979098644774912 144115188075856465 4 0 31 2 144115188075856503 0 2120 3 144115188075856466 1224979098644774913 208 5 0 2120 3 144115188075856466 1224979098644774913 211 3 0 902 1 0 900 1 5 5 0 31 2 1224979098644774912 144115188075856467 2133 2 144115188075856503 1224979098644774913 902 1 0 900 1 5 5 0 31 2 1224979098644774912 144115188075856468 2136 3 144115188075856503 0 3 2136 3 144115188075856504 2121 2131 4 0 250 0 2136 3 144115188075856505 0 2 4 0 31 2 144115188075856505 0 2133 2 144115188075856506 1 5 0 2133 2 144115188075856506 0 3 0 2105 2 144115188075856505 26 2105 2 144115188075856506 26 2136 3 144115188075856495 10 16 2136 3 1224979098644774914 0 6 2105 2 144115188075856495 1224979098644774914 2136 3 1224979098644774914 0 6 2105 2 144115188075856495 1224979098644774914 5 0 2121 3 1224979098644774915 33 26 2105 2 1224979098644774915 1 2136 3 144115188075856505 0 1224979098644774915 4 0 31 2 144115188075856505 0 2133 2 144115188075856505 74 5 0 2105 2 144115188075856505 26 2106 2 144115188075856505 1 3 0 2133 2 1224979098644774916 1000 6 3 1224979098644774917 0 1224979098644774916 2136 3 144115188075856506 0 1224979098644774915 4 0 31 2 144115188075856506 0 2133 2 144115188075856506 74 5 0 2105 2 144115188075856506 26 2106 2 144115188075856506 1 3 0 2147483679 2 144115188075856505 144115188075856506 2133 2 1224979098644774916 0 3 0 2136 3 144115188075856495 10 21 2136 3 1224979098644774914 0 11 2105 2 144115188075856495 1224979098644774914 2136 3 1224979098644774914 0 11 2105 2 144115188075856495 1224979098644774914 3 0 2133 2 144115188075856496 144115188075856495 4 0 31 2 144115188075856503 0 2136 3 144115188075856466 208 211 2136 3 1224979098644774918 0 3 2136 3 1224979098644774919 0 2 2136 3 1224979098644774920 0 100 2121 3 1224979098644774921 100 1224979098644774920 2136 3 1224979098644774922 0 1224979098644774921 2121 3 1224979098644774923 1224979098644774921 1224979098644774922 4 0 31 2 1224979098644774918 0 2133 2 144115188075856471 1224979098644774920 4 0 31 2 1224979098644774919 0 2133 2 144115188075856472 1224979098644774922 2133 2 144115188075856473 1224979098644774923 5 0 2133 2 144115188075856473 1224979098644774922 2133 2 144115188075856472 1224979098644774923 3 0 5 0 31 2 1224979098644774918 1 2133 2 144115188075856472 1224979098644774920 4 0 31 2 1224979098644774919 0 2133 2 144115188075856471 1224979098644774922 2133 2 144115188075856473 1224979098644774923 5 0 2133 2 144115188075856473 1224979098644774922 2133 2 144115188075856471 1224979098644774923 3 0 5 0 2133 2 144115188075856473 1224979098644774920 4 0 31 2 1224979098644774919 0 2133 2 144115188075856471 1224979098644774922 2133 2 144115188075856472 1224979098644774923 5 0 2133 2 144115188075856472 1224979098644774922 2133 2 144115188075856471 1224979098644774923 3 0 3 0 2136 3 1224979098644774918 0 3 2136 3 1224979098644774919 0 2 2136 3 1224979098644774920 0 100 2121 3 1224979098644774921 100 1224979098644774920 2136 3 1224979098644774922 0 1224979098644774921 2121 3 1224979098644774923 1224979098644774921 1224979098644774922 4 0 31 2 1224979098644774918 0 2133 2 144115188075856474 1224979098644774920 4 0 31 2 1224979098644774919 0 2133 2 144115188075856475 1224979098644774922 2133 2 144115188075856476 1224979098644774923 5 0 2133 2 144115188075856476 1224979098644774922 2133 2 144115188075856475 1224979098644774923 3 0 5 0 31 2 1224979098644774918 1 2133 2 144115188075856475 1224979098644774920 4 0 31 2 1224979098644774919 0 2133 2 144115188075856474 1224979098644774922 2133 2 144115188075856476 1224979098644774923 5 0 2133 2 144115188075856476 1224979098644774922 2133 2 144115188075856474 1224979098644774923 3 0 5 0 2133 2 144115188075856476 1224979098644774920 4 0 31 2 1224979098644774919 0 2133 2 144115188075856474 1224979098644774922 2133 2 144115188075856475 1224979098644774923 5 0 2133 2 144115188075856475 1224979098644774922 2133 2 144115188075856474 1224979098644774923 3 0 3 0 5 0 31 2 144115188075856503 1 2136 3 144115188075856466 211 213 2136 3 144115188075856475 30 100 2121 3 144115188075856474 100 144115188075856475 2133 2 144115188075856476 0 2136 3 144115188075856471 20 100 2121 3 144115188075856472 100 144115188075856471 2133 2 144115188075856473 0 5 0 2136 3 144115188075856466 211 213 2136 3 144115188075856472 30 100 2121 3 144115188075856471 100 144115188075856472 2133 2 144115188075856473 0 2136 3 144115188075856474 20 100 2121 3 144115188075856475 100 144115188075856474 2133 2 144115188075856476 0 3 0 902 1 0 900 1 5 5 0 31 2 1224979098644774912 144115188075856497 2133 2 144115188075856495 1224979098644774913 4 0 250 0 32 2 144115188075856495 25 2133 2 144115188075856495 25 927 2 144115188075856497 25 3 0 1 2 60 144115188075856495 920 2 144115188075856498 216172782113787977 5 0 31 2 1224979098644774912 144115188075856499 2133 2 144115188075856496 1224979098644774913 4 0 250 0 32 2 144115188075856496 25 2133 2 144115188075856496 25 927 2 144115188075856499 25 3 0 1 2 60 144115188075856496 920 2 144115188075856500 216172782113787977 5 0 31 2 1224979098644774912 144115188075856469 4 0 2121 3 1224979098644774924 33 26 31 2 1224979098644774913 1224979098644774924 2133 2 144115188075856505 74 5 0 2120 3 144115188075856505 1224979098644774913 26 3 0 5 0 31 2 1224979098644774912 144115188075856470 4 0 2121 3 1224979098644774924 33 26 31 2 1224979098644774913 1224979098644774924 2133 2 144115188075856506 74 5 0 2120 3 144115188075856506 1224979098644774913 26 3 0 902 1 0 900 1 5 5 0 31 2 1224979098644774912 144115188075856464 2120 3 144115188075856504 1224979098644774913 2121 902 1 0 900 1 5 5 0 31 2 1224979098644774912 144115188075856483 4 0 31 2 144115188075856477 1 2147483679 2 1224979098644774913 144115188075856471 927 2 144115188075856483 144115188075856471 5 0 4 0 2147483678 2 1224979098644774913 144115188075856471 2121 3 1224979098644774925 144115188075856471 1224979098644774913 4 0 31 2 144115188075856478 1 2133 2 1224979098644774926 0 2133 2 1224979098644774927 1224979098644774925 5 0 31 2 144115188075856479 1 2133 2 1224979098644774926 1224979098644774925 2133 2 1224979098644774927 0 5 0 2123 3 1224979098644774926 1224979098644774925 2 2121 3 1224979098644774927 1224979098644774925 1224979098644774926 4 0 2147483679 2 1224979098644774926 1224979098644774927 2136 3 1224979098644774928 0 2 31 2 1224979098644774928 0 2106 2 1224979098644774927 1 2105 2 1224979098644774926 1 3 0 3 0 2133 2 144115188075856471 1224979098644774913 2105 2 144115188075856472 1224979098644774926 2105 2 144115188075856473 1224979098644774927 4 0 32 2 144115188075856472 100 2121 3 1224979098644774925 144115188075856472 100 2105 2 144115188075856473 1224979098644774925 2133 2 144115188075856472 100 5 0 32 2 144115188075856473 100 2121 3 1224979098644774925 144115188075856473 100 2105 2 144115188075856472 1224979098644774925 2133 2 144115188075856473 100 3 0 927 2 144115188075856487 144115188075856472 927 2 144115188075856491 144115188075856473 5 0 32 2 1224979098644774913 144115188075856471 2121 3 1224979098644774925 1224979098644774913 144115188075856471 4 0 31 2 144115188075856478 1 2133 2 1224979098644774926 0 2133 2 1224979098644774927 1224979098644774925 5 0 31 2 144115188075856479 1 2133 2 1224979098644774926 1224979098644774925 2133 2 1224979098644774927 0 5 0 2123 3 1224979098644774926 1224979098644774925 2 2121 3 1224979098644774927 1224979098644774925 1224979098644774926 4 0 2147483679 2 1224979098644774926 1224979098644774927 2136 3 1224979098644774928 0 2 31 2 1224979098644774928 0 2106 2 1224979098644774927 1 2105 2 1224979098644774926 1 3 0 3 0 2133 2 144115188075856471 1224979098644774913 2106 2 144115188075856472 1224979098644774926 2106 2 144115188075856473 1224979098644774927 4 0 2147483678 2 144115188075856472 0 2105 2 144115188075856473 144115188075856472 2133 2 144115188075856472 0 5 0 2147483678 2 144115188075856473 0 2105 2 144115188075856472 144115188075856473 2133 2 144115188075856473 0 3 0 927 2 144115188075856487 144115188075856472 927 2 144115188075856491 144115188075856473 3 0 2133 2 72057594037927936 144115188075856471 920 2 144115188075856484 216172782113787976 2133 2 72057594037927936 144115188075856472 920 2 144115188075856488 216172782113787976 2133 2 72057594037927936 144115188075856473 920 2 144115188075856492 216172782113787976 3 0 5 0 31 2 1224979098644774912 144115188075856487 4 0 31 2 144115188075856478 1 2147483679 2 1224979098644774913 144115188075856472 927 2 144115188075856487 144115188075856472 5 0 4 0 2147483678 2 1224979098644774913 144115188075856472 2121 3 1224979098644774925 144115188075856472 1224979098644774913 4 0 31 2 144115188075856477 1 2133 2 1224979098644774926 0 2133 2 1224979098644774927 1224979098644774925 5 0 31 2 144115188075856479 1 2133 2 1224979098644774926 1224979098644774925 2133 2 1224979098644774927 0 5 0 2123 3 1224979098644774926 1224979098644774925 2 2121 3 1224979098644774927 1224979098644774925 1224979098644774926 4 0 2147483679 2 1224979098644774926 1224979098644774927 2136 3 1224979098644774928 0 2 31 2 1224979098644774928 0 2106 2 1224979098644774927 1 2105 2 1224979098644774926 1 3 0 3 0 2133 2 144115188075856472 1224979098644774913 2105 2 144115188075856471 1224979098644774926 2105 2 144115188075856473 1224979098644774927 4 0 32 2 144115188075856471 100 2121 3 1224979098644774925 144115188075856471 100 2105 2 144115188075856473 1224979098644774925 2133 2 144115188075856471 100 5 0 32 2 144115188075856473 100 2121 3 1224979098644774925 144115188075856473 100 2105 2 144115188075856471 1224979098644774925 2133 2 144115188075856473 100 3 0 927 2 144115188075856483 144115188075856471 927 2 144115188075856491 144115188075856473 5 0 32 2 1224979098644774913 144115188075856472 2121 3 1224979098644774925 1224979098644774913 144115188075856472 4 0 31 2 144115188075856477 1 2133 2 1224979098644774926 0 2133 2 1224979098644774927 1224979098644774925 5 0 31 2 144115188075856479 1 2133 2 1224979098644774926 1224979098644774925 2133 2 1224979098644774927 0 5 0 2123 3 1224979098644774926 1224979098644774925 2 2121 3 1224979098644774927 1224979098644774925 1224979098644774926 4 0 2147483679 2 1224979098644774926 1224979098644774927 2136 3 1224979098644774928 0 2 31 2 1224979098644774928 0 2106 2 1224979098644774927 1 2105 2 1224979098644774926 1 3 0 3 0 2133 2 144115188075856472 1224979098644774913 2106 2 144115188075856471 1224979098644774926 2106 2 144115188075856473 1224979098644774927 4 0 2147483678 2 144115188075856471 0 2105 2 144115188075856473 144115188075856471 2133 2 144115188075856471 0 5 0 2147483678 2 144115188075856473 0 2105 2 144115188075856471 144115188075856473 2133 2 144115188075856473 0 3 0 927 2 144115188075856483 144115188075856471 927 2 144115188075856491 144115188075856473 3 0 2133 2 72057594037927936 144115188075856471 920 2 144115188075856484 216172782113787976 2133 2 72057594037927936 144115188075856472 920 2 144115188075856488 216172782113787976 2133 2 72057594037927936 144115188075856473 920 2 144115188075856492 216172782113787976 3 0 5 0 31 2 1224979098644774912 144115188075856491 4 0 31 2 144115188075856479 1 2147483679 2 1224979098644774913 144115188075856473 927 2 144115188075856491 144115188075856473 5 0 4 0 2147483678 2 1224979098644774913 144115188075856473 2121 3 1224979098644774925 144115188075856473 1224979098644774913 4 0 31 2 144115188075856478 1 2133 2 1224979098644774926 0 2133 2 1224979098644774927 1224979098644774925 5 0 31 2 144115188075856477 1 2133 2 1224979098644774926 1224979098644774925 2133 2 1224979098644774927 0 5 0 2123 3 1224979098644774926 1224979098644774925 2 2121 3 1224979098644774927 1224979098644774925 1224979098644774926 4 0 2147483679 2 1224979098644774926 1224979098644774927 2136 3 1224979098644774928 0 2 31 2 1224979098644774928 0 2106 2 1224979098644774927 1 2105 2 1224979098644774926 1 3 0 3 0 2133 2 144115188075856473 1224979098644774913 2105 2 144115188075856472 1224979098644774926 2105 2 144115188075856471 1224979098644774927 4 0 32 2 144115188075856472 100 2121 3 1224979098644774925 144115188075856472 100 2105 2 144115188075856471 1224979098644774925 2133 2 144115188075856472 100 5 0 32 2 144115188075856471 100 2121 3 1224979098644774925 144115188075856471 100 2105 2 144115188075856472 1224979098644774925 2133 2 144115188075856471 100 3 0 927 2 144115188075856487 144115188075856472 927 2 144115188075856483 144115188075856471 5 0 32 2 1224979098644774913 144115188075856473 2121 3 1224979098644774925 1224979098644774913 144115188075856473 4 0 31 2 144115188075856478 1 2133 2 1224979098644774926 0 2133 2 1224979098644774927 1224979098644774925 5 0 31 2 144115188075856477 1 2133 2 1224979098644774926 1224979098644774925 2133 2 1224979098644774927 0 5 0 2123 3 1224979098644774926 1224979098644774925 2 2121 3 1224979098644774927 1224979098644774925 1224979098644774926 4 0 2147483679 2 1224979098644774926 1224979098644774927 2136 3 1224979098644774928 0 2 31 2 1224979098644774928 0 2106 2 1224979098644774927 1 2105 2 1224979098644774926 1 3 0 3 0 2133 2 144115188075856473 1224979098644774913 2106 2 144115188075856472 1224979098644774926 2106 2 144115188075856471 1224979098644774927 4 0 2147483678 2 144115188075856472 0 2105 2 144115188075856471 144115188075856472 2133 2 144115188075856472 0 5 0 2147483678 2 144115188075856471 0 2105 2 144115188075856472 144115188075856471 2133 2 144115188075856471 0 3 0 927 2 144115188075856487 144115188075856472 927 2 144115188075856483 144115188075856471 3 0 2133 2 72057594037927936 144115188075856471 920 2 144115188075856484 216172782113787976 2133 2 72057594037927936 144115188075856472 920 2 144115188075856488 216172782113787976 2133 2 72057594037927936 144115188075856473 920 2 144115188075856492 216172782113787976 3 0 5 0 31 2 1224979098644774912 144115188075856485 4 0 31 2 144115188075856480 1 2147483679 2 1224979098644774913 144115188075856474 927 2 144115188075856485 144115188075856474 5 0 4 0 2147483678 2 1224979098644774913 144115188075856474 2121 3 1224979098644774925 144115188075856474 1224979098644774913 4 0 31 2 144115188075856481 1 2133 2 1224979098644774926 0 2133 2 1224979098644774927 1224979098644774925 5 0 31 2 144115188075856482 1 2133 2 1224979098644774926 1224979098644774925 2133 2 1224979098644774927 0 5 0 2123 3 1224979098644774926 1224979098644774925 2 2121 3 1224979098644774927 1224979098644774925 1224979098644774926 4 0 2147483679 2 1224979098644774926 1224979098644774927 2136 3 1224979098644774928 0 2 31 2 1224979098644774928 0 2106 2 1224979098644774927 1 2105 2 1224979098644774926 1 3 0 3 0 2133 2 144115188075856474 1224979098644774913 2105 2 144115188075856475 1224979098644774926 2105 2 144115188075856476 1224979098644774927 4 0 32 2 144115188075856475 100 2121 3 1224979098644774925 144115188075856475 100 2105 2 144115188075856476 1224979098644774925 2133 2 144115188075856475 100 5 0 32 2 144115188075856476 100 2121 3 1224979098644774925 144115188075856476 100 2105 2 144115188075856475 1224979098644774925 2133 2 144115188075856476 100 3 0 927 2 144115188075856489 144115188075856475 927 2 144115188075856493 144115188075856476 5 0 32 2 1224979098644774913 144115188075856474 2121 3 1224979098644774925 1224979098644774913 144115188075856474 4 0 31 2 144115188075856481 1 2133 2 1224979098644774926 0 2133 2 1224979098644774927 1224979098644774925 5 0 31 2 144115188075856482 1 2133 2 1224979098644774926 1224979098644774925 2133 2 1224979098644774927 0 5 0 2123 3 1224979098644774926 1224979098644774925 2 2121 3 1224979098644774927 1224979098644774925 1224979098644774926 4 0 2147483679 2 1224979098644774926 1224979098644774927 2136 3 1224979098644774928 0 2 31 2 1224979098644774928 0 2106 2 1224979098644774927 1 2105 2 1224979098644774926 1 3 0 3 0 2133 2 144115188075856474 1224979098644774913 2106 2 144115188075856475 1224979098644774926 2106 2 144115188075856476 1224979098644774927 4 0 2147483678 2 144115188075856475 0 2105 2 144115188075856476 144115188075856475 2133 2 144115188075856475 0 5 0 2147483678 2 144115188075856476 0 2105 2 144115188075856475 144115188075856476 2133 2 144115188075856476 0 3 0 927 2 144115188075856489 144115188075856475 927 2 144115188075856493 144115188075856476 3 0 2133 2 72057594037927936 144115188075856474 920 2 144115188075856486 216172782113787976 2133 2 72057594037927936 144115188075856475 920 2 144115188075856490 216172782113787976 2133 2 72057594037927936 144115188075856476 920 2 144115188075856494 216172782113787976 3 0 5 0 31 2 1224979098644774912 144115188075856489 4 0 31 2 144115188075856481 1 2147483679 2 1224979098644774913 144115188075856475 927 2 144115188075856489 144115188075856475 5 0 4 0 2147483678 2 1224979098644774913 144115188075856475 2121 3 1224979098644774925 144115188075856475 1224979098644774913 4 0 31 2 144115188075856480 1 2133 2 1224979098644774926 0 2133 2 1224979098644774927 1224979098644774925 5 0 31 2 144115188075856482 1 2133 2 1224979098644774926 1224979098644774925 2133 2 1224979098644774927 0 5 0 2123 3 1224979098644774926 1224979098644774925 2 2121 3 1224979098644774927 1224979098644774925 1224979098644774926 4 0 2147483679 2 1224979098644774926 1224979098644774927 2136 3 1224979098644774928 0 2 31 2 1224979098644774928 0 2106 2 1224979098644774927 1 2105 2 1224979098644774926 1 3 0 3 0 2133 2 144115188075856475 1224979098644774913 2105 2 144115188075856474 1224979098644774926 2105 2 144115188075856476 1224979098644774927 4 0 32 2 144115188075856474 100 2121 3 1224979098644774925 144115188075856474 100 2105 2 144115188075856476 1224979098644774925 2133 2 144115188075856474 100 5 0 32 2 144115188075856476 100 2121 3 1224979098644774925 144115188075856476 100 2105 2 144115188075856474 1224979098644774925 2133 2 144115188075856476 100 3 0 927 2 144115188075856485 144115188075856474 927 2 144115188075856493 144115188075856476 5 0 32 2 1224979098644774913 144115188075856475 2121 3 1224979098644774925 1224979098644774913 144115188075856475 4 0 31 2 144115188075856480 1 2133 2 1224979098644774926 0 2133 2 1224979098644774927 1224979098644774925 5 0 31 2 144115188075856482 1 2133 2 1224979098644774926 1224979098644774925 2133 2 1224979098644774927 0 5 0 2123 3 1224979098644774926 1224979098644774925 2 2121 3 1224979098644774927 1224979098644774925 1224979098644774926 4 0 2147483679 2 1224979098644774926 1224979098644774927 2136 3 1224979098644774928 0 2 31 2 1224979098644774928 0 2106 2 1224979098644774927 1 2105 2 1224979098644774926 1 3 0 3 0 2133 2 144115188075856475 1224979098644774913 2106 2 144115188075856474 1224979098644774926 2106 2 144115188075856476 1224979098644774927 4 0 2147483678 2 144115188075856474 0 2105 2 144115188075856476 144115188075856474 2133 2 144115188075856474 0 5 0 2147483678 2 144115188075856476 0 2105 2 144115188075856474 144115188075856476 2133 2 144115188075856476 0 3 0 927 2 144115188075856485 144115188075856474 927 2 144115188075856493 144115188075856476 3 0 2133 2 72057594037927936 144115188075856474 920 2 144115188075856486 216172782113787976 2133 2 72057594037927936 144115188075856475 920 2 144115188075856490 216172782113787976 2133 2 72057594037927936 144115188075856476 920 2 144115188075856494 216172782113787976 3 0 5 0 31 2 1224979098644774912 144115188075856493 4 0 31 2 144115188075856482 1 2147483679 2 1224979098644774913 144115188075856476 927 2 144115188075856493 144115188075856476 5 0 4 0 2147483678 2 1224979098644774913 144115188075856476 2121 3 1224979098644774925 144115188075856476 1224979098644774913 4 0 31 2 144115188075856481 1 2133 2 1224979098644774926 0 2133 2 1224979098644774927 1224979098644774925 5 0 31 2 144115188075856480 1 2133 2 1224979098644774926 1224979098644774925 2133 2 1224979098644774927 0 5 0 2123 3 1224979098644774926 1224979098644774925 2 2121 3 1224979098644774927 1224979098644774925 1224979098644774926 4 0 2147483679 2 1224979098644774926 1224979098644774927 2136 3 1224979098644774928 0 2 31 2 1224979098644774928 0 2106 2 1224979098644774927 1 2105 2 1224979098644774926 1 3 0 3 0 2133 2 144115188075856476 1224979098644774913 2105 2 144115188075856475 1224979098644774926 2105 2 144115188075856474 1224979098644774927 4 0 32 2 144115188075856475 100 2121 3 1224979098644774925 144115188075856475 100 2105 2 144115188075856474 1224979098644774925 2133 2 144115188075856475 100 5 0 32 2 144115188075856474 100 2121 3 1224979098644774925 144115188075856474 100 2105 2 144115188075856475 1224979098644774925 2133 2 144115188075856474 100 3 0 927 2 144115188075856489 144115188075856475 927 2 144115188075856485 144115188075856474 5 0 32 2 1224979098644774913 144115188075856476 2121 3 1224979098644774925 1224979098644774913 144115188075856476 4 0 31 2 144115188075856481 1 2133 2 1224979098644774926 0 2133 2 1224979098644774927 1224979098644774925 5 0 31 2 144115188075856480 1 2133 2 1224979098644774926 1224979098644774925 2133 2 1224979098644774927 0 5 0 2123 3 1224979098644774926 1224979098644774925 2 2121 3 1224979098644774927 1224979098644774925 1224979098644774926 4 0 2147483679 2 1224979098644774926 1224979098644774927 2136 3 1224979098644774928 0 2 31 2 1224979098644774928 0 2106 2 1224979098644774927 1 2105 2 1224979098644774926 1 3 0 3 0 2133 2 144115188075856476 1224979098644774913 2106 2 144115188075856475 1224979098644774926 2106 2 144115188075856474 1224979098644774927 4 0 2147483678 2 144115188075856475 0 2105 2 144115188075856474 144115188075856475 2133 2 144115188075856475 0 5 0 2147483678 2 144115188075856474 0 2105 2 144115188075856475 144115188075856474 2133 2 144115188075856474 0 3 0 927 2 144115188075856489 144115188075856475 927 2 144115188075856485 144115188075856474 3 0 2133 2 72057594037927936 144115188075856474 920 2 144115188075856486 216172782113787976 2133 2 72057594037927936 144115188075856475 920 2 144115188075856490 216172782113787976 2133 2 72057594037927936 144115188075856476 920 2 144115188075856494 216172782113787976 3 0 5 0 31 2 1224979098644774912 144115188075856501 2133 2 144115188075856507 1 2133 2 1224979098644774929 144115188075856466 4 0 31 2 144115188075856503 0 2133 2 1224979098644774930 37 1261 1 1224979098644774929 1 8 61 0 144115188075856505 144115188075856471 144115188075856472 144115188075856473 0 1 1 8 61 16 144115188075856506 144115188075856474 144115188075856475 144115188075856476 0 0 5 0 31 2 144115188075856503 1 2133 2 1224979098644774930 38 1261 1 1224979098644774929 1 8 61 0 144115188075856505 144115188075856471 144115188075856472 144115188075856473 1 1 1 8 61 16 144115188075856506 144115188075856474 144115188075856475 144115188075856476 0 0 3 0 1911 1 1224979098644774930 2060 1 6 1910 1 1224979098644774929 2048 0 902 1 0 5 0 31 2 1224979098644774912 144115188075856502 902 1 0 3 0 
-63.000000  17 2071 1 1224979098644774912 2072 1 1224979098644774913 1073741855 2 1224979098644774912 144115188075856483 1073741855 2 1224979098644774912 144115188075856487 1073741855 2 1224979098644774912 144115188075856491 1073741855 2 1224979098644774912 144115188075856485 1073741855 2 1224979098644774912 144115188075856489 31 2 1224979098644774912 144115188075856493 4 0 31 2 1224979098644774913 1 4 0 31 2 1224979098644774912 144115188075856508 2133 2 144115188075856508 -1 3 0 5 0 2133 2 144115188075856508 1224979098644774912 3 0 
-61.000000  69 4 0 1073741895 1 1 71 1 248 902 1 0 5 0 71 1 225 2147483679 2 144115188075856508 -1 4 0 31 2 144115188075856508 144115188075856483 4 0 31 2 144115188075856477 0 2133 2 144115188075856477 1 2133 2 144115188075856478 0 2133 2 144115188075856479 0 5 0 2133 2 144115188075856477 0 3 0 5 0 31 2 144115188075856508 144115188075856487 4 0 31 2 144115188075856478 0 2133 2 144115188075856477 0 2133 2 144115188075856478 1 2133 2 144115188075856479 0 5 0 2133 2 144115188075856478 0 3 0 5 0 31 2 144115188075856508 144115188075856491 4 0 31 2 144115188075856479 0 2133 2 144115188075856477 0 2133 2 144115188075856478 0 2133 2 144115188075856479 1 5 0 2133 2 144115188075856479 0 3 0 5 0 31 2 144115188075856508 144115188075856485 4 0 31 2 144115188075856480 0 2133 2 144115188075856480 1 2133 2 144115188075856481 0 2133 2 144115188075856482 0 5 0 2133 2 144115188075856480 0 3 0 5 0 31 2 144115188075856508 144115188075856489 4 0 31 2 144115188075856481 0 2133 2 144115188075856480 0 2133 2 144115188075856481 1 2133 2 144115188075856482 0 5 0 2133 2 144115188075856481 0 3 0 5 0 31 2 144115188075856508 144115188075856493 4 0 31 2 144115188075856482 0 2133 2 144115188075856480 0 2133 2 144115188075856481 0 2133 2 144115188075856482 1 5 0 2133 2 144115188075856482 0 3 0 3 0 3 0 


prsnt_name_kingdom 0 236 2
-60.000000  64 2124 1 1000 4 0 2147483681 3 144115188075856082 1 10 2133 2 144115188075856082 1 1106 1 1585267068834414606 3 0 2120 3 1224979098644774912 216172782113788488 144115188075856082 2320 2 1 1224979098644774912 910 3 72057594037927937 216172782113788488 16 729 2 1 500 730 2 1 500 926 2 72057594037927937 1 919 1 144115188075856509 729 2 1 400 730 2 1 400 926 2 144115188075856509 1 2133 2 144115188075856510 -1 4 0 31 2 144115188075856082 1 4 0 2117 3 1224979098644774913 144115188075856299 1 31 2 1224979098644774913 1 2335 2 7 25 5 0 542 3 25 223 1 2147483679 2 144115188075856311 -1 2323 2 1 0 2320 2 7 1585267068834414607 5 0 542 3 25 223 1 2320 2 7 1585267068834414608 5 0 33 3 144115188075856298 21 73 2330 2 7 144115188075856298 2320 2 7 1585267068834414609 5 0 2322 2 0 0 2320 2 7 216172782113787921 3 0 31 2 144115188075856082 1 912 3 144115188075856510 216172782113783861 16 729 2 1 500 730 2 1 300 926 2 144115188075856510 1 1277 2 1224979098644774914 144115188075856921 921 2 144115188075856510 1224979098644774914 5 0 31 2 144115188075856082 2 2330 2 7 144115188075856298 5 0 1073741855 2 144115188075856082 3 31 2 144115188075856082 6 2330 2 7 144115188075855925 5 0 1073741855 2 144115188075856082 7 31 2 144115188075856082 4 2323 2 7 144115188075855932 3 0 920 2 144115188075856509 7 912 3 144115188075856511 1585267068834414610 16 729 2 1 500 730 2 1 150 926 2 144115188075856511 1 902 1 999999 
-62.000000  52 2071 1 1224979098644774912 4 0 31 2 1224979098644774912 144115188075856509 2320 2 7 0 5 0 31 2 1224979098644774912 144115188075856511 4 0 31 2 144115188075856082 1 1275 2 25 7 2114 2 144115188075856299 1 5 0 31 2 144115188075856082 3 1669 2 144115188075855925 7 5 0 31 2 144115188075856082 6 1669 2 144115188075855925 7 1 3 209 144115188075856177 -5 1907 0 5 0 31 2 144115188075856082 2 4 0 1507 1 144115188075855985 2170 3 1224979098644774913 7 144115188075855985 2121 3 1224979098644774913 12 1224979098644774913 2107 2 1224979098644774913 -1 1 3 209 144115188075856298 1224979098644774913 3 0 1669 2 144115188075856298 7 2114 2 144115188075856299 2 5 0 31 2 144115188075856082 4 1501 2 144115188075855932 7 1502 2 144115188075855932 7 4 0 540 3 144115188075855932 2 2 2173 2 1224979098644774914 144115188075855932 1 3 170 144115188075855932 1224979098644774914 3 0 5 0 31 2 144115188075856082 7 1501 2 144115188075855932 7 1502 2 144115188075855932 7 3 0 902 1 0 5 0 31 2 1224979098644774912 144115188075856510 31 2 144115188075856082 1 2133 2 144115188075855914 9 2133 2 144115188075856143 6 2133 2 144115188075856082 0 900 1 7 3 0 


prsnt_change_color 0 236 2
-60.000000  172 902 1 999999 2124 1 1000 916 1 144115188075856512 729 2 1 500 730 2 1 680 926 2 144115188075856512 1 4 0 31 2 144115188075856082 0 2133 2 1224979098644774912 0 7 3 1224979098644774913 25 53 542 3 1224979098644774913 14 0 500 3 2087 1224979098644774912 1224979098644774913 2335 2 0 1224979098644774913 931 2 144115188075856512 0 2105 2 1224979098644774912 1 3 0 927 2 144115188075856512 144115188075855914 500 3 2088 0 11184810 500 3 2088 1 8947848 500 3 2088 2 16777215 500 3 2088 3 13537862 500 3 2088 4 6992639 500 3 2088 5 4481698 500 3 2088 6 12069193 500 3 2088 7 96623 500 3 2088 8 16656546 500 3 2088 9 15539236 500 3 2088 10 5905424 500 3 2088 11 2181161 500 3 2088 12 3562239 500 3 2088 13 14082950 500 3 2088 14 3735445 500 3 2088 15 7031139 500 3 2088 16 3473426 500 3 2088 17 16735232 500 3 2088 18 2396929 500 3 2088 18 1694304 500 3 2088 19 15539236 520 3 1224979098644774913 2087 144115188075855914 2335 2 0 1224979098644774913 1277 2 1224979098644774914 1224979098644774913 5 0 31 2 144115188075856082 2 931 2 144115188075856512 216172782113786713 931 2 144115188075856512 216172782113786714 7 3 1224979098644774915 0 9 2346 2 0 1224979098644774915 931 2 144115188075856512 0 3 0 520 3 1224979098644774915 2087 144115188075855914 2346 2 0 1224979098644774915 5 0 31 2 144115188075856082 1 947 2 144115188075856512 0 520 3 1224979098644774916 144115188075855932 13 2106 2 1224979098644774916 243 520 3 1224979098644774914 2100 1224979098644774916 2133 2 144115188075855914 1224979098644774916 2105 2 1224979098644774916 270 911 1 72057594037927936 926 2 72057594037927936 1 3 0 4 0 30 2 144115188075856082 1 2120 3 1224979098644774917 144115188075856082 216172782113788574 2320 2 0 1224979098644774917 3 0 910 3 72057594037927937 216172782113788574 16 729 2 1 500 730 2 1 600 926 2 72057594037927937 1 911 2 144115188075856513 239 729 2 1 450 730 2 1 480 926 2 144115188075856513 1 729 2 1 5000 730 2 1 5000 925 2 144115188075856513 1 921 2 144115188075856513 1224979098644774914 729 2 1 500 914 3 144115188075856514 0 255 730 2 1 400 926 2 144115188075856514 1 914 3 144115188075856515 0 255 730 2 1 350 926 2 144115188075856515 1 914 3 144115188075856516 0 255 730 2 1 300 926 2 144115188075856516 1 2119 3 1224979098644774918 1224979098644774914 256 2108 2 1224979098644774914 256 2119 3 1224979098644774919 1224979098644774914 256 2108 2 1224979098644774914 256 2119 3 1224979098644774920 1224979098644774914 256 927 2 144115188075856514 1224979098644774920 927 2 144115188075856515 1224979098644774919 927 2 144115188075856516 1224979098644774918 729 2 1 650 942 3 144115188075856517 0 256 730 2 1 400 926 2 144115188075856517 1 942 3 144115188075856518 0 256 730 2 1 350 926 2 144115188075856518 1 942 3 144115188075856519 0 256 730 2 1 300 926 2 144115188075856519 1 927 2 144115188075856517 1224979098644774920 927 2 144115188075856518 1224979098644774919 927 2 144115188075856519 1224979098644774918 2133 2 72057594037927938 1224979098644774920 2133 2 72057594037927939 1224979098644774919 2133 2 72057594037927940 1224979098644774918 729 2 1 330 910 3 72057594037927937 1585267068834414611 16 730 2 1 400 926 2 72057594037927937 1 910 3 72057594037927937 1585267068834414612 16 730 2 1 350 926 2 72057594037927937 1 910 3 72057594037927937 1585267068834414613 16 730 2 1 300 926 2 72057594037927937 1 2320 2 0 216172782113788172 910 3 144115188075856520 216172782113788572 16 729 2 1 500 730 2 1 450 926 2 144115188075856520 1 1 4 536 72057594037927938 72057594037927939 72057594037927940 920 2 144115188075856520 216172782113788572 940 2 144115188075856521 216172782113786652 729 2 1 420 730 2 1 230 926 2 144115188075856521 1 940 2 144115188075856522 216172782113783833 729 2 1 580 730 2 1 230 926 2 144115188075856522 1 911 2 72057594037927937 239 729 2 1 138 730 2 1 78 926 2 72057594037927937 1 729 2 1 36100 730 2 1 6100 925 2 72057594037927937 1 921 2 72057594037927937 0 2133 2 1224979098644774921 140 2133 2 1224979098644774922 80 6 3 1224979098644774923 0 216 913 3 72057594037927937 239 239 729 2 1 1224979098644774921 730 2 1 1224979098644774922 926 2 72057594037927937 1 729 2 1 900 730 2 1 900 925 2 72057594037927937 1 2133 2 1224979098644774924 1224979098644774923 1 2 537 1224979098644774924 2133 2 1224979098644774925 72057594037927936 921 2 72057594037927937 1224979098644774925 2105 2 1224979098644774921 20 4 0 31 2 1224979098644774921 860 2133 2 1224979098644774921 140 2105 2 1224979098644774922 20 3 0 500 3 2089 1224979098644774923 72057594037927937 3 0 940 2 144115188075856523 216172782113786653 729 2 1 900 730 2 1 25 926 2 144115188075856523 1 
-62.000000  121 2071 1 1224979098644774912 2072 1 1224979098644774913 4 0 31 2 1224979098644774912 144115188075856512 2133 2 144115188075855914 1224979098644774913 900 1 7 5 0 1073741855 2 1224979098644774912 144115188075856514 31 2 1224979098644774912 144115188075856517 927 2 144115188075856514 1224979098644774913 927 2 144115188075856517 1224979098644774913 2133 2 72057594037927938 1224979098644774913 1 4 535 72057594037927938 72057594037927939 72057594037927940 2133 2 1224979098644774914 72057594037927936 921 2 144115188075856513 1224979098644774914 520 3 1224979098644774915 2087 144115188075855914 2335 2 0 1224979098644774915 1276 2 1224979098644774915 1224979098644774914 1 4 536 72057594037927938 72057594037927939 72057594037927940 920 2 144115188075856520 216172782113788572 5 0 1073741855 2 1224979098644774912 144115188075856515 31 2 1224979098644774912 144115188075856518 927 2 144115188075856515 1224979098644774913 927 2 144115188075856518 1224979098644774913 2133 2 72057594037927939 1224979098644774913 1 4 535 72057594037927938 72057594037927939 72057594037927940 2133 2 1224979098644774914 72057594037927936 921 2 144115188075856513 1224979098644774914 520 3 1224979098644774915 2087 144115188075855914 2335 2 0 1224979098644774915 1276 2 1224979098644774915 1224979098644774914 1 4 536 72057594037927938 72057594037927939 72057594037927940 920 2 144115188075856520 216172782113788572 5 0 1073741855 2 1224979098644774912 144115188075856516 31 2 1224979098644774912 144115188075856519 927 2 144115188075856516 1224979098644774913 927 2 144115188075856519 1224979098644774913 2133 2 72057594037927940 1224979098644774913 1 1 538 5 0 31 2 1224979098644774912 144115188075856521 520 3 1224979098644774915 2087 144115188075855914 2335 2 0 1224979098644774915 520 3 1224979098644774916 2088 144115188075855914 4 0 31 2 144115188075856082 0 1276 2 1224979098644774915 1224979098644774916 5 0 31 2 144115188075856082 2 500 3 113 144115188075855914 1224979098644774916 5 0 31 2 144115188075856082 1 500 3 2100 144115188075855914 1224979098644774916 3 0 921 2 144115188075856513 1224979098644774916 2119 3 1224979098644774917 1224979098644774916 256 2108 2 1224979098644774916 256 2119 3 1224979098644774918 1224979098644774916 256 2108 2 1224979098644774916 256 2119 3 1224979098644774919 1224979098644774916 256 927 2 144115188075856514 1224979098644774919 927 2 144115188075856515 1224979098644774918 927 2 144115188075856516 1224979098644774917 927 2 144115188075856517 1224979098644774919 927 2 144115188075856518 1224979098644774918 927 2 144115188075856519 1224979098644774917 2133 2 72057594037927938 1224979098644774919 2133 2 72057594037927939 1224979098644774918 2133 2 72057594037927940 1224979098644774917 1 4 536 72057594037927938 72057594037927939 72057594037927940 920 2 144115188075856520 216172782113788572 5 0 31 2 1224979098644774912 144115188075856522 2136 3 72057594037927938 0 256 2136 3 72057594037927939 0 256 2136 3 72057594037927940 0 256 927 2 144115188075856514 72057594037927938 927 2 144115188075856515 72057594037927939 927 2 144115188075856516 72057594037927940 927 2 144115188075856517 72057594037927938 927 2 144115188075856518 72057594037927939 927 2 144115188075856519 72057594037927940 1 1 538 5 0 31 2 1224979098644774912 144115188075856523 4 0 32 2 144115188075856143 0 900 1 144115188075856143 5 0 902 1 0 3 0 5 0 6 3 1224979098644774920 0 216 540 3 2089 1224979098644774920 1224979098644774912 2133 2 1224979098644774914 1224979098644774920 1 2 537 1224979098644774914 2133 2 1224979098644774921 72057594037927936 520 3 1224979098644774915 2087 144115188075855914 2335 2 0 1224979098644774915 1276 2 1224979098644774915 1224979098644774921 921 2 144115188075856513 1224979098644774921 2119 3 1224979098644774917 1224979098644774921 256 2108 2 1224979098644774921 256 2119 3 1224979098644774918 1224979098644774921 256 2108 2 1224979098644774921 256 2119 3 1224979098644774919 1224979098644774921 256 927 2 144115188075856514 1224979098644774919 927 2 144115188075856515 1224979098644774918 927 2 144115188075856516 1224979098644774917 927 2 144115188075856517 1224979098644774919 927 2 144115188075856518 1224979098644774918 927 2 144115188075856519 1224979098644774917 2133 2 72057594037927938 1224979098644774919 2133 2 72057594037927939 1224979098644774918 2133 2 72057594037927940 1224979098644774917 1 4 536 72057594037927938 72057594037927939 72057594037927940 920 2 144115188075856520 216172782113788572 3 0 3 0 


prsnt_banner_selection 0 236 3
-60.000000  63 2124 1 1000 4 0 31 2 144115188075856182 0 2320 2 1 216172782113784235 5 0 2322 2 0 144115188075856182 2320 2 1 1585267068834414614 3 0 910 3 72057594037927937 1 16 729 2 1 500 730 2 1 670 926 2 72057594037927937 1 920 2 72057594037927937 1 2319 1 0 910 3 72057594037927937 0 8192 729 2 1 50 730 2 1 50 926 2 72057594037927937 1 729 2 1 850 730 2 1 585 929 2 72057594037927937 1 945 1 72057594037927937 2133 2 1224979098644774912 312 2133 2 1224979098644774913 270 4 0 31 2 144115188075856182 2346 2133 2 1224979098644774912 340 2133 2 1224979098644774913 312 3 0 2121 3 1224979098644774914 1224979098644774912 1224979098644774913 2123 3 1224979098644774915 1224979098644774914 12 2119 3 1224979098644774916 1224979098644774914 12 2110 2 1224979098644774916 1 2105 2 1224979098644774915 1224979098644774916 2122 3 1224979098644774917 1224979098644774915 150 2106 2 1224979098644774917 15 2133 2 1224979098644774918 40 520 3 1224979098644774919 144115188075856182 13 2133 2 144115188075856510 0 6 3 1224979098644774920 1224979098644774913 1224979098644774912 913 3 72057594037927937 1224979098644774920 1224979098644774920 4 0 2121 3 1224979098644774921 1224979098644774920 270 2105 2 1224979098644774921 243 31 2 1224979098644774919 1224979098644774921 922 2 72057594037927937 153 1106 1 1585267068834414615 3 0 729 2 1 1224979098644774918 730 2 1 1224979098644774917 926 2 72057594037927937 1 729 2 1 60 730 2 1 60 925 2 72057594037927937 1 500 3 2087 144115188075856510 72057594037927937 500 3 2088 144115188075856510 1224979098644774920 2105 2 144115188075856510 1 2105 2 1224979098644774918 70 30 2 1224979098644774918 880 2133 2 1224979098644774918 40 2106 2 1224979098644774917 150 3 0 902 1 999999 
-62.000000  35 2071 1 1224979098644774912 6 3 1224979098644774913 0 144115188075856510 540 3 2087 1224979098644774913 1224979098644774912 520 3 1224979098644774914 2088 1224979098644774913 2121 3 1224979098644774915 1224979098644774914 270 2120 3 1224979098644774916 1224979098644774915 112 2120 3 1224979098644774917 1224979098644774915 243 500 3 144115188075856182 13 1224979098644774917 4 0 33 3 144115188075856182 781 1051 520 3 1224979098644774918 144115188075856182 10 32 2 1224979098644774918 0 132 1 1224979098644774918 1677 2 1224979098644774918 1224979098644774916 5 0 31 2 144115188075856182 2346 2120 3 1224979098644774919 215 13 520 3 1224979098644774920 2090 1224979098644774919 2173 2 1224979098644774921 1224979098644774920 1 3 789 1224979098644774920 1224979098644774921 5 0 31 2 144115188075856182 0 1677 2 0 1224979098644774916 4 0 31 2 144115188075856921 25 1 3 879 1224979098644774914 144115188075856921 3 0 3 0 4 0 32 2 144115188075856143 0 900 1 144115188075856143 5 0 902 1 0 3 0 3 0 
-61.000000  14 4 0 1073741895 1 57 1073741895 1 28 1073741895 1 1 1073741895 1 14 1073741895 1 252 71 1 253 4 0 32 2 144115188075856143 0 900 1 144115188075856143 5 0 902 1 0 3 0 3 0 


prsnt_custom_banner 0 236 2
-60.000000  314 2124 1 1000 520 3 1224979098644774912 144115188075856182 96 2111 2 1224979098644774912 0 500 3 144115188075856182 96 1224979098644774912 2105 2 1224979098644774912 4 520 3 1224979098644774913 144115188075856182 99 2111 2 1224979098644774913 0 500 3 144115188075856182 99 1224979098644774913 2105 2 1224979098644774913 1 4 0 560 3 144115188075856182 13 1 500 3 144115188075856182 13 -1 3 0 520 3 1224979098644774914 144115188075856182 85 520 3 1224979098644774915 144115188075856182 86 910 3 72057594037927937 216172782113783858 0 729 2 1 40 730 2 1 550 926 2 72057594037927937 1 910 3 72057594037927937 216172782113783859 0 729 2 1 40 730 2 1 500 926 2 72057594037927937 1 938 4 144115188075856524 0 28 1224979098644774914 938 4 144115188075856525 0 28 1224979098644774915 729 2 1 200 730 2 1 565 926 2 144115188075856524 1 730 2 1 515 926 2 144115188075856525 1 729 2 1 250 730 2 1 250 925 2 144115188075856524 1 925 2 144115188075856525 1 912 3 144115188075856526 216172782113783857 16 912 3 144115188075856527 216172782113783857 16 912 3 144115188075856528 216172782113783830 16 912 3 144115188075856529 216172782113783857 16 912 3 144115188075856530 216172782113783857 16 912 3 144115188075856531 216172782113783852 16 520 3 1224979098644774916 144115188075856182 97 912 3 144115188075856532 216172782113783833 16 938 4 144115188075856533 1224979098644774912 30 144115188075856182 4 0 31 2 1224979098644774913 1 938 4 144115188075856534 1224979098644774913 32 144115188075856182 5 0 31 2 1224979098644774913 2 938 4 144115188075856534 1224979098644774913 33 144115188075856182 5 0 938 4 144115188075856534 1224979098644774913 31 144115188075856182 3 0 938 4 144115188075856535 -1 29 144115188075856182 910 3 72057594037927937 216172782113783834 16 729 2 1 825 730 2 1 650 926 2 72057594037927937 1 910 3 72057594037927937 216172782113783835 16 730 2 1 500 926 2 72057594037927937 1 729 2 1 800 730 2 1 640 926 2 144115188075856533 1 729 2 1 780 730 2 1 315 926 2 144115188075856534 1 729 2 1 50 730 2 1 50 925 2 144115188075856533 1 729 2 1 50 730 2 1 50 925 2 144115188075856534 1 910 3 72057594037927937 216172782113783836 0 729 2 1 40 730 2 1 350 926 2 72057594037927937 1 2133 2 72057594037927937 1224979098644774916 910 3 72057594037927938 216172782113783817 16 729 2 1 350 730 2 1 350 926 2 72057594037927938 1 4 0 2147483678 2 1224979098644774916 4 912 3 144115188075856536 216172782113788031 16 729 2 1 385 730 2 1 350 926 2 144115188075856536 1 5 0 2133 2 144115188075856536 -1 3 0 4 0 32 2 1224979098644774916 0 912 3 144115188075856537 216172782113788032 16 729 2 1 370 730 2 1 350 926 2 144115188075856537 1 5 0 2133 2 144115188075856537 -1 3 0 4 0 30 2 1224979098644774916 1 910 3 72057594037927937 216172782113783860 16 729 2 1 300 730 2 1 300 926 2 72057594037927937 1 910 3 72057594037927937 216172782113783861 16 729 2 1 550 730 2 1 300 926 2 72057594037927937 1 912 3 144115188075856538 216172782113783845 16 730 2 1 350 729 2 1 550 926 2 144115188075856538 1 910 3 72057594037927937 216172782113783853 0 729 2 1 40 730 2 1 240 926 2 72057594037927937 1 912 3 144115188075856539 216172782113783857 0 729 2 1 310 926 2 144115188075856539 1 912 3 144115188075856540 216172782113783857 0 729 2 1 560 926 2 144115188075856540 1 520 3 1224979098644774917 144115188075856182 92 2109 2 1224979098644774917 256 2105 2 1224979098644774917 30 913 3 144115188075856541 1224979098644774917 1224979098644774917 729 2 1 260 730 2 1 255 926 2 144115188075856541 1 729 2 1 50 730 2 1 50 925 2 144115188075856541 1 520 3 1224979098644774918 144115188075856182 87 938 4 144115188075856542 0 28 1224979098644774918 729 2 1 530 730 2 1 255 926 2 144115188075856542 1 729 2 1 250 730 2 1 250 925 2 144115188075856542 1 912 3 144115188075856543 216172782113783862 0 729 2 1 700 730 2 1 240 926 2 144115188075856543 1 729 2 1 800 730 2 1 800 925 2 144115188075856543 1 912 3 144115188075856544 216172782113783863 0 729 2 1 820 730 2 1 240 926 2 144115188075856544 1 729 2 1 800 730 2 1 800 925 2 144115188075856544 1 3 0 4 0 30 2 1224979098644774916 2 910 3 72057594037927937 216172782113783854 0 729 2 1 40 730 2 1 180 926 2 72057594037927937 1 912 3 144115188075856545 216172782113783857 0 729 2 1 310 926 2 144115188075856545 1 912 3 144115188075856546 216172782113783857 0 729 2 1 560 926 2 144115188075856546 1 520 3 1224979098644774917 144115188075856182 93 2109 2 1224979098644774917 256 2105 2 1224979098644774917 30 913 3 144115188075856547 1224979098644774917 1224979098644774917 729 2 1 260 730 2 1 195 926 2 144115188075856547 1 729 2 1 50 730 2 1 50 925 2 144115188075856547 1 520 3 1224979098644774918 144115188075856182 88 938 4 144115188075856548 0 28 1224979098644774918 729 2 1 530 730 2 1 195 926 2 144115188075856548 1 729 2 1 250 730 2 1 250 925 2 144115188075856548 1 912 3 144115188075856549 216172782113783862 0 729 2 1 700 730 2 1 180 926 2 144115188075856549 1 729 2 1 800 730 2 1 800 925 2 144115188075856549 1 912 3 144115188075856550 216172782113783863 0 729 2 1 820 730 2 1 180 926 2 144115188075856550 1 729 2 1 800 730 2 1 800 925 2 144115188075856550 1 3 0 4 0 30 2 1224979098644774916 3 910 3 72057594037927937 216172782113783855 0 729 2 1 40 730 2 1 120 926 2 72057594037927937 1 912 3 144115188075856551 216172782113783857 0 729 2 1 310 926 2 144115188075856551 1 912 3 144115188075856552 216172782113783857 0 729 2 1 560 926 2 144115188075856552 1 520 3 1224979098644774917 144115188075856182 94 2109 2 1224979098644774917 256 2105 2 1224979098644774917 30 913 3 144115188075856553 1224979098644774917 1224979098644774917 729 2 1 260 730 2 1 135 926 2 144115188075856553 1 729 2 1 50 730 2 1 50 925 2 144115188075856553 1 520 3 1224979098644774918 144115188075856182 89 938 4 144115188075856554 0 28 1224979098644774918 729 2 1 530 730 2 1 135 926 2 144115188075856554 1 729 2 1 250 730 2 1 250 925 2 144115188075856554 1 912 3 144115188075856555 216172782113783862 0 729 2 1 700 730 2 1 120 926 2 144115188075856555 1 729 2 1 800 730 2 1 800 925 2 144115188075856555 1 912 3 144115188075856556 216172782113783863 0 729 2 1 820 730 2 1 120 926 2 144115188075856556 1 729 2 1 800 730 2 1 800 925 2 144115188075856556 1 3 0 4 0 30 2 1224979098644774916 4 910 3 72057594037927937 216172782113783856 0 729 2 1 40 730 2 1 60 926 2 72057594037927937 1 912 3 144115188075856557 216172782113783857 0 729 2 1 310 926 2 144115188075856557 1 912 3 144115188075856558 216172782113783857 0 729 2 1 560 926 2 144115188075856558 1 520 3 1224979098644774917 144115188075856182 95 2109 2 1224979098644774917 256 2105 2 1224979098644774917 30 913 3 144115188075856559 1224979098644774917 1224979098644774917 729 2 1 260 730 2 1 75 926 2 144115188075856559 1 729 2 1 50 730 2 1 50 925 2 144115188075856559 1 520 3 1224979098644774918 144115188075856182 90 938 4 144115188075856560 0 28 1224979098644774918 729 2 1 530 730 2 1 75 926 2 144115188075856560 1 729 2 1 250 730 2 1 250 925 2 144115188075856560 1 912 3 144115188075856561 216172782113783862 0 729 2 1 700 730 2 1 60 926 2 144115188075856561 1 729 2 1 800 730 2 1 800 925 2 144115188075856561 1 912 3 144115188075856562 216172782113783863 0 729 2 1 820 730 2 1 60 926 2 144115188075856562 1 729 2 1 800 730 2 1 800 925 2 144115188075856562 1 3 0 729 2 1 350 730 2 1 400 926 2 144115188075856535 1 729 2 1 275 730 2 1 550 926 2 144115188075856526 1 730 2 1 500 926 2 144115188075856527 1 729 2 1 175 730 2 1 600 926 2 144115188075856528 1 729 2 1 880 730 2 1 575 926 2 144115188075856529 1 730 2 1 400 926 2 144115188075856530 1 730 2 1 650 729 2 1 175 926 2 144115188075856532 1 730 2 1 20 729 2 1 850 926 2 144115188075856531 1 902 1 999999 
-62.000000  278 2071 1 1224979098644774912 520 3 1224979098644774913 144115188075856182 97 4 0 1073741855 2 1224979098644774912 144115188075856526 31 2 1224979098644774912 144115188075856524 2133 2 144115188075856143 9 2133 2 144115188075856563 85 900 1 15 5 0 1073741855 2 1224979098644774912 144115188075856527 31 2 1224979098644774912 144115188075856525 2133 2 144115188075856143 9 2133 2 144115188075856563 86 900 1 15 5 0 1073741855 2 1224979098644774912 144115188075856528 31 2 1224979098644774912 144115188075856535 2133 2 144115188075856143 9 900 1 12 5 0 31 2 1224979098644774912 144115188075856529 2133 2 144115188075856143 9 900 1 13 5 0 30 2 1224979098644774913 1 1073741855 2 1224979098644774912 144115188075856539 31 2 1224979098644774912 144115188075856541 2133 2 144115188075856143 9 2133 2 144115188075856563 92 900 1 11 5 0 30 2 1224979098644774913 1 1073741855 2 1224979098644774912 144115188075856540 31 2 1224979098644774912 144115188075856542 2133 2 144115188075856143 9 2133 2 144115188075856563 87 900 1 15 5 0 30 2 1224979098644774913 2 1073741855 2 1224979098644774912 144115188075856545 31 2 1224979098644774912 144115188075856547 2133 2 144115188075856143 9 2133 2 144115188075856563 93 900 1 11 5 0 30 2 1224979098644774913 2 1073741855 2 1224979098644774912 144115188075856546 31 2 1224979098644774912 144115188075856548 2133 2 144115188075856143 9 2133 2 144115188075856563 88 900 1 15 5 0 30 2 1224979098644774913 3 1073741855 2 1224979098644774912 144115188075856551 31 2 1224979098644774912 144115188075856553 2133 2 144115188075856143 9 2133 2 144115188075856563 94 900 1 11 5 0 30 2 1224979098644774913 3 1073741855 2 1224979098644774912 144115188075856552 31 2 1224979098644774912 144115188075856554 2133 2 144115188075856143 9 2133 2 144115188075856563 89 900 1 15 5 0 30 2 1224979098644774913 4 1073741855 2 1224979098644774912 144115188075856557 31 2 1224979098644774912 144115188075856559 2133 2 144115188075856143 9 2133 2 144115188075856563 95 900 1 11 5 0 30 2 1224979098644774913 4 1073741855 2 1224979098644774912 144115188075856558 31 2 1224979098644774912 144115188075856560 2133 2 144115188075856143 9 2133 2 144115188075856563 90 900 1 15 5 0 30 2 1224979098644774913 1 31 2 1224979098644774912 144115188075856538 2133 2 144115188075856143 9 900 1 10 5 0 31 2 1224979098644774912 144115188075856536 520 3 1224979098644774913 144115188075856182 97 2105 2 1224979098644774913 1 2112 3 1224979098644774913 0 5 500 3 144115188075856182 97 1224979098644774913 900 1 9 5 0 31 2 1224979098644774912 144115188075856537 520 3 1224979098644774913 144115188075856182 97 2106 2 1224979098644774913 1 2112 3 1224979098644774913 0 5 500 3 144115188075856182 97 1224979098644774913 900 1 9 5 0 31 2 1224979098644774912 144115188075856532 1 2 399 144115188075856182 900 1 9 5 0 31 2 1224979098644774912 144115188075856533 2133 2 144115188075856143 9 900 1 13 5 0 31 2 1224979098644774912 144115188075856534 2133 2 144115188075856143 9 900 1 14 5 0 31 2 1224979098644774912 144115188075856530 2133 2 144115188075856143 9 900 1 14 5 0 31 2 1224979098644774912 144115188075856543 520 3 1224979098644774914 144115188075856182 92 2119 3 1224979098644774915 1224979098644774914 256 2108 2 1224979098644774914 256 2119 3 1224979098644774916 1224979098644774914 2 2108 2 1224979098644774914 2 2105 2 1224979098644774916 1 2109 2 1224979098644774916 2 2107 2 1224979098644774914 2 2105 2 1224979098644774914 1224979098644774916 2107 2 1224979098644774914 256 2105 2 1224979098644774914 1224979098644774915 500 3 144115188075856182 92 1224979098644774914 900 1 9 5 0 31 2 1224979098644774912 144115188075856549 520 3 1224979098644774914 144115188075856182 93 2119 3 1224979098644774915 1224979098644774914 256 2108 2 1224979098644774914 256 2119 3 1224979098644774916 1224979098644774914 2 2108 2 1224979098644774914 2 2105 2 1224979098644774916 1 2109 2 1224979098644774916 2 2107 2 1224979098644774914 2 2105 2 1224979098644774914 1224979098644774916 2107 2 1224979098644774914 256 2105 2 1224979098644774914 1224979098644774915 500 3 144115188075856182 93 1224979098644774914 900 1 9 5 0 31 2 1224979098644774912 144115188075856555 520 3 1224979098644774914 144115188075856182 94 2119 3 1224979098644774915 1224979098644774914 256 2108 2 1224979098644774914 256 2119 3 1224979098644774916 1224979098644774914 2 2108 2 1224979098644774914 2 2105 2 1224979098644774916 1 2109 2 1224979098644774916 2 2107 2 1224979098644774914 2 2105 2 1224979098644774914 1224979098644774916 2107 2 1224979098644774914 256 2105 2 1224979098644774914 1224979098644774915 500 3 144115188075856182 94 1224979098644774914 900 1 9 5 0 31 2 1224979098644774912 144115188075856561 520 3 1224979098644774914 144115188075856182 95 2119 3 1224979098644774915 1224979098644774914 256 2108 2 1224979098644774914 256 2119 3 1224979098644774916 1224979098644774914 2 2108 2 1224979098644774914 2 2105 2 1224979098644774916 1 2109 2 1224979098644774916 2 2107 2 1224979098644774914 2 2105 2 1224979098644774914 1224979098644774916 2107 2 1224979098644774914 256 2105 2 1224979098644774914 1224979098644774915 500 3 144115188075856182 95 1224979098644774914 900 1 9 5 0 31 2 1224979098644774912 144115188075856544 520 3 1224979098644774914 144115188075856182 92 2123 3 1224979098644774916 1224979098644774914 512 2105 2 1224979098644774916 1 2109 2 1224979098644774916 2 2107 2 1224979098644774916 512 2109 2 1224979098644774914 512 2105 2 1224979098644774914 1224979098644774916 500 3 144115188075856182 92 1224979098644774914 900 1 9 5 0 31 2 1224979098644774912 144115188075856550 520 3 1224979098644774914 144115188075856182 93 2123 3 1224979098644774916 1224979098644774914 512 2105 2 1224979098644774916 1 2109 2 1224979098644774916 2 2107 2 1224979098644774916 512 2109 2 1224979098644774914 512 2105 2 1224979098644774914 1224979098644774916 500 3 144115188075856182 93 1224979098644774914 900 1 9 5 0 31 2 1224979098644774912 144115188075856556 520 3 1224979098644774914 144115188075856182 94 2123 3 1224979098644774916 1224979098644774914 512 2105 2 1224979098644774916 1 2109 2 1224979098644774916 2 2107 2 1224979098644774916 512 2109 2 1224979098644774914 512 2105 2 1224979098644774914 1224979098644774916 500 3 144115188075856182 94 1224979098644774914 900 1 9 5 0 31 2 1224979098644774912 144115188075856562 520 3 1224979098644774914 144115188075856182 95 2123 3 1224979098644774916 1224979098644774914 512 2105 2 1224979098644774916 1 2109 2 1224979098644774916 2 2107 2 1224979098644774916 512 2109 2 1224979098644774914 512 2105 2 1224979098644774914 1224979098644774916 500 3 144115188075856182 95 1224979098644774914 900 1 9 5 0 31 2 1224979098644774912 144115188075856531 520 3 1224979098644774917 144115188075856182 99 4 0 30 2 1224979098644774917 0 2105 2 1224979098644774917 109 1677 2 0 1224979098644774917 6 3 1224979098644774918 21 153 541 3 1224979098644774918 7 144115188075856182 1677 2 1224979098644774918 1224979098644774917 3 0 4 0 31 2 144115188075856182 0 542 3 25 14 0 520 3 1224979098644774919 0 13 4 0 32 2 1224979098644774919 0 2105 2 1224979098644774919 270 2106 2 1224979098644774919 243 502 3 24 12 1224979098644774919 502 3 25 12 1224979098644774919 5 0 31 2 1224979098644774919 -1 502 3 24 12 -1 502 3 25 12 -1 3 0 3 0 6 3 1224979098644774920 781 1051 2173 2 1224979098644774921 1224979098644774920 31 2 1224979098644774921 144115188075856921 542 3 144115188075856921 10 144115188075856182 1 3 789 1224979098644774920 144115188075856921 3 0 6 3 1224979098644774922 21 153 542 3 144115188075856921 10 144115188075856182 2204 2 1224979098644774923 1224979098644774922 1073742365 3 1224979098644774922 7 144115188075856182 31 2 1224979098644774923 144115188075856921 521 3 1224979098644774920 1224979098644774922 7 2120 3 1224979098644774924 200 14 6 3 1224979098644774925 200 1224979098644774924 540 3 2090 1224979098644774925 1224979098644774922 2133 2 1224979098644774924 -1 3 0 2147483679 2 1224979098644774924 -1 520 3 1224979098644774917 144115188075856182 99 2105 2 1224979098644774917 109 1677 2 1224979098644774922 1224979098644774917 5 0 541 3 1224979098644774922 7 144115188075856182 520 3 1224979098644774917 144115188075856182 99 2105 2 1224979098644774917 109 1677 2 1224979098644774922 1224979098644774917 3 0 3 0 500 3 144115188075856182 13 -1 502 3 24 12 -1 502 3 25 12 -1 902 1 0 3 0 


prsnt_banner_charge_positioning 0 236 2
-60.000000  22 2124 1 1000 910 3 72057594037927937 216172782113783846 16 729 2 1 500 730 2 1 600 926 2 72057594037927937 1 2133 2 1224979098644774912 125 2133 2 1224979098644774913 400 1 2 397 144115188075856182 2133 2 1224979098644774914 72057594037927936 2122 3 1224979098644774915 1224979098644774914 125 2106 2 1224979098644774915 25 2123 3 1224979098644774912 1224979098644774915 2 2121 3 1224979098644774912 500 1224979098644774912 6 3 1224979098644774916 0 1224979098644774914 938 4 72057594037927937 -1 35 1224979098644774916 729 2 1 1224979098644774912 730 2 1 1224979098644774913 2105 2 1224979098644774912 125 926 2 72057594037927937 1 500 3 2087 1224979098644774916 72057594037927937 3 0 902 1 999999 
-62.000000  14 2071 1 1224979098644774912 1 2 397 144115188075856182 2133 2 1224979098644774913 72057594037927936 6 3 1224979098644774914 0 1224979098644774913 540 3 2087 1224979098644774914 1224979098644774912 500 3 144115188075856182 98 1224979098644774914 2133 2 1224979098644774913 0 3 0 4 0 32 2 144115188075856143 0 900 1 144115188075856143 5 0 902 1 0 3 0 


prsnt_banner_charge_selection 0 236 2
-60.000000  25 2124 1 1000 910 3 72057594037927937 216172782113783847 16 729 2 1 500 730 2 1 650 926 2 72057594037927937 1 2133 2 1224979098644774912 100 2133 2 1224979098644774913 600 6 3 1224979098644774914 30 76 913 3 72057594037927937 1224979098644774914 1224979098644774914 729 2 1 1224979098644774912 730 2 1 1224979098644774913 2105 2 1224979098644774912 100 4 0 32 2 1224979098644774912 900 2133 2 1224979098644774912 100 2106 2 1224979098644774913 100 3 0 926 2 72057594037927937 1 729 2 1 80 730 2 1 80 925 2 72057594037927937 1 2121 3 1224979098644774915 1224979098644774914 30 500 3 2087 1224979098644774915 72057594037927937 3 0 902 1 999999 
-62.000000  14 2071 1 1224979098644774912 2133 2 1224979098644774913 76 2106 2 1224979098644774913 30 6 3 1224979098644774914 0 1224979098644774913 540 3 2087 1224979098644774914 1224979098644774912 500 3 144115188075856182 144115188075856563 1224979098644774914 2133 2 1224979098644774913 0 3 0 4 0 32 2 144115188075856143 0 900 1 144115188075856143 5 0 902 1 0 3 0 


prsnt_banner_background_selection 0 236 2
-60.000000  22 2124 1 1000 910 3 72057594037927937 216172782113783848 16 729 2 1 500 730 2 1 600 926 2 72057594037927937 1 2133 2 1224979098644774912 75 2133 2 1224979098644774913 450 6 3 1224979098644774914 6 30 2121 3 1224979098644774915 1224979098644774914 6 938 4 72057594037927937 -1 34 1224979098644774915 729 2 1 1224979098644774912 730 2 1 1224979098644774913 2105 2 1224979098644774912 125 4 0 32 2 1224979098644774912 900 2133 2 1224979098644774912 75 2106 2 1224979098644774913 125 3 0 926 2 72057594037927937 1 500 3 2087 1224979098644774915 72057594037927937 3 0 902 1 999999 
-62.000000  14 2071 1 1224979098644774912 2133 2 1224979098644774913 30 2106 2 1224979098644774913 6 6 3 1224979098644774914 0 1224979098644774913 540 3 2087 1224979098644774914 1224979098644774912 500 3 144115188075856182 91 1224979098644774914 2133 2 1224979098644774913 0 3 0 4 0 32 2 144115188075856143 0 900 1 144115188075856143 5 0 902 1 0 3 0 


prsnt_banner_flag_type_selection 0 236 2
-60.000000  21 2124 1 1000 910 3 72057594037927937 216172782113783849 16 729 2 1 500 730 2 1 600 926 2 72057594037927937 1 2133 2 1224979098644774912 435 2133 2 1224979098644774913 450 6 3 1224979098644774914 4 6 2121 3 1224979098644774915 1224979098644774914 4 500 3 144115188075856182 96 1224979098644774915 938 4 72057594037927937 1224979098644774914 30 144115188075856182 729 2 1 1224979098644774912 730 2 1 1224979098644774913 2105 2 1224979098644774912 130 926 2 72057594037927937 1 729 2 1 100 730 2 1 100 925 2 72057594037927937 1 500 3 2087 1224979098644774915 72057594037927937 3 0 902 1 999999 
-62.000000  14 2071 1 1224979098644774912 2133 2 1224979098644774913 6 2106 2 1224979098644774913 4 6 3 1224979098644774914 0 1224979098644774913 540 3 2087 1224979098644774914 1224979098644774912 500 3 144115188075856182 96 1224979098644774914 2133 2 1224979098644774913 0 3 0 4 0 32 2 144115188075856143 0 900 1 144115188075856143 5 0 902 1 0 3 0 


prsnt_banner_flag_map_type_selection 0 236 2
-60.000000  31 2124 1 1000 910 3 72057594037927937 216172782113783850 16 729 2 1 500 730 2 1 600 926 2 72057594037927937 1 520 3 1224979098644774912 144115188075856182 91 2105 2 1224979098644774912 6 2133 2 1224979098644774913 250 2133 2 1224979098644774914 150 6 3 1224979098644774915 1 4 2121 3 1224979098644774916 1224979098644774915 1 500 3 144115188075856182 99 1224979098644774916 4 0 31 2 1224979098644774915 1 938 4 72057594037927937 1224979098644774915 32 144115188075856182 5 0 31 2 1224979098644774915 2 938 4 72057594037927937 1224979098644774915 33 144115188075856182 5 0 938 4 72057594037927937 1224979098644774915 31 144115188075856182 3 0 729 2 1 1224979098644774913 730 2 1 1224979098644774914 2105 2 1224979098644774913 200 926 2 72057594037927937 1 729 2 1 100 730 2 1 100 925 2 72057594037927937 1 500 3 2087 1224979098644774916 72057594037927937 3 0 902 1 999999 
-62.000000  14 2071 1 1224979098644774912 2133 2 1224979098644774913 4 2106 2 1224979098644774913 1 6 3 1224979098644774914 0 1224979098644774913 540 3 2087 1224979098644774914 1224979098644774912 500 3 144115188075856182 99 1224979098644774914 2133 2 1224979098644774913 0 3 0 4 0 32 2 144115188075856143 0 900 1 144115188075856143 5 0 902 1 0 3 0 


prsnt_color_selection 0 236 2
-60.000000  30 2124 1 1000 910 3 72057594037927937 216172782113783851 16 729 2 1 500 730 2 1 600 926 2 72057594037927937 1 2133 2 1224979098644774912 125 2133 2 1224979098644774913 450 6 3 1224979098644774914 0 42 1 2 400 1224979098644774914 2133 2 1224979098644774915 72057594037927936 938 4 72057594037927937 0 28 1224979098644774915 729 2 1 1224979098644774912 730 2 1 1224979098644774913 2105 2 1224979098644774912 50 4 0 2119 3 1224979098644774916 1224979098644774914 7 31 2 1224979098644774916 6 2133 2 1224979098644774912 125 2106 2 1224979098644774913 50 3 0 926 2 72057594037927937 1 729 2 1 500 730 2 1 500 925 2 72057594037927937 1 2122 3 1224979098644774917 1224979098644774914 2 2120 3 1224979098644774918 1224979098644774917 1 500 3 2087 1224979098644774917 72057594037927937 500 3 2087 1224979098644774918 1224979098644774915 3 0 902 1 999999 
-62.000000  16 2071 1 1224979098644774912 2133 2 1224979098644774913 64 6 3 1224979098644774914 0 1224979098644774913 2122 3 1224979098644774915 1224979098644774914 2 540 3 2087 1224979098644774915 1224979098644774912 2120 3 1224979098644774916 1224979098644774915 1 520 3 1224979098644774917 2087 1224979098644774916 500 3 144115188075856182 144115188075856563 1224979098644774917 2133 2 1224979098644774913 0 3 0 4 0 32 2 144115188075856143 0 900 1 144115188075856143 5 0 902 1 0 3 0 


prsnt_sliders 0 0 3
-60.000000  39 2124 1 1000 914 3 144115188075856564 0 100 914 3 144115188075856565 0 100 914 3 144115188075856566 0 100 914 3 144115188075856567 0 100 2133 2 72057594037927937 25 2320 2 1 216172782113783817 910 2 144115188075856568 1 910 2 144115188075856569 1 910 2 144115188075856570 1 910 2 144115188075856571 1 2133 2 144115188075856572 25 927 2 144115188075856564 25 2133 2 144115188075856573 25 927 2 144115188075856565 25 2133 2 144115188075856574 25 927 2 144115188075856566 25 2133 2 144115188075856575 25 927 2 144115188075856567 25 729 2 1 600 730 2 1 200 926 2 144115188075856564 1 730 2 1 300 926 2 144115188075856565 1 730 2 1 400 926 2 144115188075856566 1 730 2 1 500 926 2 144115188075856567 1 729 2 1 800 730 2 1 200 926 2 144115188075856568 1 730 2 1 300 926 2 144115188075856569 1 730 2 1 400 926 2 144115188075856570 1 730 2 1 500 926 2 144115188075856571 1 729 2 1 500 925 2 144115188075856566 1 
-61.000000  0 
-62.000000  107 2071 1 1224979098644774912 2072 1 1224979098644774913 2133 2 1224979098644774914 0 4 0 31 2 1224979098644774912 144115188075856564 4 0 2147483679 2 144115188075856572 1224979098644774913 2133 2 144115188075856572 1224979098644774913 2133 2 1224979098644774914 1 3 0 5 0 31 2 1224979098644774912 144115188075856565 4 0 2147483679 2 144115188075856573 1224979098644774913 2133 2 144115188075856573 1224979098644774913 2133 2 1224979098644774914 1 3 0 5 0 31 2 1224979098644774912 144115188075856566 4 0 2147483679 2 144115188075856574 1224979098644774913 2133 2 144115188075856574 1224979098644774913 2133 2 1224979098644774914 1 3 0 5 0 31 2 1224979098644774912 144115188075856567 4 0 2147483679 2 144115188075856575 1224979098644774913 2133 2 144115188075856575 1224979098644774913 2133 2 1224979098644774914 1 3 0 3 0 4 0 31 2 1224979098644774914 1 2133 2 1224979098644774915 0 2105 2 1224979098644774915 144115188075856572 2105 2 1224979098644774915 144115188075856573 2105 2 1224979098644774915 144115188075856574 2105 2 1224979098644774915 144115188075856575 2121 3 1224979098644774916 100 1224979098644774915 2133 2 1224979098644774917 144115188075856572 2133 2 1224979098644774918 144115188075856573 2133 2 1224979098644774919 144115188075856574 2133 2 1224979098644774920 144115188075856575 2133 2 1224979098644774921 1 2133 2 1224979098644774922 0 2133 2 1224979098644774923 100 4 0 2147483678 2 1224979098644774916 0 2107 2 1224979098644774916 -1 2133 2 1224979098644774921 -1 2133 2 1224979098644774922 1 2133 2 1224979098644774923 101 3 0 2121 3 1224979098644774924 1224979098644774915 1224979098644774913 2105 2 1224979098644774924 30 6 3 1224979098644774925 0 1224979098644774916 2136 3 1224979098644774926 0 1224979098644774924 4 0 2147483679 2 1224979098644774912 144115188075856564 2106 2 1224979098644774926 144115188075856572 2106 2 1224979098644774926 10 2147483678 2 1224979098644774926 0 33 3 1224979098644774917 1224979098644774922 1224979098644774923 2105 2 1224979098644774917 1224979098644774921 5 0 2147483679 2 1224979098644774912 144115188075856565 2106 2 1224979098644774926 144115188075856573 2106 2 1224979098644774926 10 2147483678 2 1224979098644774926 0 33 3 1224979098644774918 1224979098644774922 1224979098644774923 2105 2 1224979098644774918 1224979098644774921 5 0 2147483679 2 1224979098644774912 144115188075856566 2106 2 1224979098644774926 144115188075856574 2106 2 1224979098644774926 10 2147483678 2 1224979098644774926 0 33 3 1224979098644774919 1224979098644774922 1224979098644774923 2105 2 1224979098644774919 1224979098644774921 5 0 33 3 1224979098644774920 1224979098644774922 1224979098644774923 2105 2 1224979098644774920 1224979098644774921 5 0 2105 2 1224979098644774916 1 3 0 3 0 2133 2 144115188075856572 1224979098644774917 2133 2 144115188075856573 1224979098644774918 2133 2 144115188075856574 1224979098644774919 2133 2 144115188075856575 1224979098644774920 3 0 927 2 144115188075856564 144115188075856572 927 2 144115188075856565 144115188075856573 927 2 144115188075856566 144115188075856574 927 2 144115188075856567 144115188075856575 2133 2 72057594037927937 144115188075856572 2320 2 1 216172782113783817 920 2 144115188075856568 1 2133 2 72057594037927937 144115188075856573 2320 2 1 216172782113783817 920 2 144115188075856569 1 2133 2 72057594037927937 144115188075856574 2320 2 1 216172782113783817 920 2 144115188075856570 1 2133 2 72057594037927937 144115188075856575 2320 2 1 216172782113783817 920 2 144115188075856571 1 


prsnt_arena_training 3 0 2
-60.000000  17 902 1 999999 2124 1 1000 1700 1 1224979098644774912 1723 3 72057594037927937 1224979098644774912 1 2320 2 1 1585267068834414616 910 2 144115188075856576 1 921 2 144115188075856576 16777215 729 2 1 10 730 2 1 700 926 2 144115188075856576 1 2133 2 72057594037927937 0 2320 2 1 1585267068834414617 910 2 144115188075856577 1 921 2 144115188075856577 16777215 729 2 1 10 730 2 1 670 926 2 144115188075856577 1 
-61.000000  14 1700 1 1224979098644774912 1723 3 72057594037927937 1224979098644774912 1 2320 2 1 1585267068834414618 920 2 144115188075856576 1 2133 2 1224979098644774913 144115188075856423 12 1 1224979098644774914 1704 1 1224979098644774914 2147485350 1 1224979098644774914 2147483679 2 1224979098644774914 1224979098644774912 2106 2 1224979098644774913 1 3 0 2133 2 72057594037927937 1224979098644774913 2320 2 1 1585267068834414619 920 2 144115188075856577 1 


prsnt_retirement 0 236 2
-60.000000  640 902 1 999999 2124 1 1000 912 3 144115188075856578 1585267068834414620 16 912 3 144115188075856579 1585267068834414621 16 729 2 1 500 730 2 1 80 926 2 144115188075856578 1 730 2 1 40 926 2 144115188075856579 1 2133 2 1224979098644774912 0 2149 2 1224979098644774913 0 2123 3 1224979098644774914 1224979098644774913 200 2105 2 1224979098644774912 1224979098644774914 2133 2 1224979098644774915 0 2133 2 1224979098644774916 0 2133 2 1224979098644774917 0 2133 2 1224979098644774918 0 2133 2 1224979098644774919 0 2133 2 1224979098644774920 0 2133 2 1224979098644774921 0 6 3 1224979098644774922 21 408 521 3 1224979098644774923 1224979098644774922 0 4 0 541 3 1224979098644774922 7 0 4 0 31 2 1224979098644774923 3 2105 2 1224979098644774915 1 5 0 31 2 1224979098644774923 2 2105 2 1224979098644774916 1 5 0 2105 2 1224979098644774917 1 3 0 3 0 521 3 1224979098644774924 1224979098644774922 25 4 0 30 2 1224979098644774924 40 4 0 31 2 1224979098644774923 3 2105 2 1224979098644774918 1 5 0 31 2 1224979098644774923 4 2105 2 1224979098644774919 1 3 0 5 0 2147483680 2 1224979098644774924 -40 4 0 31 2 1224979098644774923 3 2105 2 1224979098644774920 1 5 0 31 2 1224979098644774923 4 2105 2 1224979098644774921 1 3 0 3 0 3 0 2122 3 1224979098644774925 1224979098644774915 100 2122 3 1224979098644774926 1224979098644774916 50 2122 3 1224979098644774927 1224979098644774917 20 2120 3 1224979098644774928 1224979098644774915 1224979098644774916 2105 2 1224979098644774928 1224979098644774917 2120 3 1224979098644774929 1224979098644774925 1224979098644774926 2105 2 1224979098644774929 1224979098644774927 2105 2 1224979098644774912 1224979098644774929 2122 3 1224979098644774930 1224979098644774918 20 2122 3 1224979098644774931 1224979098644774919 4 2120 3 1224979098644774932 1224979098644774918 1224979098644774919 2120 3 1224979098644774933 1224979098644774930 1224979098644774931 2105 2 1224979098644774912 1224979098644774933 2122 3 1224979098644774934 1224979098644774920 -40 2122 3 1224979098644774935 1224979098644774921 -8 2120 3 1224979098644774936 1224979098644774920 1224979098644774921 2120 3 1224979098644774937 1224979098644774934 1224979098644774935 2105 2 1224979098644774912 1224979098644774937 2133 2 1224979098644774938 0 1540 2 1224979098644774939 0 6 3 1224979098644774940 0 1224979098644774939 1541 3 1224979098644774941 0 1224979098644774940 30 2 1224979098644774941 0 2230 2 1224979098644774942 1224979098644774941 2105 2 1224979098644774938 1224979098644774942 3 0 2123 3 1224979098644774943 1224979098644774938 200 2105 2 1224979098644774912 1224979098644774943 520 3 1224979098644774944 0 7 2123 3 1224979098644774945 1224979098644774944 1 2105 2 1224979098644774912 1224979098644774945 2133 2 1224979098644774946 0 2133 2 1224979098644774947 0 6 3 1224979098644774948 781 1051 1073742364 3 1224979098644774948 2 2 540 3 1224979098644774948 2 6 1 2 206 1224979098644774948 2133 2 1224979098644774924 72057594037927936 4 0 30 2 1224979098644774924 40 2105 2 1224979098644774947 1 5 0 2147483680 2 1224979098644774924 -40 2105 2 1224979098644774946 1 3 0 3 0 2122 3 1224979098644774949 1224979098644774947 10 2105 2 1224979098644774912 1224979098644774949 2122 3 1224979098644774950 1224979098644774946 -10 2105 2 1224979098644774912 1224979098644774950 2272 1 1224979098644774951 2123 3 1224979098644774952 1224979098644774951 -1 2105 2 1224979098644774912 1224979098644774952 2122 3 1224979098644774953 144115188075856220 2 2105 2 1224979098644774912 1224979098644774953 2122 3 1224979098644774954 144115188075856223 -3 2105 2 1224979098644774912 1224979098644774954 2122 3 1224979098644774955 144115188075856924 4 2105 2 1224979098644774912 1224979098644774955 1515 2 1224979098644774956 0 2123 3 1224979098644774957 1224979098644774956 5000 2105 2 1224979098644774912 1224979098644774957 2133 2 1224979098644774958 0 2133 2 1224979098644774959 0 6 3 1224979098644774948 781 823 4 0 540 3 1224979098644774948 2 5 2105 2 1224979098644774958 1 5 0 560 3 1224979098644774948 82 1 2105 2 1224979098644774959 1 3 0 3 0 2123 3 1224979098644774960 1224979098644774958 2 2105 2 1224979098644774912 1224979098644774960 2123 3 1224979098644774961 1224979098644774959 -4 2105 2 1224979098644774912 1224979098644774961 990 1 1224979098644774962 2133 2 1224979098644774963 1224979098644774912 2107 2 1224979098644774912 1224979098644774962 2108 2 1224979098644774912 75 2107 2 1224979098644774912 1224979098644774962 2108 2 1224979098644774912 75 2121 3 1224979098644774963 1224979098644774912 1224979098644774963 2133 2 72057594037927941 1224979098644774951 2171 2 72057594037927940 0 520 3 72057594037927986 0 18 910 3 72057594037927937 1585267068834414622 16 729 2 1 700 730 2 1 700 926 2 72057594037927937 1 729 2 1 950 730 2 1 950 925 2 72057594037927937 1 910 3 72057594037927938 1585267068834414623 16 729 2 1 750 730 2 1 750 925 2 72057594037927938 1 729 2 1 850 730 2 1 670 926 2 72057594037927938 1 2133 2 72057594037927936 1224979098644774928 910 3 72057594037927937 1585267068834414624 0 729 2 1 750 730 2 1 750 925 2 72057594037927937 1 729 2 1 600 730 2 1 650 926 2 72057594037927937 1 2133 2 72057594037927936 1224979098644774929 910 3 72057594037927937 1585267068834414625 16 729 2 1 750 730 2 1 750 925 2 72057594037927937 1 729 2 1 850 730 2 1 650 926 2 72057594037927937 1 4 0 32 2 72057594037927936 0 921 2 72057594037927937 43520 3 0 2133 2 72057594037927936 1224979098644774932 910 3 72057594037927937 1585267068834414626 0 729 2 1 750 730 2 1 750 925 2 72057594037927937 1 729 2 1 600 730 2 1 630 926 2 72057594037927937 1 2133 2 72057594037927936 1224979098644774933 910 3 72057594037927937 1585267068834414625 16 729 2 1 750 730 2 1 750 925 2 72057594037927937 1 729 2 1 850 730 2 1 630 926 2 72057594037927937 1 4 0 32 2 72057594037927936 0 921 2 72057594037927937 43520 3 0 2133 2 72057594037927936 1224979098644774936 910 3 72057594037927937 1585267068834414627 0 729 2 1 750 730 2 1 750 925 2 72057594037927937 1 729 2 1 600 730 2 1 610 926 2 72057594037927937 1 2133 2 72057594037927936 1224979098644774937 910 3 72057594037927937 216172782113786615 16 729 2 1 750 730 2 1 750 925 2 72057594037927937 1 729 2 1 850 730 2 1 610 926 2 72057594037927937 1 4 0 2147483678 2 72057594037927936 0 921 2 72057594037927937 16711680 3 0 2133 2 72057594037927936 1224979098644774947 910 3 72057594037927937 1585267068834414628 0 729 2 1 750 730 2 1 750 925 2 72057594037927937 1 729 2 1 600 730 2 1 590 926 2 72057594037927937 1 2133 2 72057594037927936 1224979098644774949 910 3 72057594037927937 1585267068834414625 16 729 2 1 750 730 2 1 750 925 2 72057594037927937 1 729 2 1 850 730 2 1 590 926 2 72057594037927937 1 4 0 32 2 72057594037927936 0 921 2 72057594037927937 43520 3 0 2133 2 72057594037927936 1224979098644774946 910 3 72057594037927937 1585267068834414629 0 729 2 1 750 730 2 1 750 925 2 72057594037927937 1 729 2 1 600 730 2 1 570 926 2 72057594037927937 1 2133 2 72057594037927936 1224979098644774950 910 3 72057594037927937 216172782113786615 16 729 2 1 750 730 2 1 750 925 2 72057594037927937 1 729 2 1 850 730 2 1 570 926 2 72057594037927937 1 4 0 2147483678 2 72057594037927936 0 921 2 72057594037927937 16711680 3 0 2133 2 72057594037927936 144115188075856220 910 3 72057594037927937 1585267068834414630 0 729 2 1 750 730 2 1 750 925 2 72057594037927937 1 729 2 1 600 730 2 1 550 926 2 72057594037927937 1 2133 2 72057594037927936 1224979098644774953 910 3 72057594037927937 1585267068834414625 16 729 2 1 750 730 2 1 750 925 2 72057594037927937 1 729 2 1 850 730 2 1 550 926 2 72057594037927937 1 4 0 32 2 72057594037927936 0 921 2 72057594037927937 43520 3 0 2133 2 72057594037927936 144115188075856223 910 3 72057594037927937 1585267068834414631 0 729 2 1 750 730 2 1 750 925 2 72057594037927937 1 729 2 1 600 730 2 1 530 926 2 72057594037927937 1 2133 2 72057594037927936 1224979098644774954 910 3 72057594037927937 216172782113786615 16 729 2 1 750 730 2 1 750 925 2 72057594037927937 1 729 2 1 850 730 2 1 530 926 2 72057594037927937 1 4 0 2147483678 2 72057594037927936 0 921 2 72057594037927937 16711680 3 0 2133 2 72057594037927936 144115188075856924 910 3 72057594037927937 1585267068834414632 0 729 2 1 750 730 2 1 750 925 2 72057594037927937 1 729 2 1 600 730 2 1 510 926 2 72057594037927937 1 2133 2 72057594037927936 1224979098644774955 910 3 72057594037927937 1585267068834414625 16 729 2 1 750 730 2 1 750 925 2 72057594037927937 1 729 2 1 850 730 2 1 510 926 2 72057594037927937 1 4 0 32 2 72057594037927936 0 921 2 72057594037927937 43520 3 0 2133 2 72057594037927936 1224979098644774958 910 3 72057594037927937 1585267068834414633 0 729 2 1 750 730 2 1 750 925 2 72057594037927937 1 729 2 1 600 730 2 1 490 926 2 72057594037927937 1 2133 2 72057594037927936 1224979098644774960 910 3 72057594037927937 1585267068834414625 16 729 2 1 750 730 2 1 750 925 2 72057594037927937 1 729 2 1 850 730 2 1 490 926 2 72057594037927937 1 4 0 32 2 72057594037927936 0 921 2 72057594037927937 43520 3 0 2133 2 72057594037927936 1224979098644774959 910 3 72057594037927937 1585267068834414634 0 729 2 1 750 730 2 1 750 925 2 72057594037927937 1 729 2 1 600 730 2 1 470 926 2 72057594037927937 1 2133 2 72057594037927936 1224979098644774961 910 3 72057594037927937 216172782113786615 16 729 2 1 750 730 2 1 750 925 2 72057594037927937 1 729 2 1 850 730 2 1 470 926 2 72057594037927937 1 4 0 2147483678 2 72057594037927936 0 921 2 72057594037927937 16711680 3 0 2133 2 72057594037927936 1224979098644774913 910 3 72057594037927937 1585267068834420190 0 729 2 1 750 730 2 1 750 925 2 72057594037927937 1 729 2 1 600 730 2 1 450 926 2 72057594037927937 1 2133 2 72057594037927936 1224979098644774914 910 3 72057594037927937 1585267068834414625 16 729 2 1 750 730 2 1 750 925 2 72057594037927937 1 729 2 1 850 730 2 1 450 926 2 72057594037927937 1 4 0 32 2 72057594037927936 0 921 2 72057594037927937 43520 3 0 2133 2 72057594037927936 1224979098644774938 910 3 72057594037927937 1585267068834420191 0 729 2 1 750 730 2 1 750 925 2 72057594037927937 1 729 2 1 600 730 2 1 430 926 2 72057594037927937 1 2133 2 72057594037927936 1224979098644774943 910 3 72057594037927937 1585267068834414625 16 729 2 1 750 730 2 1 750 925 2 72057594037927937 1 729 2 1 850 730 2 1 430 926 2 72057594037927937 1 4 0 32 2 72057594037927936 0 921 2 72057594037927937 43520 3 0 2133 2 72057594037927936 1224979098644774944 910 3 72057594037927937 1585267068834414637 0 729 2 1 750 730 2 1 750 925 2 72057594037927937 1 729 2 1 600 730 2 1 410 926 2 72057594037927937 1 2133 2 72057594037927936 1224979098644774945 910 3 72057594037927937 1585267068834414625 16 729 2 1 750 730 2 1 750 925 2 72057594037927937 1 729 2 1 850 730 2 1 410 926 2 72057594037927937 1 4 0 32 2 72057594037927936 0 921 2 72057594037927937 43520 3 0 2133 2 72057594037927936 1224979098644774956 910 3 72057594037927937 1585267068834414638 0 729 2 1 750 730 2 1 750 925 2 72057594037927937 1 729 2 1 600 730 2 1 390 926 2 72057594037927937 1 2133 2 72057594037927936 1224979098644774957 910 3 72057594037927937 1585267068834414625 16 729 2 1 750 730 2 1 750 925 2 72057594037927937 1 729 2 1 850 730 2 1 390 926 2 72057594037927937 1 4 0 32 2 72057594037927936 0 921 2 72057594037927937 43520 3 0 2133 2 72057594037927936 1224979098644774951 910 3 72057594037927937 1585267068834414639 0 729 2 1 750 730 2 1 750 925 2 72057594037927937 1 729 2 1 600 730 2 1 370 926 2 72057594037927937 1 2133 2 72057594037927936 1224979098644774952 910 3 72057594037927937 216172782113786615 16 729 2 1 750 730 2 1 750 925 2 72057594037927937 1 729 2 1 850 730 2 1 370 926 2 72057594037927937 1 4 0 2147483678 2 72057594037927936 0 921 2 72057594037927937 16711680 3 0 2133 2 72057594037927936 1224979098644774962 910 3 72057594037927937 1585267068834414640 0 729 2 1 750 730 2 1 750 925 2 72057594037927937 1 729 2 1 600 730 2 1 350 926 2 72057594037927937 1 2133 2 72057594037927936 1224979098644774963 2133 2 72057594037927939 72057594037927936 2111 2 72057594037927939 0 910 3 72057594037927937 1585267068834414641 16 729 2 1 750 730 2 1 750 925 2 72057594037927937 1 729 2 1 850 730 2 1 350 926 2 72057594037927937 1 4 0 32 2 72057594037927936 0 921 2 72057594037927937 43520 5 0 2147483678 2 72057594037927936 0 921 2 72057594037927937 16711680 3 0 2133 2 72057594037927936 1224979098644774912 910 3 72057594037927937 1585267068834414642 16 729 2 1 750 730 2 1 320 926 2 72057594037927937 1 2133 2 1224979098644774964 0 2133 2 1224979098644774965 0 2133 2 1224979098644774966 0 2133 2 1224979098644774967 0 2133 2 1224979098644774968 0 2133 2 1224979098644774969 0 6 3 1224979098644774970 21 408 4 0 541 3 1224979098644774970 7 0 4 0 541 3 1224979098644774970 0 3 2105 2 1224979098644774966 1 5 0 541 3 1224979098644774970 0 2 2105 2 1224979098644774965 1 5 0 2105 2 1224979098644774964 1 3 0 5 0 521 3 1224979098644774971 1224979098644774970 25 32 2 1224979098644774971 0 4 0 541 3 1224979098644774970 0 3 2105 2 1224979098644774969 1224979098644774971 5 0 541 3 1224979098644774970 0 2 2105 2 1224979098644774968 1224979098644774971 5 0 2105 2 1224979098644774967 1224979098644774971 3 0 3 0 3 0 4 0 32 2 1224979098644774966 0 2136 3 1224979098644774972 0 1224979098644774966 6 3 1224979098644774970 21 73 541 3 1224979098644774970 7 0 2106 2 1224979098644774972 1 2147483678 2 1224979098644774972 0 2330 2 9 1224979098644774970 3 0 5 0 32 2 1224979098644774969 0 2136 3 1224979098644774973 0 1224979098644774969 6 3 1224979098644774970 21 73 521 3 1224979098644774971 1224979098644774970 25 32 2 1224979098644774971 0 2106 2 1224979098644774973 1224979098644774971 2147483678 2 1224979098644774973 0 2330 2 9 1224979098644774970 3 0 5 0 2136 3 1224979098644774972 21 73 2330 2 9 1224979098644774972 3 0 4 0 32 2 1224979098644774965 0 2136 3 1224979098644774974 0 1224979098644774965 6 3 1224979098644774970 73 153 541 3 1224979098644774970 7 0 2106 2 1224979098644774974 1 2147483678 2 1224979098644774974 0 2330 2 8 1224979098644774970 3 0 5 0 32 2 1224979098644774968 0 2136 3 1224979098644774975 0 1224979098644774968 6 3 1224979098644774970 73 153 521 3 1224979098644774971 1224979098644774970 25 32 2 1224979098644774971 0 2106 2 1224979098644774975 1224979098644774971 2147483678 2 1224979098644774975 0 2330 2 8 1224979098644774970 3 0 5 0 2136 3 1224979098644774974 73 153 2330 2 8 1224979098644774974 3 0 4 0 32 2 1224979098644774964 0 2136 3 1224979098644774976 0 1224979098644774964 6 3 1224979098644774970 153 408 541 3 1224979098644774970 7 0 2106 2 1224979098644774976 1 2147483678 2 1224979098644774976 0 2330 2 7 1224979098644774970 3 0 5 0 32 2 1224979098644774967 0 2136 3 1224979098644774977 0 1224979098644774967 6 3 1224979098644774970 153 408 521 3 1224979098644774971 1224979098644774970 25 32 2 1224979098644774971 0 2106 2 1224979098644774977 1224979098644774971 2147483678 2 1224979098644774977 0 2330 2 7 1224979098644774970 3 0 5 0 2136 3 1224979098644774976 153 408 2330 2 7 1224979098644774976 3 0 4 0 2147483678 2 1224979098644774912 100 939 4 72057594037927937 -1 38 0 2320 2 0 216172782113784236 5 0 2147483678 2 1224979098644774912 200 939 4 72057594037927937 -1 38 1 2320 2 0 216172782113784237 5 0 2147483678 2 1224979098644774912 400 939 4 72057594037927937 -1 38 2 2320 2 0 216172782113784238 5 0 2147483678 2 1224979098644774912 700 939 4 72057594037927937 -1 38 3 2320 2 0 216172782113784239 5 0 2147483678 2 1224979098644774912 1200 939 4 72057594037927937 -1 38 4 2320 2 0 216172782113784240 5 0 2147483678 2 1224979098644774912 1850 939 4 72057594037927937 -1 38 5 2320 2 0 216172782113784241 5 0 2147483678 2 1224979098644774912 2500 939 4 72057594037927937 -1 38 6 2320 2 0 216172782113784242 5 0 2147483678 2 1224979098644774912 3500 939 4 72057594037927937 -1 38 7 2320 2 0 216172782113784243 5 0 2147483678 2 1224979098644774912 5000 939 4 72057594037927937 -1 38 8 2320 2 0 216172782113784244 5 0 939 4 72057594037927937 -1 38 9 2320 2 0 216172782113784245 3 0 729 2 1 0 730 2 1 120 926 2 72057594037927937 1 910 3 72057594037927937 0 10240 729 2 1 600 730 2 1 120 926 2 72057594037927937 1 729 2 1 360 730 2 1 190 929 2 72057594037927937 1 729 2 1 800 730 2 1 800 925 2 72057594037927937 1 
-62.000000  11 2071 1 1224979098644774912 4 0 31 2 1224979098644774912 144115188075856578 2133 2 144115188075855914 0 2060 1 543 900 1 3 5 0 31 2 1224979098644774912 144115188075856579 902 1 0 2040 0 3 0 


prsnt_budget_report 0 236 2
-60.000000  1999 902 1 999999 2124 1 1000 4 0 31 2 144115188075855873 1 600 2 11 1 4 0 31 2 144115188075856034 1 500 3 2131 71 75000 1106 2 1585267068834414643 15785267 5 0 31 2 144115188075856034 2 500 3 2131 71 120000 1106 2 1585267068834414643 15785267 5 0 31 2 144115188075856034 3 500 3 2131 71 175000 1106 2 1585267068834414643 15785267 3 0 500 3 2131 80 0 3 0 4 0 31 2 144115188075855873 0 910 3 72057594037927937 1585267068834414644 0 921 2 72057594037927937 0 729 2 1 50 730 2 1 625 926 2 72057594037927937 1 729 2 2 900 730 2 2 900 925 2 72057594037927937 2 700 2 2 1 726 2 1224979098644774912 2 2105 2 1224979098644774912 200 729 2 2 1224979098644774912 727 2 1224979098644774913 2 2105 2 1224979098644774913 3 730 2 2 1224979098644774913 918 3 72057594037927938 237 238 926 2 72057594037927938 2 729 2 2 900 730 2 2 900 925 2 72057594037927938 2 927 2 72057594037927938 144115188075856451 2133 2 144115188075856439 72057594037927938 910 3 72057594037927937 1585267068834414645 0 921 2 72057594037927937 0 729 2 1 50 730 2 1 649 926 2 72057594037927937 1 729 2 2 900 730 2 2 900 925 2 72057594037927937 2 700 2 2 1 726 2 1224979098644774912 2 2105 2 1224979098644774912 200 729 2 2 1224979098644774912 727 2 1224979098644774913 2 2105 2 1224979098644774913 3 730 2 2 1224979098644774913 918 3 72057594037927938 237 238 926 2 72057594037927938 2 729 2 2 900 730 2 2 900 925 2 72057594037927938 2 927 2 72057594037927938 144115188075856452 2133 2 144115188075856440 72057594037927938 910 3 72057594037927937 1585267068834414646 0 921 2 72057594037927937 0 729 2 1 50 730 2 1 673 926 2 72057594037927937 1 729 2 2 900 730 2 2 900 925 2 72057594037927937 2 700 2 2 1 726 2 1224979098644774912 2 2105 2 1224979098644774912 200 729 2 2 1224979098644774912 727 2 1224979098644774913 2 2105 2 1224979098644774913 3 730 2 2 1224979098644774913 918 3 72057594037927938 237 238 926 2 72057594037927938 2 729 2 2 900 730 2 2 900 925 2 72057594037927938 2 927 2 72057594037927938 144115188075856453 2133 2 144115188075856441 72057594037927938 3 0 4 0 31 2 144115188075855873 1 560 3 2255 33 1 2147484208 3 2255 33 3 520 3 1224979098644774914 2255 33 2105 2 1224979098644774914 1 500 3 2255 33 1224979098644774914 3 0 4 0 31 2 144115188075855873 1 560 3 2255 34 1 2147484208 3 2255 34 3 520 3 1224979098644774914 2255 34 2105 2 1224979098644774914 1 500 3 2255 34 1224979098644774914 3 0 4 0 31 2 144115188075855873 1 560 3 2492 19 1 520 3 1224979098644774915 2492 19 2270 1 1224979098644774916 2106 2 1224979098644774916 1224979098644774915 2108 2 1224979098644774916 24 30 2 1224979098644774916 7 2133 2 72057594037927940 1224979098644774916 1106 1 1585267068834414647 3 0 4 0 31 2 144115188075855873 1 560 3 2492 18 1 520 3 1224979098644774915 2492 18 2270 1 1224979098644774916 2106 2 1224979098644774916 1224979098644774915 2108 2 1224979098644774916 24 30 2 1224979098644774916 7 2133 2 72057594037927940 1224979098644774916 1106 1 1585267068834414648 3 0 4 0 560 3 2255 34 3 1106 2 1585267068834414649 13434828 5 0 560 3 2255 33 3 1106 2 1585267068834414650 13434828 3 0 910 3 72057594037927937 216172782113786715 65552 921 2 72057594037927937 8398162 729 2 1 1500 730 2 1 1500 925 2 72057594037927937 1 729 2 1 260 4 0 31 2 144115188075855873 1 730 2 1 625 5 0 730 2 1 705 3 0 926 2 72057594037927937 1 2319 1 0 910 3 144115188075856580 0 131072 729 2 1 0 730 2 1 100 926 2 144115188075856580 1 729 2 1 505 730 2 1 515 929 2 144115188075856580 1 945 1 144115188075856580 2133 2 1224979098644774917 0 4 0 2147483679 2 144115188075856856 1 6 3 1224979098644774918 25 53 542 3 1224979098644774918 222 1 2105 2 1224979098644774917 1 3 0 6 3 1224979098644774918 64 73 542 3 1224979098644774918 222 1 2105 2 1224979098644774917 1 3 0 3 0 2133 2 1224979098644774919 0 2133 2 1224979098644774920 0 2133 2 1224979098644774921 0 2133 2 1224979098644774922 0 6 3 1224979098644774923 21 408 4 0 561 3 1224979098644774923 263 1 31 2 144115188075856452 1 2105 2 1224979098644774917 1 3 0 4 0 561 3 1224979098644774923 112 1 31 2 144115188075856453 1 2105 2 1224979098644774917 1 3 0 541 3 1224979098644774923 7 0 4 0 31 2 144115188075856451 1 2105 2 1224979098644774917 1 3 0 4 0 561 3 1224979098644774923 271 1 31 2 144115188075856451 1 2105 2 1224979098644774917 1 3 0 2105 2 1224979098644774919 1 4 0 33 3 1224979098644774923 21 73 31 2 144115188075856451 1 2105 2 1224979098644774917 1 3 0 3 0 2133 2 1224979098644774924 0 6 3 1224979098644774925 2587 2601 560 3 1224979098644774925 10 1 2105 2 1224979098644774924 1 3 0 2123 3 1224979098644774926 1224979098644774924 2 2170 3 72057594037927937 0 0 2121 3 1224979098644774927 10 72057594037927937 2108 2 72057594037927937 5 2105 2 1224979098644774926 72057594037927937 2105 2 1224979098644774927 2 4 0 31 2 144115188075856318 1 2108 2 1224979098644774927 2 3 0 4 0 2147484190 3 25 223 1 32 2 144115188075855985 0 1 2 206 144115188075855985 2133 2 1224979098644774928 72057594037927936 4 0 30 2 1224979098644774928 75 2105 2 1224979098644774926 2 2106 2 1224979098644774927 1 5 0 2147483678 2 1224979098644774928 15 2106 2 1224979098644774926 1 2105 2 1224979098644774927 1 5 0 2147483678 2 1224979098644774928 -5 2106 2 1224979098644774926 2 2105 2 1224979098644774927 2 3 0 3 0 4 0 31 2 144115188075855972 1 2147484190 3 25 223 1 2105 2 1224979098644774926 2 3 0 4 0 31 2 144115188075856451 0 2105 2 1224979098644774917 1 3 0 4 0 31 2 144115188075856452 0 2105 2 1224979098644774917 1 3 0 4 0 31 2 144115188075856453 0 2105 2 1224979098644774917 1 3 0 4 0 32 2 144115188075856921 0 2147483679 2 144115188075856921 25 2147483679 2 144115188075856921 24 31 2 144115188075856026 0 2105 2 1224979098644774917 1 3 0 4 0 32 2 1224979098644774919 1224979098644774926 2105 2 1224979098644774917 1 3 0 11 1 1224979098644774929 132 1 1224979098644774929 2133 2 1224979098644774930 0 1609 2 1224979098644774931 1224979098644774929 4 0 1073742365 3 1224979098644774929 0 3 541 3 1224979098644774929 0 2 541 3 1224979098644774929 7 0 2133 2 1224979098644774930 1 5 0 1073742365 3 1224979098644774929 0 3 541 3 1224979098644774929 0 2 2147484209 3 1224979098644774929 7 1 2204 2 1224979098644774932 1224979098644774929 31 2 1224979098644774932 25 542 3 25 10 0 2133 2 1224979098644774930 1 3 0 2133 2 1224979098644774933 0 4 0 541 3 1224979098644774929 0 5 541 3 1224979098644774929 247 0 2133 2 1224979098644774933 1 3 0 4 0 31 2 144115188075856856 0 541 3 1224979098644774929 0 10 1652 3 1224979098644774934 1224979098644774929 0 1073742364 3 1224979098644774934 178 13 1073742364 3 1224979098644774934 179 263 540 3 1224979098644774934 179 264 2133 2 1224979098644774933 1 3 0 2133 2 1224979098644774935 0 4 0 31 2 1224979098644774931 3 2133 2 1224979098644774935 1 3 0 1073741855 2 1224979098644774929 0 1073742365 3 1224979098644774929 0 17 1073742365 3 1224979098644774929 0 19 1073741855 2 1224979098644774933 1 1073741855 2 1224979098644774935 1 31 2 1224979098644774930 1 2105 2 1224979098644774917 1 3 0 4 0 32 2 144115188075855949 0 2105 2 1224979098644774917 2 3 0 4 0 30 2 144115188075856034 1 2105 2 1224979098644774917 1 3 0 4 0 31 2 144115188075855873 1 2147483848 1 136 566 3 136 10 1 2272 1 1224979098644774936 2106 2 1224979098644774936 7 566 3 136 11 1224979098644774936 2105 2 1224979098644774917 1 3 0 4 0 31 2 144115188075856856 1 541 3 26 7 0 2105 2 1224979098644774917 1 3 0 4 0 542 3 25 14 0 542 3 25 223 0 2105 2 1224979098644774917 1 5 0 32 2 144115188075856921 0 542 3 144115188075856921 223 0 2105 2 1224979098644774917 1 3 0 4 0 566 3 113 8 1 2105 2 1224979098644774917 1 3 0 4 0 1 2 957 2 2133 2 1224979098644774937 72057594037927936 32 2 1224979098644774937 0 2105 2 1224979098644774917 1 3 0 4 0 31 2 144115188075855873 1 560 3 2465 11 1 2270 1 1224979098644774938 2147484208 3 2465 10 1224979098644774938 2105 2 1224979098644774917 1 3 0 4 0 2147484208 3 0 30 1 540 3 0 183 13 31 2 144115188075856031 1 560 3 0 7 200 2147484190 3 144115188075856921 9 6 2147484190 3 144115188075856921 9 7 2147484190 3 144115188075856921 9 8 2147484190 3 144115188075856921 9 9 2147484190 3 144115188075856921 9 10 2147484190 3 144115188075856921 9 11 2147484190 3 144115188075856921 9 12 2147484190 3 144115188075856921 9 14 2147484190 3 144115188075856921 9 15 2105 2 1224979098644774917 1 3 0 4 0 560 3 0 30 1 520 3 1224979098644774939 0 30 540 3 1224979098644774939 184 3 2105 2 1224979098644774917 1 3 0 4 0 31 2 144115188075856856 1 522 3 72057594037927936 144115188075856921 275 32 2 72057594037927936 1 2105 2 1224979098644774917 1 3 0 4 0 540 3 2131 26 2 32 2 144115188075856151 0 2105 2 1224979098644774917 1 3 0 4 0 540 3 2131 26 2 31 2 144115188075856152 1 2105 2 1224979098644774917 1 3 0 4 0 1 1 855 32 2 72057594037927936 0 2105 2 1224979098644774917 1 3 0 4 0 32 2 144115188075855973 0 2105 2 1224979098644774917 2 3 0 2133 2 1224979098644774940 -1 4 0 542 3 144115188075856921 14 0 542 3 144115188075856921 223 1 2133 2 1224979098644774940 144115188075856921 5 0 540 3 0 183 13 2133 2 1224979098644774941 0 6 3 1224979098644774942 26 53 542 3 1224979098644774942 14 0 2190 3 1224979098644774943 1224979098644774942 144115188075856921 30 2 1224979098644774943 1224979098644774941 2133 2 1224979098644774940 1224979098644774942 3 0 3 0 4 0 33 3 1224979098644774940 25 53 2105 2 1224979098644774917 3 3 0 4 0 542 3 144115188075856921 10 0 522 3 1224979098644774944 144115188075856921 68 542 3 1224979098644774944 14 0 33 3 1224979098644774944 25 53 2105 2 1224979098644774917 1 3 0 2105 2 1224979098644774917 4 2122 3 1224979098644774945 27 1224979098644774917 2133 2 1224979098644774946 0 2133 2 1224979098644774947 0 2133 2 1224979098644774948 0 2133 1 1224979098644774949 6 3 1224979098644774923 21 408 4 0 521 3 1224979098644774950 1224979098644774923 112 32 2 1224979098644774950 1 2147484209 3 1224979098644774923 114 1 1 3 470 1224979098644774950 1224979098644774923 2133 2 1224979098644774951 72057594037927936 2133 2 1224979098644774952 72057594037927940 2133 2 1224979098644774953 72057594037927941 2133 2 1224979098644774954 72057594037927946 2121 3 1224979098644774955 1224979098644774923 21 2120 3 1224979098644774956 1224979098644774955 2008 527 3 1224979098644774957 1224979098644774950 55 2133 2 1224979098644774958 0 4 0 541 3 1224979098644774923 113 1 2133 2 1224979098644774959 0 1540 2 1224979098644774960 1224979098644774956 6 3 1224979098644774961 0 1224979098644774960 1541 3 1224979098644774962 1224979098644774956 1224979098644774961 2147483678 2 1224979098644774962 1 2105 2 1224979098644774959 1 3 0 2133 2 1224979098644774958 1224979098644774957 2110 2 1224979098644774958 1224979098644774959 32 2 1224979098644774958 0 2122 3 1224979098644774963 1224979098644774952 1224979098644774958 2106 2 1224979098644774951 1224979098644774963 2106 2 1224979098644774957 1224979098644774958 3 0 4 0 31 2 144115188075855873 1 1535 3 1224979098644774956 1224979098644774950 1224979098644774958 2121 3 1224979098644774964 1224979098644774950 68 2105 2 1224979098644774964 196 521 3 1224979098644774965 1224979098644774923 1224979098644774964 2122 3 1224979098644774966 1224979098644774957 15 2106 2 1224979098644774965 1224979098644774966 501 3 1224979098644774923 1224979098644774964 1224979098644774965 32 2 144115188075856193 0 2322 2 3 1224979098644774956 2133 2 72057594037927939 1224979098644774958 1106 1 1585267068834414651 3 0 527 3 1224979098644774967 1224979098644774950 52 4 0 567 3 1224979098644774950 57 1 2133 2 1224979098644774968 1224979098644774967 5 0 2133 2 1224979098644774968 0 3 0 2133 2 1224979098644774969 0 2133 2 1224979098644774970 0 4 0 1540 2 1224979098644774960 1224979098644774956 6 3 1224979098644774961 0 1224979098644774960 1541 3 1224979098644774971 1224979098644774956 1224979098644774961 2147483678 2 1224979098644774969 1224979098644774967 547 3 1224979098644774950 50 1224979098644774971 2105 2 1224979098644774969 1 5 0 2147483678 2 1224979098644774970 1224979098644774968 547 3 1224979098644774950 57 1224979098644774971 2105 2 1224979098644774970 1 3 0 4 0 32 2 1224979098644774969 0 2106 2 1224979098644774967 1224979098644774969 2122 3 1224979098644774972 1224979098644774953 1224979098644774969 2105 2 1224979098644774951 1224979098644774972 3 0 4 0 32 2 1224979098644774970 0 2106 2 1224979098644774968 1224979098644774970 2133 2 1224979098644774972 1224979098644774954 2105 2 1224979098644774951 1224979098644774972 3 0 3 0 4 0 31 2 144115188075855873 1 527 3 1224979098644774973 1224979098644774950 50 1536 3 1224979098644774956 1224979098644774973 1224979098644774969 527 3 1224979098644774974 1224979098644774950 57 1536 3 1224979098644774956 1224979098644774974 1224979098644774970 2121 3 1224979098644774964 1224979098644774973 68 2105 2 1224979098644774964 196 521 3 1224979098644774965 1224979098644774923 1224979098644774964 2122 3 1224979098644774966 1224979098644774957 15 2105 2 1224979098644774965 1224979098644774966 501 3 1224979098644774923 1224979098644774964 1224979098644774965 4 0 32 2 1224979098644774968 0 2121 3 1224979098644774964 1224979098644774974 68 2105 2 1224979098644774964 196 521 3 1224979098644774965 1224979098644774923 1224979098644774964 2105 2 1224979098644774965 15 501 3 1224979098644774923 1224979098644774964 1224979098644774965 3 0 3 0 4 0 31 2 144115188075856453 1 1 2 83 1224979098644774950 2320 2 5 72057594037927936 2330 2 0 1224979098644774923 910 3 72057594037927937 216172782113788139 0 729 2 1 900 730 2 1 900 925 2 72057594037927937 1 729 2 1 25 730 2 1 1224979098644774945 926 2 72057594037927937 1 3 0 4 0 2204 2 1224979098644774975 1224979098644774923 2190 3 1224979098644774928 1224979098644774975 144115188075856921 2133 2 1224979098644774976 0 4 0 521 3 1224979098644774977 1224979098644774923 7 32 2 1224979098644774977 -1 1 2 206 1224979098644774977 2147483678 2 72057594037927936 -40 2133 2 1224979098644774976 1 3 0 3221225502 2 1224979098644774928 0 31 2 1224979098644774976 1 4 0 31 2 144115188075855873 1 521 3 1224979098644774977 1224979098644774923 7 32 2 1224979098644774977 -1 1 3 1038 1224979098644774951 1224979098644774977 3 0 2133 2 1224979098644774951 0 4 0 31 2 144115188075856453 1 910 3 72057594037927937 216172782113788149 32776 921 2 72057594037927937 16711680 3 0 5 0 31 2 144115188075856453 1 30 2 1224979098644774951 0 2133 2 72057594037927936 1224979098644774951 910 3 72057594037927937 216172782113786615 32776 921 2 72057594037927937 43520 5 0 31 2 144115188075856453 1 2133 2 72057594037927936 1224979098644774951 910 3 72057594037927937 216172782113786615 32776 921 2 72057594037927937 16711680 3 0 4 0 32 2 1224979098644774951 0 2105 2 1224979098644774949 50 3 0 2105 2 1224979098644774920 1224979098644774951 2105 2 1224979098644774947 1224979098644774951 2105 2 1224979098644774946 1224979098644774951 4 0 31 2 144115188075856453 1 729 2 1 900 730 2 1 900 925 2 72057594037927937 1 729 2 1 500 730 2 1 1224979098644774945 926 2 72057594037927937 1 2106 2 1224979098644774945 27 3 0 3 0 4 0 561 3 1224979098644774923 263 1 521 3 1224979098644774978 1224979098644774923 263 2330 2 0 1224979098644774978 4 0 31 2 144115188075856452 1 910 3 72057594037927937 1585267068834414652 0 729 2 1 900 730 2 1 900 925 2 72057594037927937 1 729 2 1 25 730 2 1 1224979098644774945 926 2 72057594037927937 1 3 0 521 3 1224979098644774979 1224979098644774978 43 2204 2 1224979098644774980 1224979098644774923 4 0 2190 3 1224979098644774981 1224979098644774980 24 2147483678 2 1224979098644774981 0 4 0 31 2 144115188075856452 1 910 3 72057594037927937 1585267068834414653 32776 3 0 5 0 2147484209 3 1224979098644774978 233 1 541 3 1224979098644774923 32 2 4 0 31 2 144115188075856452 1 910 3 72057594037927937 1585267068834414654 32776 3 0 5 0 2147484209 3 1224979098644774978 233 1 561 3 1224979098644774923 36 1 4 0 31 2 144115188075856452 1 910 3 72057594037927937 1585267068834414655 32776 3 0 5 0 32 2 1224979098644774979 0 2133 2 72057594037927949 1224979098644774979 2319 1 63 4 0 2147483679 2 144115188075856856 1 521 3 1224979098644774982 1224979098644774923 7 30 2 1224979098644774982 1 1 2 206 1224979098644774982 2133 2 1224979098644774983 72057594037927936 4 0 30 2 1224979098644774983 0 2121 3 1224979098644774984 30 1224979098644774983 5 0 2113 1 1224979098644774983 2120 3 1224979098644774984 1224979098644774983 20 3 0 2112 3 1224979098644774984 0 51 30 2 1224979098644774984 1 2133 2 72057594037927946 1224979098644774984 2122 3 1224979098644774985 1224979098644774979 1224979098644774984 2108 2 1224979098644774985 100 2121 3 1224979098644774986 1224979098644774979 1224979098644774985 2133 2 72057594037927947 1224979098644774985 2133 2 72057594037927948 1224979098644774979 4 0 31 2 144115188075855873 1 1 3 619 1224979098644774982 1224979098644774985 3 0 2320 2 63 1585267068834414656 2133 2 72057594037927949 1224979098644774986 3 0 4 0 31 2 144115188075855873 1 501 3 1224979098644774978 43 0 3 0 2105 2 1224979098644774946 72057594037927949 4 0 32 2 1224979098644774946 0 2105 2 1224979098644774949 50 3 0 2105 2 1224979098644774948 72057594037927949 4 0 31 2 144115188075856452 1 910 3 72057594037927937 1585267068834414657 32776 921 2 72057594037927937 43520 3 0 5 0 4 0 31 2 144115188075856452 1 910 3 72057594037927937 1585267068834414658 32776 3 0 3 0 4 0 31 2 144115188075856452 1 729 2 1 900 730 2 1 900 925 2 72057594037927937 1 729 2 1 500 730 2 1 1224979098644774945 926 2 72057594037927937 1 2106 2 1224979098644774945 27 3 0 3 0 541 3 1224979098644774923 7 0 2133 2 1224979098644774987 0 2133 2 1224979098644774988 0 4 0 2147484209 3 1224979098644774923 36 1 521 3 1224979098644774987 1224979098644774923 43 521 3 1224979098644774988 1224979098644774923 44 3 0 4 0 2147484209 3 1224979098644774923 36 1 2147484189 3 1224979098644774923 32 2 561 3 1224979098644774923 271 1 521 3 1224979098644774989 1224979098644774923 150 2105 2 1224979098644774987 1224979098644774989 3 0 2120 3 1224979098644774990 1224979098644774987 1224979098644774988 2105 2 1224979098644774920 1224979098644774990 2105 2 1224979098644774921 1224979098644774990 2105 2 1224979098644774946 1224979098644774990 4 0 542 3 144115188075856921 223 1 522 3 1224979098644774984 144115188075856921 276 2122 3 1224979098644774991 1224979098644774984 1224979098644774990 2108 2 1224979098644774991 100 2105 2 1224979098644774922 1224979098644774991 2107 2 1224979098644774991 -1 2105 2 1224979098644774946 1224979098644774991 3 0 4 0 31 2 144115188075856451 1 2330 2 0 1224979098644774923 4 0 2147483681 3 1224979098644774923 73 153 521 3 1224979098644774992 1224979098644774923 248 2147483679 2 1224979098644774992 0 1 2 990 1224979098644774992 2320 2 0 1585267068834414659 3 0 910 3 72057594037927937 216172782113788108 0 2330 2 0 1224979098644774923 729 2 1 900 730 2 1 900 925 2 72057594037927937 1 729 2 1 25 730 2 1 1224979098644774945 926 2 72057594037927937 1 4 0 32 2 1224979098644774987 0 2133 2 72057594037927936 1224979098644774987 910 3 72057594037927937 216172782113786615 32776 921 2 72057594037927937 43520 5 0 561 3 1224979098644774923 36 1 910 3 72057594037927937 1585267068834414655 32776 5 0 541 3 1224979098644774923 32 2 910 3 72057594037927937 1585267068834414654 32776 5 0 910 3 72057594037927937 1585267068834414658 32776 3 0 729 2 1 900 730 2 1 900 925 2 72057594037927937 1 729 2 1 500 730 2 1 1224979098644774945 926 2 72057594037927937 1 2106 2 1224979098644774945 27 4 0 33 3 1224979098644774923 153 408 561 3 1224979098644774923 271 1 541 3 1224979098644774923 7 0 2330 2 0 1224979098644774923 910 3 72057594037927937 1585267068834414660 0 729 2 1 900 730 2 1 900 925 2 72057594037927937 1 729 2 1 25 730 2 1 1224979098644774945 926 2 72057594037927937 1 521 3 1224979098644774989 1224979098644774923 150 4 0 541 3 1224979098644774923 32 2 910 3 72057594037927937 1585267068834414654 32776 5 0 2147484209 3 1224979098644774923 36 1 32 2 1224979098644774989 0 2133 2 72057594037927936 1224979098644774989 910 3 72057594037927937 1585267068834414661 32776 921 2 72057594037927937 43520 5 0 561 3 1224979098644774923 36 1 910 3 72057594037927937 1585267068834414655 32776 5 0 910 3 72057594037927937 1585267068834414658 32776 3 0 729 2 1 900 730 2 1 900 925 2 72057594037927937 1 729 2 1 500 730 2 1 1224979098644774945 926 2 72057594037927937 1 2106 2 1224979098644774945 27 3 0 4 0 33 3 1224979098644774923 21 73 910 3 72057594037927937 216172782113788109 0 729 2 1 900 730 2 1 900 925 2 72057594037927937 1 729 2 1 25 730 2 1 1224979098644774945 926 2 72057594037927937 1 4 0 32 2 1224979098644774988 0 2133 2 72057594037927936 1224979098644774988 910 3 72057594037927937 216172782113786615 32776 921 2 72057594037927937 43520 5 0 910 3 72057594037927937 1585267068834414658 32776 3 0 729 2 1 900 730 2 1 900 925 2 72057594037927937 1 729 2 1 500 730 2 1 1224979098644774945 926 2 72057594037927937 1 2106 2 1224979098644774945 27 3 0 3 0 3 0 4 0 31 2 144115188075856451 0 32 2 1224979098644774921 0 910 3 72057594037927937 1585267068834414662 0 729 2 1 900 730 2 1 900 925 2 72057594037927937 1 729 2 1 25 730 2 1 1224979098644774945 926 2 72057594037927937 1 2133 2 72057594037927936 1224979098644774921 910 3 72057594037927937 216172782113786615 32776 729 2 1 900 730 2 1 900 925 2 72057594037927937 1 729 2 1 500 730 2 1 1224979098644774945 926 2 72057594037927937 1 921 2 72057594037927937 43520 2106 2 1224979098644774945 27 3 0 4 0 31 2 144115188075856452 0 32 2 1224979098644774948 0 910 3 72057594037927937 1585267068834414663 0 729 2 1 900 730 2 1 900 925 2 72057594037927937 1 729 2 1 25 730 2 1 1224979098644774945 926 2 72057594037927937 1 2133 2 72057594037927936 1224979098644774948 910 3 72057594037927937 216172782113786615 32776 729 2 1 900 730 2 1 900 925 2 72057594037927937 1 729 2 1 500 730 2 1 1224979098644774945 926 2 72057594037927937 1 921 2 72057594037927937 43520 2106 2 1224979098644774945 27 3 0 4 0 31 2 144115188075855873 1 32 2 1224979098644774948 0 1 2 863 1224979098644774948 3 0 4 0 31 2 144115188075856453 0 32 2 1224979098644774947 0 910 3 72057594037927937 1585267068834414664 0 729 2 1 900 730 2 1 900 925 2 72057594037927937 1 729 2 1 25 730 2 1 1224979098644774945 926 2 72057594037927937 1 2133 2 72057594037927936 1224979098644774947 910 3 72057594037927937 216172782113786615 32776 729 2 1 900 730 2 1 900 925 2 72057594037927937 1 729 2 1 500 730 2 1 1224979098644774945 926 2 72057594037927937 1 921 2 72057594037927937 43520 2106 2 1224979098644774945 27 3 0 4 0 31 2 144115188075855873 1 32 2 1224979098644774947 0 1 2 863 1224979098644774947 3 0 4 0 32 2 144115188075856921 0 2147483679 2 144115188075856921 25 2147483679 2 144115188075856921 24 31 2 144115188075856026 0 2335 2 0 144115188075856921 910 3 72057594037927937 216172782113786717 0 729 2 1 900 730 2 1 900 925 2 72057594037927937 1 729 2 1 25 730 2 1 1224979098644774945 926 2 72057594037927937 1 1 3 86 0 0 2133 2 1224979098644774993 72057594037927936 11 1 1224979098644774929 1073742365 3 1224979098644774929 0 17 541 3 1224979098644774929 0 19 1 3 86 1224979098644774929 0 2105 2 1224979098644774993 72057594037927936 3 0 2107 2 1224979098644774993 5 2108 2 1224979098644774993 2 2105 2 1224979098644774993 500 1 2 267 1224979098644774993 2133 2 1224979098644774993 72057594037927936 4 0 31 2 144115188075855873 1 1 2 863 1224979098644774993 3 0 2105 2 1224979098644774946 1224979098644774993 910 3 72057594037927937 216172782113786615 32776 729 2 1 900 730 2 1 900 925 2 72057594037927937 1 921 2 72057594037927937 43520 729 2 1 500 730 2 1 1224979098644774945 926 2 72057594037927937 1 2106 2 1224979098644774945 27 3 0 4 0 32 2 1224979098644774919 1224979098644774926 32 2 1224979098644774920 0 2121 3 1224979098644774994 1224979098644774919 1224979098644774926 2107 2 1224979098644774994 1224979098644774927 2110 2 1224979098644774994 50 2133 2 1224979098644774995 1224979098644774921 2122 3 1224979098644774996 1224979098644774995 1224979098644774994 2108 2 1224979098644774996 100 2133 2 1224979098644774997 0 4 0 32 2 144115188075855973 0 2105 2 1224979098644774997 10 3 0 4 0 31 2 144115188075855972 1 2105 2 1224979098644774997 15 3 0 4 0 32 2 144115188075855985 0 2147484190 3 25 223 1 1 2 206 144115188075855985 2133 2 1224979098644774928 72057594037927936 4 0 30 2 1224979098644774928 75 2105 2 1224979098644774997 2 5 0 30 2 1224979098644774928 50 2105 2 1224979098644774997 1 3 0 3 0 4 0 542 3 25 14 0 522 3 1224979098644774998 25 225 2147483679 2 1224979098644774998 0 2107 2 1224979098644774998 5 2105 2 1224979098644774997 1224979098644774998 5 0 32 2 144115188075856921 0 522 3 1224979098644774998 144115188075856921 225 2147483679 2 1224979098644774998 0 2107 2 1224979098644774998 -5 2105 2 1224979098644774997 1224979098644774998 3 0 4 0 32 2 1224979098644774996 0 2122 3 1224979098644774999 1224979098644774996 1224979098644774997 2108 2 1224979098644774999 100 2122 3 1224979098644774997 1224979098644774999 100 2108 2 1224979098644774997 1224979098644774996 2106 2 1224979098644774996 1224979098644774999 3 0 2106 2 1224979098644774946 1224979098644774996 4 0 32 2 144115188075855973 0 2320 2 55 216172782113786719 2133 2 72057594037927936 1224979098644774997 2320 2 55 1585267068834414665 910 3 72057594037927937 1585267068834414666 0 5 0 910 3 72057594037927937 216172782113786719 0 3 0 729 2 1 25 730 2 1 1224979098644774945 926 2 72057594037927937 1 729 2 1 900 730 2 1 900 925 2 72057594037927937 1 2122 3 72057594037927936 1224979098644774996 -1 910 3 72057594037927937 216172782113786615 32776 729 2 1 900 730 2 1 900 925 2 72057594037927937 1 921 2 72057594037927937 16711680 729 2 1 500 730 2 1 1224979098644774945 926 2 72057594037927937 1 2106 2 1224979098644774945 27 3 0 2133 2 144115188075856581 0 2133 2 144115188075856582 0 11 1 1224979098644774929 132 1 1224979098644774929 1609 2 1224979098644774931 1224979098644774929 2133 2 1224979098644774930 0 4 0 1073742365 3 1224979098644774929 0 3 541 3 1224979098644774929 0 2 541 3 1224979098644774929 7 0 2147484189 3 1224979098644774929 36 618 2133 2 1224979098644774930 1 5 0 1073742365 3 1224979098644774929 0 3 541 3 1224979098644774929 0 2 2147484209 3 1224979098644774929 7 1 2204 2 1224979098644774932 1224979098644774929 31 2 1224979098644774932 25 542 3 25 10 0 2133 2 1224979098644774930 1 3 0 2133 2 1224979098644774933 0 4 0 541 3 1224979098644774929 0 5 541 3 1224979098644774929 247 0 2133 2 1224979098644774933 1 3 0 4 0 31 2 144115188075856856 0 541 3 1224979098644774929 0 10 1652 3 1224979098644774934 1224979098644774929 0 1073742364 3 1224979098644774934 178 13 1073742364 3 1224979098644774934 179 263 540 3 1224979098644774934 179 264 2133 2 1224979098644774933 1 3 0 2133 2 1224979098644774935 0 4 0 31 2 1224979098644774931 3 2133 2 1224979098644774935 1 3 0 1073741855 2 1224979098644774933 1 1073741855 2 1224979098644774935 1 1073741855 2 1224979098644774929 0 1073742365 3 1224979098644774929 0 17 1073742365 3 1224979098644774929 0 19 31 2 1224979098644774930 1 2133 2 1224979098644775000 0 1650 2 1224979098644775001 1224979098644774929 6 3 1224979098644775002 0 1224979098644775001 1652 3 1224979098644775003 1224979098644774929 1224979098644775002 1653 3 1224979098644775004 1224979098644774929 1224979098644775002 2105 2 144115188075856581 1224979098644775004 1 3 18 1224979098644775003 1224979098644774929 2133 2 1224979098644775005 72057594037927936 2107 2 1224979098644775005 1224979098644775004 2105 2 1224979098644775000 1224979098644775005 3 0 4 0 31 2 1224979098644774930 1 2108 2 1224979098644775000 2 5 0 31 2 1224979098644774929 0 2121 3 1224979098644775006 14 144115188075856584 2107 2 1224979098644775000 1224979098644775006 2108 2 1224979098644775000 14 3 0 2107 2 1224979098644775000 -1 2330 2 0 1224979098644774929 4 0 2320 2 0 216172782113786718 542 3 144115188075856921 223 1 2133 2 72057594037927936 0 4 0 31 2 1224979098644774930 1 2133 2 72057594037927936 1 5 0 31 2 144115188075856856 1 31 2 1224979098644774933 1 5 0 31 2 1224979098644774929 0 1073741854 2 144115188075856034 1 31 2 144115188075856856 1 2133 2 72057594037927936 1 5 0 541 3 1224979098644774929 0 17 1073741854 2 144115188075856034 1 31 2 144115188075856856 1 2133 2 72057594037927936 1 5 0 541 3 1224979098644774929 0 19 1073741854 2 144115188075856034 1 31 2 144115188075856856 1 2133 2 72057594037927936 1 3 0 31 2 72057594037927936 1 2320 2 0 1585267068834414667 3 0 910 3 72057594037927937 216172782113786720 0 729 2 1 900 730 2 1 900 925 2 72057594037927937 1 729 2 1 25 730 2 1 1224979098644774945 926 2 72057594037927937 1 4 0 2147483678 2 1224979098644775000 0 2133 2 72057594037927936 1224979098644775000 910 3 72057594037927937 216172782113786615 32776 921 2 72057594037927937 16711680 5 0 910 3 72057594037927937 1585267068834414658 32776 3 0 4 0 542 3 144115188075856921 223 1 4 0 31 2 1224979098644774930 1 2133 2 72057594037927936 1 5 0 31 2 144115188075856856 1 31 2 1224979098644774933 1 5 0 31 2 1224979098644774929 0 1073741854 2 144115188075856034 1 31 2 144115188075856856 1 2133 2 72057594037927936 1 5 0 541 3 1224979098644774929 0 17 1073741854 2 144115188075856034 1 31 2 144115188075856856 1 2133 2 72057594037927936 1 5 0 541 3 1224979098644774929 0 19 1073741854 2 144115188075856034 1 31 2 144115188075856856 1 2133 2 72057594037927936 1 3 0 31 2 72057594037927936 1 4 0 31 2 144115188075855873 1 2113 1 1224979098644775000 1 4 838 263 144115188075856921 1224979098644775000 3 0 2133 2 1224979098644775000 0 3 0 2105 2 144115188075856582 1224979098644775000 2105 2 1224979098644774946 1224979098644775000 729 2 1 900 730 2 1 900 925 2 72057594037927937 1 729 2 1 500 730 2 1 1224979098644774945 926 2 72057594037927937 1 2106 2 1224979098644774945 27 3 0 4 0 32 2 144115188075855949 0 2106 2 1224979098644774946 144115188075855949 910 3 72057594037927937 216172782113786721 0 729 2 1 900 730 2 1 900 925 2 72057594037927937 1 729 2 1 25 730 2 1 1224979098644774945 926 2 72057594037927937 1 2122 3 72057594037927936 144115188075855949 -1 910 3 72057594037927937 216172782113786615 32776 729 2 1 900 730 2 1 900 925 2 72057594037927937 1 921 2 72057594037927937 16711680 729 2 1 500 730 2 1 1224979098644774945 926 2 72057594037927937 1 2106 2 1224979098644774945 27 3 0 4 0 33 3 1224979098644774940 25 53 2120 3 1224979098644775007 1224979098644774948 1224979098644774947 522 3 1224979098644775008 1224979098644774940 277 2107 2 1224979098644775007 1224979098644775008 2108 2 1224979098644775007 100 32 2 1224979098644775007 1 2133 2 72057594037927986 1224979098644775008 910 3 72057594037927937 1585267068834414669 0 729 2 1 900 730 2 1 900 925 2 72057594037927937 1 729 2 1 25 730 2 1 1224979098644774945 926 2 72057594037927937 1 4 0 31 2 144115188075855873 1 1 4 838 271 1224979098644774940 1224979098644775007 3 0 2106 2 1224979098644774946 1224979098644775007 2133 2 72057594037927936 1224979098644775007 2107 2 72057594037927936 -1 910 3 72057594037927937 216172782113786615 32776 921 2 72057594037927937 16722988 729 2 1 900 730 2 1 900 925 2 72057594037927937 1 729 2 1 500 730 2 1 1224979098644774945 926 2 72057594037927937 1 2106 2 1224979098644774945 27 3 0 4 0 33 3 1224979098644774940 25 53 2133 2 1224979098644775007 0 4 0 32 2 144115188075856324 1 2105 2 1224979098644775007 144115188075856324 2106 2 1224979098644775007 1 3 0 4 0 2147484208 3 0 30 1 31 2 144115188075856031 1 560 3 0 7 200 2105 2 1224979098644775007 100 3 0 32 2 1224979098644775007 10 910 3 72057594037927937 1585267068834414670 0 729 2 1 900 730 2 1 900 925 2 72057594037927937 1 729 2 1 25 730 2 1 1224979098644774945 926 2 72057594037927937 1 4 0 31 2 144115188075855873 1 2133 2 144115188075856324 1 1 4 838 273 1224979098644774940 1224979098644775007 3 0 2106 2 1224979098644774946 1224979098644775007 2133 2 72057594037927936 1224979098644775007 2107 2 72057594037927936 -1 910 3 72057594037927937 216172782113786615 32776 921 2 72057594037927937 16722988 729 2 1 900 730 2 1 900 925 2 72057594037927937 1 729 2 1 500 730 2 1 1224979098644774945 926 2 72057594037927937 1 2106 2 1224979098644774945 27 3 0 4 0 33 3 1224979098644774940 25 53 32 2 1224979098644774922 0 910 3 72057594037927937 1585267068834414671 0 729 2 1 900 730 2 1 900 925 2 72057594037927937 1 729 2 1 25 730 2 1 1224979098644774945 926 2 72057594037927937 1 4 0 31 2 144115188075855873 1 2113 1 1224979098644774922 1 4 838 270 1224979098644774940 1224979098644774922 3 0 2133 2 72057594037927936 1224979098644774922 2107 2 72057594037927936 -1 910 3 72057594037927937 216172782113786615 32776 729 2 1 900 730 2 1 900 925 2 72057594037927937 1 729 2 1 500 730 2 1 1224979098644774945 926 2 72057594037927937 1 921 2 72057594037927937 16711680 2106 2 1224979098644774945 27 3 0 4 0 31 2 144115188075856856 1 522 3 1224979098644775009 144115188075856921 275 2147483679 2 1224979098644775009 0 2107 2 1224979098644775009 -1 2105 2 1224979098644774946 1224979098644775009 910 3 72057594037927937 1585267068834414672 0 729 2 1 900 730 2 1 900 925 2 72057594037927937 1 729 2 1 25 730 2 1 1224979098644774945 926 2 72057594037927937 1 2133 2 72057594037927936 1224979098644775009 910 3 72057594037927937 216172782113786615 32776 4 0 2147483678 2 1224979098644775009 0 921 2 72057594037927937 16722988 5 0 921 2 72057594037927937 43520 4 0 31 2 144115188075855873 1 1 2 863 1224979098644775009 3 0 3 0 729 2 1 900 730 2 1 900 925 2 72057594037927937 1 729 2 1 500 730 2 1 1224979098644774945 926 2 72057594037927937 1 2106 2 1224979098644774945 27 3 0 4 0 2133 2 72057594037927937 0 4 0 542 3 144115188075856921 223 1 542 3 144115188075856921 10 0 2133 2 72057594037927937 1 3 0 31 2 72057594037927937 0 2133 2 1224979098644775010 0 4 0 542 3 144115188075856921 10 0 542 3 25 14 0 6 3 1224979098644774918 25 53 522 3 1224979098644774944 1224979098644774918 68 1073742366 3 1224979098644774918 222 1 31 2 1224979098644774944 144115188075856921 2105 2 1224979098644775010 1500 3 0 3 0 6 3 1224979098644774918 64 73 542 3 1224979098644774918 222 1 2105 2 1224979098644775010 1500 3 0 30 2 1224979098644775010 1000 4 0 31 2 144115188075855873 1 1 2 863 1224979098644775010 3 0 910 3 72057594037927937 1585267068834414673 0 729 2 1 900 730 2 1 900 925 2 72057594037927937 1 729 2 1 25 730 2 1 1224979098644774945 926 2 72057594037927937 1 2133 2 72057594037927936 1224979098644775010 2105 2 1224979098644774946 1224979098644775010 910 3 72057594037927937 216172782113786615 32776 921 2 72057594037927937 43520 729 2 1 900 730 2 1 900 925 2 72057594037927937 1 729 2 1 500 730 2 1 1224979098644774945 926 2 72057594037927937 1 2106 2 1224979098644774945 27 3 0 4 0 542 3 144115188075856921 10 0 522 3 1224979098644774944 144115188075856921 68 542 3 1224979098644774944 14 0 33 3 1224979098644774944 25 53 2133 2 1224979098644775010 1500 2335 2 1 1224979098644774944 910 3 72057594037927937 1585267068834414674 0 729 2 1 900 730 2 1 900 925 2 72057594037927937 1 729 2 1 25 730 2 1 1224979098644774945 926 2 72057594037927937 1 2133 2 72057594037927936 1224979098644775010 2105 2 1224979098644774946 1224979098644775010 910 3 72057594037927937 216172782113786615 32776 921 2 72057594037927937 16722988 729 2 1 900 730 2 1 900 925 2 72057594037927937 1 729 2 1 500 730 2 1 1224979098644774945 926 2 72057594037927937 1 2106 2 1224979098644774945 27 3 0 2133 2 1224979098644775011 0 4 0 540 3 2131 26 2 32 2 144115188075856151 0 910 3 72057594037927937 1585267068834414675 0 729 2 1 900 730 2 1 900 925 2 72057594037927937 1 729 2 1 25 730 2 1 1224979098644774945 926 2 72057594037927937 1 2133 2 1224979098644775012 144115188075856151 4 0 31 2 144115188075855873 1 2133 2 144115188075856151 0 3 0 2106 2 1224979098644774946 1224979098644775012 2105 2 1224979098644775011 1224979098644775012 2122 3 72057594037927936 1224979098644775012 -1 910 3 72057594037927937 216172782113786615 32776 921 2 72057594037927937 16722988 729 2 1 900 730 2 1 900 925 2 72057594037927937 1 729 2 1 500 730 2 1 1224979098644774945 926 2 72057594037927937 1 2106 2 1224979098644774945 27 3 0 4 0 540 3 2131 26 2 31 2 144115188075856152 1 2149 2 1224979098644775013 2289 32 2 1224979098644775013 0 910 3 72057594037927937 1585267068834414676 0 729 2 1 900 730 2 1 900 925 2 72057594037927937 1 729 2 1 25 730 2 1 1224979098644774945 926 2 72057594037927937 1 2133 2 1224979098644775012 1224979098644775013 4 0 31 2 144115188075855873 1 1529 2 2289 1224979098644775013 3 0 2105 2 1224979098644774946 1224979098644775012 2105 2 1224979098644775011 1224979098644775012 2133 2 72057594037927936 1224979098644775012 910 3 72057594037927937 216172782113786615 32776 921 2 72057594037927937 43520 729 2 1 900 730 2 1 900 925 2 72057594037927937 1 729 2 1 500 730 2 1 1224979098644774945 926 2 72057594037927937 1 2106 2 1224979098644774945 27 3 0 4 0 31 2 144115188075856856 1 541 3 26 7 0 910 3 72057594037927937 1585267068834414678 0 729 2 1 900 730 2 1 900 925 2 72057594037927937 1 729 2 1 25 730 2 1 1224979098644774945 926 2 72057594037927937 1 2149 2 1224979098644775012 2256 1529 2 2256 1224979098644775012 2105 2 1224979098644775012 10000 2106 2 1224979098644774946 1224979098644775012 2105 2 1224979098644775011 1224979098644775012 2122 3 72057594037927936 1224979098644775012 -1 910 3 72057594037927937 216172782113786615 32776 921 2 72057594037927937 16722988 729 2 1 900 730 2 1 900 925 2 72057594037927937 1 729 2 1 500 730 2 1 1224979098644774945 926 2 72057594037927937 1 2106 2 1224979098644774945 27 3 0 2133 2 1224979098644775014 0 4 0 2147483679 2 1224979098644774937 0 2113 1 1224979098644774937 2111 2 1224979098644774947 0 2120 3 1224979098644775014 1224979098644774947 1224979098644774948 2105 2 1224979098644775014 1224979098644774920 2105 2 1224979098644775014 1224979098644775011 2107 2 1224979098644775014 1224979098644774937 2108 2 1224979098644775014 100 2107 2 1224979098644775014 -1 2147483678 2 1224979098644775014 0 2133 2 72057594037927938 1224979098644774937 910 3 72057594037927937 1585267068834419835 0 729 2 1 900 730 2 1 900 925 2 72057594037927937 1 729 2 1 25 730 2 1 1224979098644774945 926 2 72057594037927937 1 2133 2 72057594037927936 1224979098644775014 2105 2 1224979098644774946 1224979098644775014 4 0 31 2 144115188075855873 1 1 2 863 1224979098644775014 3 0 910 3 72057594037927937 216172782113786615 32776 729 2 1 900 730 2 1 900 925 2 72057594037927937 1 729 2 1 500 730 2 1 1224979098644774945 926 2 72057594037927937 1 921 2 72057594037927937 16722988 2106 2 1224979098644774945 27 3 0 1 1 855 2133 2 1224979098644775015 72057594037927936 4 0 32 2 1224979098644775015 0 2106 2 1224979098644774946 1224979098644775015 910 3 72057594037927937 1585267068834414668 0 729 2 1 900 730 2 1 900 925 2 72057594037927937 1 729 2 1 25 730 2 1 1224979098644774945 926 2 72057594037927937 1 2122 3 72057594037927936 1224979098644775015 -1 910 3 72057594037927937 216172782113786615 32776 729 2 1 900 730 2 1 900 925 2 72057594037927937 1 921 2 72057594037927937 16711680 729 2 1 500 730 2 1 1224979098644774945 926 2 72057594037927937 1 2106 2 1224979098644774945 27 3 0 4 0 560 3 0 30 1 520 3 1224979098644774939 0 30 540 3 1224979098644774939 184 3 910 3 72057594037927937 1585267068834414677 0 729 2 1 900 730 2 1 900 925 2 72057594037927937 1 729 2 1 25 730 2 1 1224979098644774945 926 2 72057594037927937 1 2136 3 1224979098644775016 21000 22000 2107 2 1224979098644775016 -1 2133 2 72057594037927936 1224979098644775016 2106 2 1224979098644774946 1224979098644775016 910 3 72057594037927937 216172782113786615 32776 921 2 72057594037927937 16722988 729 2 1 900 730 2 1 900 925 2 72057594037927937 1 729 2 1 500 730 2 1 1224979098644774945 926 2 72057594037927937 1 2106 2 1224979098644774945 27 3 0 4 0 30 2 144115188075856034 1 2133 2 1224979098644775017 0 4 0 31 2 144115188075856034 1 2133 2 1224979098644775017 2250 5 0 31 2 144115188075856034 2 2133 2 1224979098644775017 4000 5 0 31 2 144115188075856034 3 2133 2 1224979098644775017 6000 5 0 1106 1 1585267068834414679 3 0 2121 3 1224979098644775018 144115188075856034 1 2105 2 1224979098644775018 216172782113789392 2320 2 0 1224979098644775018 910 3 72057594037927937 216172782113783815 0 729 2 1 900 730 2 1 900 925 2 72057594037927937 1 729 2 1 25 730 2 1 1224979098644774945 926 2 72057594037927937 1 2133 2 72057594037927936 1224979098644775017 910 3 72057594037927937 216172782113786615 32776 921 2 72057594037927937 43520 2105 2 1224979098644774946 1224979098644775017 729 2 1 900 730 2 1 900 925 2 72057594037927937 1 729 2 1 500 730 2 1 1224979098644774945 926 2 72057594037927937 1 2106 2 1224979098644774945 27 3 0 4 0 542 3 25 14 0 542 3 25 223 0 910 3 72057594037927937 1585267068834414680 0 729 2 1 900 730 2 1 900 925 2 72057594037927937 1 729 2 1 25 730 2 1 1224979098644774945 926 2 72057594037927937 1 522 3 1224979098644775019 25 225 2105 2 1224979098644775019 4 522 3 1224979098644775020 25 50 2107 2 1224979098644775020 400 2107 2 1224979098644775020 1224979098644775019 2133 2 72057594037927936 1224979098644775020 910 3 72057594037927937 216172782113786615 32776 921 2 72057594037927937 43520 2105 2 1224979098644774946 1224979098644775020 729 2 1 900 730 2 1 900 925 2 72057594037927937 1 729 2 1 500 730 2 1 1224979098644774945 926 2 72057594037927937 1 2106 2 1224979098644774945 27 3 0 4 0 32 2 144115188075856921 1 2147484190 3 144115188075856921 10 0 542 3 144115188075856921 223 0 910 3 72057594037927937 1585267068834414681 0 729 2 1 900 730 2 1 900 925 2 72057594037927937 1 729 2 1 25 730 2 1 1224979098644774945 926 2 72057594037927937 1 522 3 1224979098644775019 144115188075856921 225 2105 2 1224979098644775019 4 2107 2 1224979098644775019 400 2133 2 72057594037927936 1224979098644775019 2107 2 72057594037927936 -1 910 3 72057594037927937 216172782113786615 32776 921 2 72057594037927937 16722988 2106 2 1224979098644774946 1224979098644775019 729 2 1 900 730 2 1 900 925 2 72057594037927937 1 729 2 1 500 730 2 1 1224979098644774945 926 2 72057594037927937 1 2106 2 1224979098644774945 27 3 0 4 0 31 2 144115188075855873 1 560 3 2465 11 1 2270 1 1224979098644774938 2147484208 3 2465 10 1224979098644774938 910 3 72057594037927937 1585267068834414682 0 729 2 1 900 730 2 1 900 925 2 72057594037927937 1 729 2 1 25 730 2 1 1224979098644774945 926 2 72057594037927937 1 520 3 1224979098644775021 2465 11 2133 2 72057594037927958 1224979098644775021 2136 3 1224979098644775022 -3 16 2136 3 1224979098644775023 -4 16 2105 2 1224979098644775022 1224979098644775023 2105 2 1224979098644775022 100 2107 2 1224979098644775021 1224979098644775022 2108 2 1224979098644775021 100 2121 3 72057594037927938 1224979098644775021 72057594037927958 4 0 540 3 2465 8 0 500 3 2465 10 0 500 3 2465 11 0 2105 2 1224979098644774946 1224979098644775021 2133 2 72057594037927936 1224979098644775021 910 3 72057594037927937 216172782113789390 32776 5 0 2105 2 1224979098644774938 164 500 3 2465 10 1224979098644774938 2105 2 1224979098644774946 72057594037927938 2133 2 72057594037927936 72057594037927938 520 3 72057594037927939 2465 11 910 3 72057594037927937 216172782113789391 32776 3 0 4 0 30 2 72057594037927938 0 4 0 31 2 144115188075855873 1 1 2 863 72057594037927938 3 0 921 2 72057594037927937 43520 5 0 921 2 72057594037927937 16722988 3 0 729 2 1 900 730 2 1 900 925 2 72057594037927937 1 729 2 1 500 730 2 1 1224979098644774945 926 2 72057594037927937 1 2106 2 1224979098644774945 27 3 0 4 0 31 2 144115188075855873 1 2147483848 1 136 566 3 136 10 1 2272 1 1224979098644774936 2106 2 1224979098644774936 7 566 3 136 11 1224979098644774936 526 3 1224979098644775024 136 13 2320 2 22 1224979098644775024 910 3 72057594037927937 1585267068834414683 0 729 2 1 900 730 2 1 900 925 2 72057594037927937 1 729 2 1 25 730 2 1 1224979098644774945 926 2 72057594037927937 1 526 3 1224979098644775021 136 10 526 3 1224979098644775025 136 26 526 3 1224979098644775026 136 19 2136 3 1224979098644775027 0 100 4 0 2147483680 2 1224979098644775027 1224979098644775025 910 3 72057594037927937 1585267068834414684 32776 921 2 72057594037927937 16722988 5 0 2105 2 1224979098644775026 100 2107 2 1224979098644775021 1224979098644775026 2108 2 1224979098644775021 100 2133 2 72057594037927936 1224979098644775021 910 3 72057594037927937 216172782113786615 32776 921 2 72057594037927937 43520 2105 2 1224979098644774946 1224979098644775021 3 0 729 2 1 900 730 2 1 900 925 2 72057594037927937 1 729 2 1 500 730 2 1 1224979098644774945 926 2 72057594037927937 1 2106 2 1224979098644774945 27 506 3 136 13 0 506 3 136 1 0 506 3 136 10 0 506 3 136 19 0 506 3 136 26 0 506 3 136 11 0 3 0 4 0 566 3 113 8 1 910 3 72057594037927937 1585267068834414685 0 729 2 1 900 730 2 1 900 925 2 72057594037927937 1 729 2 1 25 730 2 1 1224979098644774945 926 2 72057594037927937 1 526 3 1224979098644775028 113 8 2105 2 1224979098644774946 1224979098644775028 2133 2 72057594037927936 1224979098644775028 910 3 72057594037927937 216172782113786615 32776 921 2 72057594037927937 43520 729 2 1 900 730 2 1 900 925 2 72057594037927937 1 729 2 1 500 730 2 1 1224979098644774945 926 2 72057594037927937 1 2106 2 1224979098644774945 27 4 0 31 2 144115188075855873 1 506 3 113 8 0 3 0 3 0 911 2 72057594037927937 239 921 2 72057594037927937 0 729 2 1 24000 730 2 1 50 925 2 72057594037927937 1 729 2 1 25 2120 3 1224979098644775029 1224979098644774945 25 730 2 1 1224979098644775029 926 2 72057594037927937 1 910 3 72057594037927937 216172782113786722 0 729 2 1 900 730 2 1 900 925 2 72057594037927937 1 729 2 1 25 730 2 1 1224979098644774945 926 2 72057594037927937 1 2133 2 72057594037927936 1224979098644774946 910 3 72057594037927937 216172782113786615 32776 729 2 1 900 730 2 1 900 925 2 72057594037927937 1 4 0 32 2 72057594037927936 0 921 2 72057594037927937 43520 5 0 2147483678 2 72057594037927936 0 921 2 72057594037927937 16711680 3 0 729 2 1 500 730 2 1 1224979098644774945 926 2 72057594037927937 1 2106 2 1224979098644774945 27 910 3 72057594037927937 216172782113786723 0 729 2 1 900 730 2 1 900 925 2 72057594037927937 1 729 2 1 25 730 2 1 1224979098644774945 926 2 72057594037927937 1 4 0 32 2 144115188075855973 0 2149 2 1224979098644775030 2086 5 0 2149 2 1224979098644775030 0 3 0 2133 2 72057594037927936 1224979098644775030 910 3 72057594037927937 216172782113786615 32776 729 2 1 900 730 2 1 900 925 2 72057594037927937 1 729 2 1 500 730 2 1 1224979098644774945 926 2 72057594037927937 1 2106 2 1224979098644774945 27 2107 2 1224979098644774946 -1 2133 2 1224979098644775031 0 4 0 30 2 1224979098644775030 1224979098644774946 2133 2 1224979098644775032 1224979098644774946 2133 2 1224979098644775033 0 5 0 2133 2 1224979098644775032 1224979098644775030 2121 3 1224979098644775033 1224979098644774946 1224979098644775030 4 0 32 2 144115188075855973 0 2149 2 1224979098644775034 0 4 0 30 2 1224979098644775034 1224979098644775033 2133 2 1224979098644775031 1224979098644775033 2133 2 1224979098644775033 0 5 0 2133 2 1224979098644775031 1224979098644775034 2106 2 1224979098644775033 1224979098644775034 3 0 4 0 31 2 144115188075855873 1 1529 2 0 1224979098644775031 2133 2 72057594037927936 1224979098644775031 1106 2 1585267068834420192 15785267 3 0 3 0 3 0 910 3 72057594037927937 216172782113786724 0 729 2 1 900 730 2 1 900 925 2 72057594037927937 1 729 2 1 25 730 2 1 1224979098644774945 926 2 72057594037927937 1 2121 3 72057594037927936 1224979098644775030 1224979098644775032 910 3 72057594037927937 216172782113786615 32776 729 2 1 900 730 2 1 900 925 2 72057594037927937 1 729 2 1 500 730 2 1 1224979098644774945 926 2 72057594037927937 1 2106 2 1224979098644774945 27 4 0 32 2 144115188075855973 0 32 2 1224979098644775031 0 910 3 72057594037927937 1585267068834414687 0 729 2 1 900 730 2 1 900 925 2 72057594037927937 1 729 2 1 25 730 2 1 1224979098644774945 926 2 72057594037927937 1 2133 2 72057594037927936 1224979098644775034 910 3 72057594037927937 216172782113786615 32776 729 2 1 900 730 2 1 900 925 2 72057594037927937 1 729 2 1 500 730 2 1 1224979098644774945 926 2 72057594037927937 1 2106 2 1224979098644774945 27 910 3 72057594037927937 1585267068834414688 0 729 2 1 900 730 2 1 900 925 2 72057594037927937 1 729 2 1 25 730 2 1 1224979098644774945 926 2 72057594037927937 1 2121 3 72057594037927936 1224979098644775034 1224979098644775031 910 3 72057594037927937 216172782113786615 32776 729 2 1 900 730 2 1 900 925 2 72057594037927937 1 729 2 1 500 730 2 1 1224979098644774945 926 2 72057594037927937 1 2106 2 1224979098644774945 27 3 0 4 0 32 2 1224979098644775033 0 910 3 72057594037927937 216172782113786725 0 729 2 1 900 730 2 1 900 925 2 72057594037927937 1 729 2 1 25 730 2 1 1224979098644774945 926 2 72057594037927937 1 2133 2 72057594037927936 1224979098644775033 910 3 72057594037927937 216172782113786615 32776 729 2 1 900 730 2 1 900 925 2 72057594037927937 1 729 2 1 500 730 2 1 1224979098644774945 926 2 72057594037927937 1 2106 2 1224979098644774945 27 2147483679 2 144115188075855873 0 1 3 367 2 216172782113784253 3 0 945 1 -1 912 2 144115188075856583 1585267068834414610 729 2 1 225 730 2 1 60 926 2 144115188075856583 1 4 0 31 2 144115188075855873 1 4 0 32 2 1224979098644774949 0 2133 2 72057594037927936 1224979098644774949 1106 2 1585267068834414689 3407667 1064 1 1224979098644774949 3 0 2133 2 144115188075855949 1224979098644775033 4 0 32 2 1224979098644775032 0 4 0 32 2 144115188075855973 0 1 2 989 1224979098644775032 5 0 1529 2 0 1224979098644775032 3 0 5 0 2107 2 1224979098644775032 -1 4 0 32 2 144115188075855973 0 1 2 988 1224979098644775032 5 0 1528 2 0 1224979098644775032 3 0 3 0 6 3 1224979098644774923 21 408 541 3 1224979098644774923 7 0 501 3 1224979098644774923 43 0 501 3 1224979098644774923 44 0 3 0 2133 2 144115188075856584 0 3 0 4 0 30 2 144115188075856856 1 1 1 853 5 0 911 2 72057594037927937 88 729 2 1 800 730 2 1 800 925 2 72057594037927937 1 729 2 1 170 730 2 1 0 926 2 72057594037927937 1 3 0 
-62.000000  18 2071 1 1224979098644774912 2072 1 1224979098644774913 4 0 31 2 1224979098644774912 144115188075856583 902 1 0 5 0 31 2 1224979098644774912 144115188075856439 2133 2 144115188075856451 1224979098644774913 900 1 19 5 0 31 2 1224979098644774912 144115188075856440 2133 2 144115188075856452 1224979098644774913 900 1 19 5 0 31 2 1224979098644774912 144115188075856441 2133 2 144115188075856453 1224979098644774913 900 1 19 3 0 


prsnt_game_before_quit 0 236 2
-60.000000  13 4 0 250 0 2124 1 1000 911 2 72057594037927936 444 729 2 1 -1 730 2 1 -1 926 2 72057594037927936 1 729 2 1 1002 730 2 1 1002 925 2 72057594037927936 1 2133 2 144115188075856585 0 902 1 999999 3 0 
-61.000000  25 2071 1 1224979098644774912 32 2 1224979098644774912 500 4 0 1073741895 1 57 1073741895 1 28 1073741895 1 1 1073741895 1 14 1073741895 1 224 1073741895 1 225 1073741895 1 252 71 1 253 4 0 31 2 144115188075856585 0 2105 2 144115188075856585 1 911 2 72057594037927936 445 729 2 1 -1 730 2 1 -1 926 2 72057594037927936 1 729 2 1 1002 730 2 1 1002 925 2 72057594037927936 1 5 0 902 1 0 3 0 3 0 


prsnt_dplmc_autoloot_upgrade_management 0 236 3
-60.000000  252 2124 1 1000 902 1 999999 940 2 144115188075856523 216172782113786653 729 2 1 900 730 2 1 30 926 2 144115188075856523 1 939 4 72057594037927936 -1 19 144115188075855914 729 2 1 500 730 2 1 500 925 2 72057594037927936 1 729 2 1 25 730 2 1 575 926 2 72057594037927936 1 2322 2 1 144115188075855914 2171 2 72057594037927938 144115188075855914 2175 3 72057594037927937 144115188075855914 1 1 2 986 144115188075855914 2320 2 1 1585267068834414690 910 3 72057594037927937 1585267068834414691 67584 729 2 1 180 730 2 1 625 926 2 72057594037927937 1 921 2 72057594037927937 15785267 910 3 72057594037927937 1585267068834419535 69648 921 2 72057594037927937 127 729 2 1 445 730 2 1 530 926 2 72057594037927937 1 2133 2 1224979098644774912 0 7 3 1224979098644774913 0 19 1073741857 3 1224979098644774913 2 11 1073741857 3 1224979098644774913 16 19 31 2 1224979098644774913 0 500 3 2089 1224979098644774912 1224979098644774913 2105 2 1224979098644774912 1 3 0 1 3 494 0 450 2133 2 144115188075856512 72057594037927937 1 3 494 1 420 2133 2 144115188075856513 72057594037927937 1 3 494 2 390 2133 2 144115188075856514 72057594037927937 1 3 494 3 360 2133 2 144115188075856515 72057594037927937 948 1 144115188075856564 931 2 144115188075856564 216172782113788172 729 2 1 465 730 2 1 450 910 3 72057594037927937 1585267068834414693 32768 926 2 72057594037927937 1 729 2 1 600 730 2 1 420 926 2 144115188075856564 1 729 2 1 800 730 2 1 750 925 2 144115188075856564 1 927 2 144115188075856564 0 729 2 1 465 730 2 1 390 910 3 72057594037927937 1585267068834414694 32768 926 2 72057594037927937 1 729 2 1 600 730 2 1 360 948 1 144115188075856565 926 2 144115188075856565 1 729 2 1 800 730 2 1 750 925 2 144115188075856565 1 931 2 144115188075856565 216172782113788352 927 2 144115188075856565 0 2133 2 1224979098644774914 -1 2133 2 1224979098644774915 -1 2133 2 1224979098644774916 -1 4 0 2147483679 2 144115188075855944 -1 520 3 1224979098644774914 144115188075855914 144115188075855944 2123 3 1224979098644774917 1224979098644774914 1000 2119 3 1224979098644774915 1224979098644774914 1000 2109 2 1224979098644774914 100 4 0 1 2 498 1224979098644774914 931 2 144115188075856564 1585267068834414695 931 2 144115188075856564 1585267068834414696 931 2 144115188075856564 1585267068834414697 3 0 927 2 144115188075856564 1224979098644774917 3 0 4 0 31 2 1224979098644774914 4 931 2 144115188075856565 216172782113788349 931 2 144115188075856565 216172782113788350 931 2 144115188075856565 216172782113788351 4 0 31 2 1224979098644774915 104 927 2 144115188075856565 1 2133 2 1224979098644774916 480 5 0 31 2 1224979098644774915 204 927 2 144115188075856565 2 2133 2 1224979098644774916 481 5 0 31 2 1224979098644774915 304 927 2 144115188075856565 3 2133 2 1224979098644774916 482 3 0 5 0 31 2 1224979098644774914 3 931 2 144115188075856565 216172782113788348 4 0 31 2 1224979098644774915 103 2133 2 1224979098644774916 479 927 2 144115188075856565 1 3 0 3 0 4 0 2147483679 2 1224979098644774916 -1 911 2 144115188075856573 1224979098644774916 729 2 1 560 730 2 1 325 926 2 144115188075856573 1 5 0 911 2 144115188075856573 239 922 2 144115188075856573 0 3 0 701 1 2 701 1 3 2133 2 1224979098644774918 300 730 2 1 525 729 2 2 600 730 2 2 600 729 2 3 750 730 2 3 750 6 3 1224979098644774919 4 9 2133 2 1224979098644774920 248 4 0 31 2 1224979098644774919 8 560 3 144115188075855914 154 1 2133 2 1224979098644774920 250 5 0 560 3 144115188075855914 153 1 4 0 31 2 1224979098644774919 4 2133 2 1224979098644774920 252 5 0 31 2 1224979098644774919 5 2133 2 1224979098644774920 251 5 0 31 2 1224979098644774919 6 2133 2 1224979098644774920 253 5 0 31 2 1224979098644774919 7 2133 2 1224979098644774920 249 3 0 3 0 911 2 72057594037927937 1224979098644774920 729 2 1 1224979098644774918 730 2 1 575 926 2 72057594037927937 1 925 2 72057594037927937 2 922 2 72057594037927937 153 4 0 1541 3 1224979098644774921 144115188075855914 1224979098644774919 32 2 1224979098644774921 0 944 2 72057594037927937 1224979098644774921 2120 3 1224979098644774922 1224979098644774918 37 729 2 1 1224979098644774922 730 2 1 612 926 2 72057594037927937 1 925 2 72057594037927937 3 500 3 2096 1224979098644774919 72057594037927937 3 0 2105 2 1224979098644774918 75 3 0 729 2 1 1000 730 2 1 800 925 2 144115188075856512 1 925 2 144115188075856513 1 925 2 144115188075856514 1 925 2 144115188075856515 1 729 2 1 128 730 2 1 310 913 3 144115188075856521 466 467 926 2 144115188075856521 1 729 2 1 270 730 2 1 325 910 3 72057594037927937 1585267068834414698 4112 926 2 72057594037927937 1 729 2 1 300 730 2 1 155 910 3 72057594037927937 1585267068834414699 4112 926 2 72057594037927937 1 730 2 1 105 910 3 72057594037927937 1585267068834414700 4112 926 2 72057594037927937 1 729 2 1 180 730 2 1 148 918 3 144115188075856586 237 238 926 2 144115188075856586 1 520 3 1224979098644774923 144115188075855914 153 927 2 144115188075856586 1224979098644774923 730 2 1 98 918 3 144115188075856587 237 238 926 2 144115188075856587 1 520 3 1224979098644774924 144115188075855914 154 927 2 144115188075856587 1224979098644774924 729 2 1 418 730 2 1 140 913 3 144115188075856588 466 467 926 2 144115188075856588 1 730 2 1 90 913 3 144115188075856589 466 467 926 2 144115188075856589 1 729 2 1 560 730 2 1 155 910 3 72057594037927937 1585267068834414698 4112 926 2 72057594037927937 1 730 2 1 105 910 3 72057594037927937 1585267068834414698 4112 926 2 72057594037927937 1 2319 1 0 910 3 72057594037927937 0 8192 729 2 1 675 730 2 1 125 926 2 72057594037927937 1 729 2 1 300 730 2 1 500 929 2 72057594037927937 1 945 1 72057594037927937 1650 2 1224979098644774925 0 2133 2 1224979098644774926 0 6 3 1224979098644774927 1 1224979098644774925 1652 3 1224979098644774928 0 1224979098644774927 33 3 1224979098644774928 781 823 2105 2 1224979098644774926 1 3 0 2122 3 1224979098644774929 30 1224979098644774926 2133 2 1224979098644774926 0 6 3 1224979098644774927 1 1224979098644774925 1652 3 1224979098644774928 0 1224979098644774927 33 3 1224979098644774928 781 823 2322 2 1 1224979098644774928 729 2 1 150 730 2 1 1224979098644774929 2106 2 1224979098644774929 30 912 3 72057594037927936 1 4112 926 2 72057594037927936 1 2133 2 1224979098644774930 1224979098644774926 500 3 2087 1224979098644774930 72057594037927936 500 3 2088 1224979098644774930 1224979098644774928 2105 2 1224979098644774926 1 3 0 945 1 -1 
-63.000000  18 2071 1 1224979098644774912 2072 1 1224979098644774913 6 3 1224979098644774914 0 9 540 3 2096 1224979098644774914 1224979098644774912 4 0 31 2 1224979098644774913 0 1541 3 1224979098644774915 144115188075855914 1224979098644774914 32 2 1224979098644774915 -1 1542 3 1224979098644774916 144115188075855914 1224979098644774914 2124 1 1000 729 2 1 560 730 2 1 330 972 4 1224979098644774915 1224979098644774916 1 100 5 0 31 2 1224979098644774913 1 971 0 3 0 3 0 
-62.000000  88 2071 1 1224979098644774912 2072 1 1224979098644774913 4 0 31 2 1224979098644774912 144115188075856512 1 3 495 155 1224979098644774913 5 0 31 2 1224979098644774912 144115188075856513 1 3 495 156 1224979098644774913 5 0 31 2 1224979098644774912 144115188075856514 1 3 495 157 1224979098644774913 5 0 31 2 1224979098644774912 144115188075856515 1 3 495 158 1224979098644774913 5 0 31 2 1224979098644774912 144115188075856523 902 1 0 5 0 31 2 1224979098644774912 144115188075856521 1 3 984 144115188075855914 1 5 0 31 2 1224979098644774912 144115188075856586 500 3 144115188075855914 153 1224979098644774913 5 0 31 2 1224979098644774912 144115188075856587 500 3 144115188075855914 154 1224979098644774913 5 0 31 2 1224979098644774912 144115188075856588 1 3 984 144115188075855914 3 5 0 31 2 1224979098644774912 144115188075856589 1 3 984 144115188075855914 4 5 0 31 2 1224979098644774912 144115188075856564 33 3 144115188075855944 155 159 2122 3 1224979098644774914 1224979098644774913 1000 520 3 1224979098644774915 144115188075855914 144115188075855944 2109 2 1224979098644774915 1000 2105 2 1224979098644774914 1224979098644774915 500 3 144115188075855914 144115188075855944 1224979098644774914 5 0 31 2 1224979098644774912 144115188075856565 33 3 144115188075855944 155 159 2122 3 1224979098644774914 1224979098644774913 100 520 3 1224979098644774915 144115188075855914 144115188075855944 2119 3 1224979098644774916 1224979098644774915 100 1 2 498 1224979098644774916 2105 2 1224979098644774914 1224979098644774916 922 2 144115188075856573 0 4 0 31 2 1224979098644774914 103 2133 2 1224979098644774917 479 5 0 1073741855 2 1224979098644774914 104 1073741855 2 1224979098644774914 204 31 2 1224979098644774914 304 2120 3 1224979098644774917 479 1224979098644774913 5 0 2133 2 1224979098644774917 -1 3 0 2108 2 1224979098644774915 1000 2107 2 1224979098644774915 1000 2105 2 1224979098644774914 1224979098644774915 500 3 144115188075855914 144115188075855944 1224979098644774914 4 0 32 2 1224979098644774917 0 2124 1 1000 911 2 72057594037927937 1224979098644774917 729 2 1 560 730 2 1 325 926 2 72057594037927937 1 2133 2 144115188075856573 72057594037927937 3 0 3 0 2133 2 1224979098644774918 0 1650 2 1224979098644774919 0 6 3 1224979098644774920 0 1224979098644774919 1652 3 1224979098644774921 0 1224979098644774920 33 3 1224979098644774921 781 823 2133 2 1224979098644774922 1224979098644774918 2105 2 1224979098644774918 1 540 3 2087 1224979098644774922 1224979098644774912 520 3 1224979098644774923 2088 1224979098644774922 2133 2 144115188075855952 1224979098644774923 2133 2 144115188075855914 1224979098644774923 47 1 1224979098644774923 900 1 21 3 0 


prsnt_dplmc_policy_management 0 236 2
-60.000000  108 2124 1 1000 902 1 999999 522 3 1224979098644774912 25 225 522 3 1224979098644774913 25 226 522 3 1224979098644774914 25 227 522 3 1224979098644774915 25 228 522 3 1224979098644774916 25 228 940 2 144115188075856522 216172782113786653 729 2 1 900 730 2 1 25 926 2 144115188075856522 1 940 2 144115188075856521 216172782113783833 729 2 1 900 730 2 1 125 926 2 144115188075856521 1 910 3 72057594037927937 1585267068834414701 4112 729 2 1 445 730 2 1 700 926 2 72057594037927937 1 914 3 144115188075856564 -3 3 914 3 144115188075856565 -3 3 914 3 144115188075856566 -3 3 914 3 144115188075856567 -3 3 914 3 144115188075856568 -3 3 2133 2 72057594037927937 25 2120 3 1224979098644774917 216172782113788263 1224979098644774912 910 2 144115188075856569 1224979098644774917 2120 3 1224979098644774917 216172782113788270 1224979098644774913 910 2 144115188075856570 1224979098644774917 2120 3 1224979098644774917 216172782113788277 1224979098644774914 910 2 144115188075856571 1224979098644774917 2120 3 1224979098644774917 216172782113788284 1224979098644774915 910 2 144115188075856590 1224979098644774917 2120 3 1224979098644774917 216172782113788294 1224979098644774916 910 2 144115188075856591 1224979098644774917 910 2 144115188075856512 1585267068834414702 910 2 144115188075856513 1585267068834414703 910 2 144115188075856514 1585267068834414704 910 2 144115188075856515 1585267068834414705 910 2 144115188075856516 1585267068834414706 910 2 144115188075856517 216172782113790161 910 2 144115188075856518 216172782113790162 910 2 144115188075856519 216172782113790163 910 2 144115188075856520 216172782113790164 910 2 144115188075856523 216172782113790165 927 2 144115188075856564 1224979098644774912 927 2 144115188075856565 1224979098644774913 927 2 144115188075856566 1224979098644774914 927 2 144115188075856567 1224979098644774915 927 2 144115188075856568 1224979098644774916 729 2 1 200 730 2 1 575 926 2 144115188075856564 1 730 2 1 450 926 2 144115188075856565 1 730 2 1 325 926 2 144115188075856566 1 730 2 1 200 926 2 144115188075856567 1 730 2 1 75 926 2 144115188075856568 1 729 2 1 100 730 2 1 625 926 2 144115188075856512 1 730 2 1 500 926 2 144115188075856513 1 730 2 1 375 926 2 144115188075856514 1 730 2 1 250 926 2 144115188075856515 1 730 2 1 125 926 2 144115188075856516 1 729 2 1 50 730 2 1 550 926 2 144115188075856517 1 730 2 1 425 926 2 144115188075856518 1 730 2 1 300 926 2 144115188075856519 1 730 2 1 175 926 2 144115188075856520 1 730 2 1 50 926 2 144115188075856523 1 729 2 1 775 730 2 1 775 925 2 144115188075856517 1 925 2 144115188075856518 1 925 2 144115188075856519 1 925 2 144115188075856520 1 925 2 144115188075856523 1 729 2 1 400 730 2 1 575 926 2 144115188075856569 1 730 2 1 450 926 2 144115188075856570 1 730 2 1 325 926 2 144115188075856571 1 730 2 1 200 926 2 144115188075856590 1 730 2 1 75 926 2 144115188075856591 1 729 2 1 925 730 2 1 925 925 2 144115188075856569 1 925 2 144115188075856570 1 925 2 144115188075856571 1 925 2 144115188075856590 1 925 2 144115188075856591 1 
-62.000000  60 2071 1 1224979098644774912 2072 1 1224979098644774913 4 0 31 2 1224979098644774912 144115188075856564 502 3 25 225 1224979098644774913 522 3 1224979098644774914 25 276 4 0 31 2 1224979098644774913 -3 2112 3 1224979098644774914 0 21 5 0 31 2 1224979098644774913 -2 2112 3 1224979098644774914 0 26 5 0 31 2 1224979098644774913 -1 2112 3 1224979098644774914 0 31 5 0 31 2 1224979098644774913 0 2112 3 1224979098644774914 0 41 5 0 31 2 1224979098644774913 1 2112 3 1224979098644774914 0 51 5 0 31 2 1224979098644774913 2 2112 3 1224979098644774914 0 61 5 0 31 2 1224979098644774913 3 2112 3 1224979098644774914 0 91 3 0 502 3 25 276 1224979098644774914 2105 2 1224979098644774913 216172782113788263 920 2 144115188075856569 1224979098644774913 5 0 31 2 1224979098644774912 144115188075856565 502 3 25 226 1224979098644774913 2105 2 1224979098644774913 216172782113788270 920 2 144115188075856570 1224979098644774913 5 0 31 2 1224979098644774912 144115188075856566 502 3 25 227 1224979098644774913 2105 2 1224979098644774913 216172782113788277 920 2 144115188075856571 1224979098644774913 5 0 31 2 1224979098644774912 144115188075856567 502 3 25 228 1224979098644774913 2105 2 1224979098644774913 216172782113788284 920 2 144115188075856590 1224979098644774913 5 0 31 2 1224979098644774912 144115188075856568 502 3 25 230 1224979098644774913 2105 2 1224979098644774913 216172782113788294 920 2 144115188075856591 1224979098644774913 5 0 31 2 1224979098644774912 144115188075856522 2133 2 144115188075856592 1 902 1 0 5 0 31 2 1224979098644774912 144115188075856521 1 2 1011 25 900 1 22 3 0 


prsnt_dplmc_peace_terms 0 236 3
-60.000000  51 2124 1 1000 902 1 999999 940 2 144115188075856523 216172782113786653 729 2 1 900 730 2 1 25 926 2 144115188075856523 1 940 2 144115188075856520 1585267068834414707 729 2 1 100 926 2 144115188075856520 1 910 3 72057594037927937 1585267068834414708 4112 729 2 1 445 730 2 1 700 926 2 72057594037927937 1 730 2 1 550 910 2 144115188075856513 1585267068834414709 729 2 1 50 926 2 144115188075856513 1 914 3 144115188075856564 10 50 927 2 144115188075856564 1 729 2 1 300 730 2 1 350 926 2 144115188075856564 1 2133 2 144115188075856593 1000 2133 2 144115188075855963 1 910 2 144115188075856565 1585267068834420193 729 2 1 500 926 2 144115188075856565 1 918 3 144115188075856594 237 238 729 2 1 700 926 2 144115188075856594 1 927 2 144115188075856594 1 2133 2 144115188075856595 0 2133 2 1224979098644774912 0 916 1 144115188075856512 6 3 1224979098644774913 73 153 541 3 1224979098644774913 0 2 2204 2 1224979098644774914 1224979098644774913 31 2 1224979098644774914 144115188075855922 2330 2 2 1224979098644774913 931 2 144115188075856512 2 2133 2 144115188075856595 1224979098644774913 2105 2 1224979098644774912 1 3 0 2133 2 144115188075855964 0 729 2 1 300 730 2 1 250 926 2 144115188075856512 1 927 2 144115188075856512 1224979098644774912 918 3 144115188075856596 237 238 729 2 1 700 926 2 144115188075856596 1 
-61.000000  0 
-62.000000  279 2071 1 1224979098644774912 2072 1 1224979098644774913 4 0 31 2 1224979098644774912 144115188075856512 2133 2 1224979098644774914 0 6 3 1224979098644774915 73 153 2204 2 1224979098644774916 1224979098644774915 31 2 1224979098644774916 144115188075855922 4 0 31 2 1224979098644774914 1224979098644774913 2133 2 144115188075856595 1224979098644774915 3 0 2105 2 1224979098644774914 1 3 0 5 0 31 2 1224979098644774912 144115188075856594 2133 2 144115188075855963 1224979098644774913 5 0 31 2 1224979098644774912 144115188075856596 2133 2 144115188075855964 1224979098644774913 5 0 31 2 1224979098644774912 144115188075856564 2122 3 144115188075856593 1224979098644774913 1000 2133 2 72057594037927937 144115188075856593 920 2 144115188075856565 216172782113783923 5 0 31 2 1224979098644774912 144115188075856520 902 1 0 5 0 31 2 1224979098644774912 144115188075856523 902 1 0 4 0 31 2 144115188075855963 0 2133 2 144115188075856593 0 3 0 4 0 31 2 144115188075855964 0 2133 2 144115188075856595 0 3 0 2133 2 1224979098644774917 144115188075855922 2133 2 1224979098644774918 25 4 0 2147484190 3 1224979098644774918 14 0 33 3 144115188075856921 26 53 2133 2 1224979098644774918 144115188075856921 3 0 2133 2 1224979098644774919 0 2133 2 1224979098644774920 0 2133 2 1224979098644774921 100 4 0 33 3 144115188075856595 73 153 4 0 2147484189 3 144115188075856595 251 0 2270 1 1224979098644774922 521 3 72057594037927936 144115188075856595 251 2106 2 1224979098644774922 72057594037927936 4 0 2147483678 2 1224979098644774922 744 2133 2 1224979098644774919 1 5 0 2147484189 3 144115188075856595 57 1224979098644774917 2147483678 2 1224979098644774922 2184 2133 2 1224979098644774919 1 5 0 2133 2 1224979098644774919 0 3 0 5 0 1073742365 3 144115188075856595 57 144115188075856921 1073742365 3 144115188075856595 58 144115188075856921 541 3 144115188075856595 58 25 2133 2 1224979098644774919 1 5 0 2147484189 3 144115188075856595 57 1224979098644774917 521 3 1224979098644774923 144115188075856595 57 33 3 1224979098644774923 25 53 542 3 1224979098644774923 14 0 2190 3 72057594037927936 1224979098644774917 1224979098644774923 2147483678 2 72057594037927936 0 2133 2 1224979098644774919 1 5 0 2147484189 3 144115188075856595 58 1224979098644774917 521 3 1224979098644774923 144115188075856595 58 33 3 1224979098644774923 25 53 542 3 1224979098644774923 14 0 2190 3 72057594037927936 1224979098644774917 1224979098644774923 2147483678 2 72057594037927936 0 2133 2 1224979098644774919 1 5 0 2147484209 3 144115188075856595 7 0 2133 2 1224979098644774919 1 3 0 561 3 144115188075856595 7 1 521 3 1224979098644774924 144115188075856595 7 2133 2 1224979098644774925 -1 2133 2 1224979098644774920 1 2133 2 1224979098644774926 10000 2133 2 1224979098644774927 10000 6 3 1224979098644774928 21 408 2147483679 2 1224979098644774928 144115188075856595 4 0 541 3 1224979098644774928 105 144115188075856595 2147484189 3 1224979098644774928 7 1224979098644774924 561 3 1224979098644774928 7 1 521 3 1224979098644774925 1224979098644774928 7 5 0 541 3 1224979098644774928 7 1224979098644774924 2147484189 3 1224979098644774928 105 144115188075856595 2133 2 1224979098644774920 0 3 0 1073742365 3 1224979098644774928 0 3 541 3 1224979098644774928 0 2 2204 2 1224979098644774929 1224979098644774928 2281 3 1224979098644774930 1224979098644774928 144115188075856595 1 3 1034 1224979098644774929 1224979098644774917 4 0 1073741856 2 72057594037927936 45 31 2 1224979098644774929 1224979098644774917 2110 2 1224979098644774926 1224979098644774930 5 0 2190 3 72057594037927936 1224979098644774929 1224979098644774917 2110 2 1224979098644774927 1224979098644774930 3 0 3 0 2133 2 1224979098644774921 100 4 0 1073741854 2 1224979098644774926 10000 30 2 1224979098644774927 10000 5 0 2147483678 2 1224979098644774926 1224979098644774927 32 2 1224979098644774927 25 2111 2 1224979098644774926 1 2122 3 1224979098644774921 1224979098644774927 100 2108 2 1224979098644774921 1224979098644774926 4 0 2147483680 2 1224979098644774927 50 2110 2 1224979098644774921 200 3 0 5 0 2147483678 2 1224979098644774927 1224979098644774926 32 2 1224979098644774926 25 2111 2 1224979098644774927 1 2122 3 1224979098644774921 1224979098644774926 100 2108 2 1224979098644774921 1224979098644774927 4 0 2147483680 2 1224979098644774926 50 2110 2 1224979098644774921 200 3 0 2107 2 1224979098644774921 -1 3 0 2147483679 2 1224979098644774920 1 30 2 1224979098644774925 1 2133 2 1224979098644774920 1 6 3 1224979098644774928 21 408 541 3 1224979098644774928 7 1224979098644774925 3221225505 3 1224979098644774928 153 408 2147484189 3 1224979098644774928 105 144115188075856595 2133 2 1224979098644774920 0 3 0 3 0 1 4 450 144115188075855922 1224979098644774918 -1 2133 2 1224979098644774931 72057594037927936 4 0 33 3 144115188075856595 73 153 2157 2 1224979098644774932 144115188075856595 2108 2 1224979098644774932 100 5 0 32 2 144115188075856593 0 2108 2 1224979098644774932 10000 2107 2 1224979098644774932 2 3 0 2133 2 1224979098644774933 72057594037927936 2107 2 1224979098644774933 2 2136 3 1224979098644774934 0 1224979098644774932 2108 2 1224979098644774932 -3 1 3 210 144115188075855922 1224979098644774932 2133 2 1224979098644774935 0 6 3 1224979098644774923 25 53 542 3 1224979098644774923 14 0 2147483679 2 1224979098644774923 1224979098644774917 2147483679 2 1224979098644774923 25 2147483679 2 1224979098644774923 144115188075856921 1 3 1034 1224979098644774923 1224979098644774917 2147483680 2 72057594037927936 45 1 3 1034 1224979098644774923 144115188075856921 2147483680 2 72057594037927936 45 2105 2 1224979098644774935 1 3 0 4 0 2147483678 2 1224979098644774931 0 1073741857 3 144115188075856595 73 153 32 2 144115188075856593 0 2320 2 45 1585267068834414711 2060 1 313 5 0 33 3 144115188075856595 73 153 2147483678 2 1224979098644774931 2 1073742365 3 144115188075856595 57 1224979098644774917 1073741855 2 1224979098644774920 1 1073741855 2 1224979098644774919 0 31 2 1224979098644774935 0 2330 2 46 144115188075856595 2320 2 45 1585267068834414712 2060 1 313 5 0 33 3 144115188075856595 73 153 2133 2 72057594037927936 1 2106 2 72057594037927936 1224979098644774919 2111 2 72057594037927936 0 4 0 541 3 144115188075856595 57 1224979098644774917 2105 2 72057594037927936 1 3 0 2111 2 1224979098644774920 0 2105 2 72057594037927936 1224979098644774920 4 0 31 2 1224979098644774935 0 2105 2 72057594037927936 1 3 0 4 0 30 2 1224979098644774921 190 2105 2 72057594037927936 1 3 0 2105 2 1224979098644774934 72057594037927936 30 2 72057594037927936 3 2330 2 46 144115188075856595 2320 2 45 1585267068834414713 2060 1 313 5 0 31 2 1224979098644774935 0 1073741857 3 144115188075856595 73 153 32 2 144115188075856593 0 33 3 1224979098644774917 25 53 2147483678 2 1224979098644774931 2 2330 2 46 144115188075856595 2320 2 45 1585267068834414714 2060 1 313 5 0 2147483680 2 1224979098644774934 1224979098644774933 4 0 33 3 144115188075856595 73 153 4 0 561 3 144115188075856595 7 1 521 3 72057594037927936 1224979098644774928 7 1 3 208 72057594037927936 -1 3 0 6 3 1224979098644774928 153 408 541 3 1224979098644774928 105 144115188075856595 561 3 1224979098644774928 7 1 521 3 72057594037927936 1224979098644774928 7 1 3 208 72057594037927936 -1 3 0 1 3 167 144115188075856595 1224979098644774918 3 0 4 0 32 2 144115188075856593 0 1 2 988 144115188075856593 522 3 1224979098644774936 144115188075855922 10 4 0 30 2 1224979098644774936 1 2147483679 2 144115188075855922 144115188075856921 2147483679 2 144115188075855922 25 30 2 144115188075856593 1 2133 2 1224979098644774937 144115188075856593 30 2 1224979098644774937 1 1 3 1039 1224979098644774937 1224979098644774936 2108 2 1224979098644774937 10000 2107 2 1224979098644774937 -1 1 3 208 1224979098644774936 1224979098644774937 3 0 3 0 1 4 223 144115188075855922 1224979098644774918 1 902 1 0 2040 0 5 0 2330 2 46 144115188075856595 2320 2 45 1585267068834414715 2060 1 313 3 0 3 0 


prsnt_jrider_faction_relations_report 0 236 3
-60.000000  401 902 1 999999 2124 1 1000 910 3 72057594037927937 1585267068834414716 65552 921 2 72057594037927937 8398162 729 2 1 500 730 2 1 670 926 2 72057594037927937 1 729 2 1 1500 730 2 1 1500 925 2 72057594037927937 1 940 2 72057594037927937 216172782113789079 729 2 1 500 730 2 1 23 926 2 72057594037927937 1 2133 2 144115188075856597 72057594037927937 2133 2 1224979098644774912 215 2133 2 1224979098644774913 597 2133 2 1224979098644774914 0 729 2 1224979098644774914 720 730 2 1224979098644774914 775 2133 2 1224979098644774915 50 729 2 1224979098644774915 60 730 2 1224979098644774915 1600 910 3 72057594037927938 1585267068834414717 16 925 2 72057594037927938 1224979098644774914 729 2 1 1224979098644774912 730 2 1 1224979098644774913 926 2 72057594037927938 1 910 3 72057594037927938 1585267068834414718 16 925 2 72057594037927938 1224979098644774914 2105 2 1224979098644774912 55 729 2 1 1224979098644774912 926 2 72057594037927938 1 911 2 72057594037927937 239 921 2 72057594037927937 0 925 2 72057594037927937 1224979098644774915 2121 3 1224979098644774916 1224979098644774912 21 729 2 2 1224979098644774916 730 2 2 1224979098644774913 926 2 72057594037927937 2 910 3 72057594037927938 1585267068834414719 16 925 2 72057594037927938 1224979098644774914 2105 2 1224979098644774912 110 729 2 1 1224979098644774912 926 2 72057594037927938 1 910 3 72057594037927938 1585267068834414718 16 925 2 72057594037927938 1224979098644774914 2105 2 1224979098644774912 55 729 2 1 1224979098644774912 926 2 72057594037927938 1 911 2 72057594037927937 239 921 2 72057594037927937 0 925 2 72057594037927937 1224979098644774915 2121 3 1224979098644774916 1224979098644774912 21 729 2 2 1224979098644774916 730 2 2 1224979098644774913 926 2 72057594037927937 2 910 3 72057594037927938 1585267068834414719 16 925 2 72057594037927938 1224979098644774914 2105 2 1224979098644774912 110 729 2 1 1224979098644774912 926 2 72057594037927938 1 910 3 72057594037927938 1585267068834414718 16 925 2 72057594037927938 1224979098644774914 2105 2 1224979098644774912 55 729 2 1 1224979098644774912 926 2 72057594037927938 1 911 2 72057594037927937 239 921 2 72057594037927937 0 925 2 72057594037927937 1224979098644774915 2121 3 1224979098644774916 1224979098644774912 21 729 2 2 1224979098644774916 730 2 2 1224979098644774913 926 2 72057594037927937 2 910 3 72057594037927938 1585267068834414719 16 925 2 72057594037927938 1224979098644774914 2105 2 1224979098644774912 110 729 2 1 1224979098644774912 926 2 72057594037927938 1 910 3 72057594037927938 1585267068834414718 16 925 2 72057594037927938 1224979098644774914 2105 2 1224979098644774912 55 729 2 1 1224979098644774912 926 2 72057594037927938 1 911 2 72057594037927937 239 921 2 72057594037927937 0 925 2 72057594037927937 1224979098644774915 2121 3 1224979098644774916 1224979098644774912 21 729 2 2 1224979098644774916 730 2 2 1224979098644774913 926 2 72057594037927937 2 910 3 72057594037927938 1585267068834414719 16 925 2 72057594037927938 1224979098644774914 2105 2 1224979098644774912 110 729 2 1 1224979098644774912 926 2 72057594037927938 1 2319 1 9 2319 1 8 2319 1 3 2319 1 60 2319 1 61 2319 1 0 910 3 72057594037927937 0 131072 729 2 1 50 730 2 1 70 926 2 72057594037927937 1 729 2 1 860 730 2 1 527 929 2 72057594037927937 1 945 1 72057594037927937 2133 2 1224979098644774917 0 2133 2 1224979098644774913 0 2133 2 1224979098644774918 0 7 3 1224979098644774919 25 53 542 3 1224979098644774919 14 0 2133 2 1224979098644774920 220 2133 2 1224979098644774921 1224979098644774913 7 3 1224979098644774922 25 53 2147483679 2 1224979098644774922 1224979098644774919 542 3 1224979098644774922 14 0 2335 2 8 1224979098644774922 4 0 30 2 1224979098644774912 825 2133 2 1224979098644774912 165 2105 2 1224979098644774913 18 3 0 4 0 2147483679 2 1224979098644774922 1224979098644774919 1 3 454 1224979098644774919 1224979098644774922 2133 2 1224979098644774923 72057594037927936 2133 2 1224979098644774924 72057594037927937 4 0 31 2 1224979098644774923 -2 2320 2 60 1585267068834414720 2133 2 72057594037927996 14483456 2133 2 72057594037927995 0 5 0 31 2 1224979098644774923 -1 2320 2 60 1585267068834414721 2133 2 72057594037927996 14516224 2133 2 72057594037927995 1224979098644774924 5 0 31 2 1224979098644774923 0 2320 2 60 1585267068834414722 2133 2 72057594037927996 16777215 2133 2 72057594037927995 0 5 0 31 2 1224979098644774923 1 2320 2 60 1585267068834414723 2133 2 72057594037927996 14540253 2133 2 72057594037927995 1224979098644774924 4 0 30 2 1224979098644774924 61 2320 2 60 1585267068834414724 2133 2 72057594037927996 65280 2121 3 72057594037927995 1224979098644774924 60 5 0 30 2 1224979098644774924 41 2320 2 60 1585267068834414725 2133 2 72057594037927996 65450 2121 3 72057594037927995 1224979098644774924 40 5 0 30 2 1224979098644774924 21 2320 2 60 1585267068834414726 2133 2 72057594037927996 65484 2121 3 72057594037927995 1224979098644774924 20 3 0 3 0 2105 2 1224979098644774912 55 911 2 72057594037927937 239 921 2 72057594037927937 1224979098644774918 729 2 3 50 730 2 3 1800 925 2 72057594037927937 3 2121 3 1224979098644774916 1224979098644774920 20 729 2 3 1224979098644774916 2120 3 1224979098644774925 1224979098644774913 2 730 2 3 1224979098644774925 926 2 72057594037927937 3 2190 3 1224979098644774926 1224979098644774919 1224979098644774922 910 3 72057594037927946 1585267068834414727 65540 925 2 72057594037927946 1224979098644774917 921 2 72057594037927946 72057594037927996 2121 3 1224979098644774916 1224979098644774912 15 729 2 1 1224979098644774916 730 2 1 1224979098644774913 926 2 72057594037927946 1 2105 2 1224979098644774912 110 910 3 72057594037927946 1585267068834414728 16 925 2 72057594037927946 1224979098644774917 2120 3 1224979098644774916 1224979098644774912 5 729 2 1 1224979098644774916 730 2 1 1224979098644774913 926 2 72057594037927946 1 910 3 72057594037927946 8 65540 925 2 72057594037927946 1224979098644774917 1277 2 1224979098644774927 1224979098644774922 921 2 72057594037927946 1224979098644774927 2121 3 1224979098644774916 1224979098644774920 20 2120 3 1224979098644774925 1224979098644774913 18 729 2 3 1224979098644774916 730 2 3 1224979098644774925 926 2 72057594037927946 3 2133 2 72057594037927936 1224979098644774926 910 3 72057594037927946 1585267068834414729 16 925 2 72057594037927946 1224979098644774917 2120 3 1224979098644774916 1224979098644774912 10 729 2 3 1224979098644774916 730 2 3 1224979098644774925 926 2 72057594037927946 3 3 0 2105 2 1224979098644774920 165 4 0 32 2 1224979098644774920 715 2133 2 1224979098644774920 220 2133 2 1224979098644774921 1224979098644774913 2105 2 1224979098644774921 18 3 0 4 0 31 2 1224979098644774920 220 911 2 72057594037927937 239 921 2 72057594037927937 1224979098644774918 729 2 1 32800 730 2 1 50 925 2 72057594037927937 1 729 2 1 200 2120 3 1224979098644774925 1224979098644774913 38 730 2 1 1224979098644774925 926 2 72057594037927937 1 2105 2 1224979098644774913 18 3 0 3 0 2133 2 1224979098644774912 165 2105 2 1224979098644774913 18 911 2 72057594037927937 239 921 2 72057594037927937 0 729 2 1 42000 730 2 1 60 925 2 72057594037927937 1 729 2 1 17 2120 3 1224979098644774925 1224979098644774913 20 730 2 1 1224979098644774925 926 2 72057594037927937 1 2335 2 9 1224979098644774919 2320 2 1 1585267068834414730 910 3 72057594037927946 1 65540 1277 2 1224979098644774927 1224979098644774919 921 2 72057594037927946 1224979098644774927 729 2 3 750 730 2 3 850 925 2 72057594037927946 3 729 2 3 10 730 2 3 1224979098644774913 926 2 72057594037927946 3 2133 2 1224979098644774912 165 2133 2 1224979098644774917 0 729 2 1224979098644774917 700 730 2 1224979098644774917 800 2190 3 72057594037927937 25 1224979098644774919 4 0 30 2 72057594037927937 90 2320 2 3 1585267068834414731 5 0 30 2 72057594037927937 80 2320 2 3 1585267068834414732 5 0 30 2 72057594037927937 70 2320 2 3 1585267068834414733 5 0 30 2 72057594037927937 60 2320 2 3 1585267068834414734 5 0 30 2 72057594037927937 50 2320 2 3 1585267068834414735 5 0 30 2 72057594037927937 40 2320 2 3 1585267068834414736 5 0 30 2 72057594037927937 30 2320 2 3 1585267068834414737 5 0 30 2 72057594037927937 20 2320 2 3 1585267068834414738 5 0 30 2 72057594037927937 10 2320 2 3 1585267068834414739 5 0 30 2 72057594037927937 0 2320 2 3 1585267068834414740 5 0 30 2 72057594037927937 -10 2320 2 3 1585267068834414741 5 0 30 2 72057594037927937 -20 2320 2 3 1585267068834414742 5 0 30 2 72057594037927937 -30 2320 2 3 1585267068834414743 5 0 30 2 72057594037927937 -40 2320 2 3 1585267068834414744 5 0 30 2 72057594037927937 -50 2320 2 3 1585267068834414745 5 0 30 2 72057594037927937 -60 2320 2 3 1585267068834414746 5 0 30 2 72057594037927937 -70 2320 2 3 1585267068834414747 5 0 2320 2 3 1585267068834414748 3 0 910 3 72057594037927946 1585267068834414749 8 925 2 72057594037927946 1224979098644774917 2120 3 1224979098644774916 1224979098644774912 20 729 2 1 1224979098644774916 730 2 1 1224979098644774913 926 2 72057594037927946 1 921 2 72057594037927946 1224979098644774918 910 3 72057594037927946 1585267068834414750 8 925 2 72057594037927946 1224979098644774917 729 2 1 1224979098644774916 2121 3 1224979098644774925 1224979098644774913 20 730 2 1 1224979098644774925 926 2 72057594037927946 1 921 2 72057594037927946 1224979098644774918 4 0 2147483679 2 1224979098644774919 25 2121 3 1224979098644774928 1224979098644774919 25 2105 2 1224979098644774928 103 911 2 72057594037927946 1224979098644774928 729 2 1 60 730 2 1 60 925 2 72057594037927946 1 729 2 1 165 2121 3 1224979098644774925 1224979098644774913 37 730 2 1 1224979098644774925 926 2 72057594037927946 1 3 0 2133 2 1224979098644774929 0 2133 2 1224979098644774930 0 2133 2 1224979098644774931 0 2133 2 1224979098644774932 0 11 1 1224979098644774933 2204 2 1224979098644774934 1224979098644774933 31 2 1224979098644774934 1224979098644774919 4 0 541 3 1224979098644774933 0 10 2105 2 1224979098644774929 1 5 0 541 3 1224979098644774933 0 8 2105 2 1224979098644774930 1 5 0 1073742365 3 1224979098644774933 0 3 1073742365 3 1224979098644774933 0 2 541 3 1224979098644774933 0 4 2105 2 1224979098644774931 1 4 0 541 3 1224979098644774933 7 -1 2105 2 1224979098644774932 1 3 0 3 0 3 0 2133 2 1224979098644774935 0 6 3 1224979098644774936 781 1051 540 3 1224979098644774936 2 2 560 3 1224979098644774936 8 0 2173 2 1224979098644774937 1224979098644774936 31 2 1224979098644774937 1224979098644774919 2105 2 1224979098644774935 1 3 0 2133 2 72057594037927936 1224979098644774931 2133 2 72057594037927994 1224979098644774932 910 3 72057594037927946 1585267068834414751 4 925 2 72057594037927946 1224979098644774917 729 2 1 15 2121 3 1224979098644774925 1224979098644774913 17 730 2 1 1224979098644774925 926 2 72057594037927946 1 921 2 72057594037927946 0 2133 2 72057594037927936 1224979098644774930 910 3 72057594037927946 1585267068834414752 4 925 2 72057594037927946 1224979098644774917 729 2 1 15 2106 2 1224979098644774925 17 730 2 1 1224979098644774925 926 2 72057594037927946 1 921 2 72057594037927946 0 2133 2 72057594037927996 1224979098644774929 2133 2 72057594037927995 1224979098644774935 910 3 72057594037927946 1585267068834414753 4 925 2 72057594037927946 1224979098644774917 729 2 1 15 2106 2 1224979098644774925 17 730 2 1 1224979098644774925 926 2 72057594037927946 1 921 2 72057594037927946 0 2105 2 1224979098644774913 18 3 0 945 1 -1 
-62.000000  5 2071 1 1224979098644774912 4 0 31 2 1224979098644774912 144115188075856597 902 1 0 3 0 
-61.000000  6 4 0 1073741895 1 1 71 1 225 902 1 0 2060 1 4 3 0 


prsnt_estate_report 0 236 4
-60.000000  232 902 1 999999 2124 1 1000 910 3 72057594037927937 1585267068834414754 65552 729 2 1 500 730 2 1 685 926 2 72057594037927937 1 729 2 1 1500 730 2 1 1500 925 2 72057594037927937 1 921 2 72057594037927937 15785267 940 2 72057594037927937 216172782113789079 729 2 1 500 730 2 1 23 926 2 72057594037927937 1 2133 2 144115188075856597 72057594037927937 2319 1 0 2319 1 20 2319 1 21 2319 1 23 2319 1 24 910 3 72057594037927937 0 131072 729 2 1 50 730 2 1 70 926 2 72057594037927937 1 729 2 1 860 730 2 1 527 929 2 72057594037927937 1 910 3 72057594037927936 1585267068834414755 65540 729 2 1 85 730 2 1 620 926 2 72057594037927936 1 729 2 2 1200 730 2 2 1200 925 2 72057594037927936 2 910 3 72057594037927936 1585267068834414756 65540 729 2 1 260 730 2 1 600 926 2 72057594037927936 1 729 2 2 1200 730 2 2 1200 925 2 72057594037927936 2 910 3 72057594037927936 1585267068834414757 65540 729 2 1 260 730 2 1 620 926 2 72057594037927936 1 729 2 2 1200 730 2 2 1200 925 2 72057594037927936 2 910 3 72057594037927936 1585267068834414758 65540 729 2 1 375 730 2 1 620 926 2 72057594037927936 1 729 2 2 1200 730 2 2 1200 925 2 72057594037927936 2 910 3 72057594037927936 1585267068834414759 65540 729 2 1 535 730 2 1 620 926 2 72057594037927936 1 729 2 2 1200 730 2 2 1200 925 2 72057594037927936 2 910 3 72057594037927936 1585267068834414760 65540 729 2 1 780 730 2 1 620 926 2 72057594037927936 1 729 2 2 1200 730 2 2 1200 925 2 72057594037927936 2 910 3 72057594037927936 1585267068834414761 65540 729 2 1 855 730 2 1 620 926 2 72057594037927936 1 729 2 2 1200 730 2 2 1200 925 2 72057594037927936 2 2133 2 1224979098644774912 1 6 3 1224979098644774913 153 408 521 3 1224979098644774914 1224979098644774913 263 30 2 1224979098644774914 1 2105 2 1224979098644774912 1 3 0 729 2 1 0 2122 3 1224979098644774915 300 1224979098644774912 729 2 2 900 730 2 2 900 945 1 72057594037927937 7 3 1224979098644774913 153 408 521 3 1224979098644774914 1224979098644774913 263 30 2 1224979098644774914 1 2133 2 1224979098644774916 0 911 2 72057594037927937 239 921 2 72057594037927937 0 729 2 3 180000 730 2 3 50 925 2 72057594037927937 3 729 2 3 0 2120 3 1224979098644774917 1224979098644774915 16 730 2 3 1224979098644774917 926 2 72057594037927937 3 2330 2 20 1224979098644774914 910 3 72057594037927936 1585267068834414762 4 729 2 1 1224979098644774916 730 2 1 1224979098644774915 926 2 72057594037927936 1 925 2 72057594037927936 2 921 2 72057594037927936 45824 2105 2 1224979098644774916 215 1602 2 72057594037927937 1224979098644774914 2133 2 72057594037927966 30 6 3 1224979098644774918 219 244 521 3 1224979098644774919 1224979098644774914 1224979098644774918 30 2 1224979098644774919 1 1 2 718 1224979098644774918 2105 2 72057594037927966 72057594037927958 3 0 910 3 72057594037927936 1585267068834414763 4 730 2 1 1224979098644774915 729 2 1 1224979098644774916 926 2 72057594037927936 1 925 2 72057594037927936 2 2157 2 72057594037927937 1224979098644774914 2121 3 1224979098644774920 1224979098644774915 14 910 3 72057594037927936 1585267068834414764 4 730 2 1 1224979098644774920 729 2 1 1224979098644774916 926 2 72057594037927936 1 925 2 72057594037927936 2 2105 2 1224979098644774916 100 2319 1 10 2319 1 11 2319 1 20 2319 1 21 2133 2 1224979098644774921 0 2133 2 1224979098644774922 0 7 3 1224979098644774918 219 244 521 3 1224979098644774919 1224979098644774914 1224979098644774918 30 2 1224979098644774919 1 1 2 718 1224979098644774918 4 0 31 2 1224979098644774918 230 521 3 1224979098644774923 1224979098644774914 217 2120 3 1224979098644774924 216172782113788659 1224979098644774923 2320 2 21 1224979098644774924 2320 2 20 1585267068834414765 3 0 4 0 2119 3 1224979098644774925 1224979098644774921 2 32 2 1224979098644774921 1 31 2 1224979098644774925 0 2320 2 10 1585267068834414766 2106 2 1224979098644774922 14 5 0 2320 2 10 1585267068834414767 3 0 2105 2 1224979098644774921 1 3 0 2120 3 1224979098644774920 1224979098644774915 1224979098644774922 910 3 72057594037927936 1585267068834414768 4 730 2 1 1224979098644774920 729 2 1 1224979098644774916 926 2 72057594037927936 1 925 2 72057594037927936 2 2105 2 1224979098644774916 190 2319 1 10 2319 1 11 2319 1 20 2133 2 1224979098644774921 0 2133 2 1224979098644774926 0 7 3 1224979098644774918 219 244 521 3 1224979098644774919 1224979098644774914 1224979098644774918 2147483680 2 1224979098644774919 -1 1 2 718 1224979098644774918 4 0 31 2 1224979098644774918 230 521 3 1224979098644774923 1224979098644774914 217 2120 3 1224979098644774924 216172782113788659 1224979098644774923 2320 2 21 1224979098644774924 2320 2 20 1585267068834414765 3 0 2113 1 1224979098644774919 2133 2 72057594037927946 1224979098644774919 4 0 2119 3 1224979098644774925 1224979098644774921 2 32 2 1224979098644774921 1 31 2 1224979098644774925 0 2320 2 11 1585267068834414769 2106 2 1224979098644774926 14 5 0 2320 2 11 1585267068834414770 3 0 2105 2 1224979098644774921 1 3 0 2120 3 1224979098644774920 1224979098644774915 1224979098644774926 910 3 72057594037927936 1585267068834414771 4 730 2 1 1224979098644774920 729 2 1 1224979098644774916 926 2 72057594037927936 1 925 2 72057594037927936 2 2105 2 1224979098644774916 280 4 0 541 3 1224979098644774914 214 0 2320 2 20 1585267068834414772 5 0 2320 2 20 1585267068834414773 3 0 910 3 72057594037927936 1585267068834414762 4 730 2 1 1224979098644774915 729 2 1 1224979098644774916 926 2 72057594037927936 1 925 2 72057594037927936 2 2105 2 1224979098644774916 50 4 0 541 3 1224979098644774914 218 0 2320 2 20 1585267068834414772 5 0 2320 2 20 1585267068834414773 3 0 910 3 72057594037927936 1585267068834414762 4 730 2 1 1224979098644774915 729 2 1 1224979098644774916 926 2 72057594037927936 1 925 2 72057594037927936 2 4 0 2147483678 2 1224979098644774922 1224979098644774926 2105 2 1224979098644774915 1224979098644774922 5 0 2105 2 1224979098644774915 1224979098644774926 3 0 2106 2 1224979098644774915 40 3 0 945 1 -1 
-62.000000  5 2071 1 1224979098644774912 4 0 31 2 1224979098644774912 144115188075856597 902 1 0 3 0 
-61.000000  6 4 0 1073741895 1 1 71 1 225 902 1 0 2060 1 4 3 0 
-61.000000  12 4 0 71 1 1 902 1 0 2060 1 166 5 0 71 1 57 2124 1 1000 75 1 31 726 2 72057594037927967 31 727 2 72057594037927968 31 1106 1 1585267068834414774 3 0 


prsnt_character_report 0 236 3
-60.000000  503 902 1 999999 2124 1 1000 911 2 72057594037927936 232 729 2 1 -1 730 2 1 -1 926 2 72057594037927936 1 729 2 1 1002 730 2 1 1002 925 2 72057594037927936 1 938 4 144115188075856598 -1 19 0 729 2 2 330 730 2 2 495 926 2 144115188075856598 2 729 2 2 700 730 2 2 700 925 2 144115188075856598 2 910 3 72057594037927937 1585267068834414775 65552 921 2 72057594037927937 127 729 2 1 700 730 2 1 690 926 2 72057594037927937 1 729 2 1 1300 730 2 1 1300 925 2 72057594037927937 1 940 2 72057594037927937 1585267068834414776 729 2 1 700 730 2 1 640 926 2 72057594037927937 1 2133 2 144115188075856512 72057594037927937 940 2 72057594037927937 1585267068834414777 729 2 1 860 730 2 1 640 926 2 72057594037927937 1 2133 2 144115188075856513 72057594037927937 940 2 72057594037927937 1585267068834414778 729 2 1 700 730 2 1 590 926 2 72057594037927937 1 2133 2 144115188075856514 72057594037927937 940 2 72057594037927937 1585267068834414779 729 2 1 860 730 2 1 590 926 2 72057594037927937 1 2133 2 144115188075856515 72057594037927937 910 3 72057594037927937 1585267068834414780 65552 921 2 72057594037927937 127 729 2 1 700 730 2 1 490 926 2 72057594037927937 1 729 2 1 1300 730 2 1 1300 925 2 72057594037927937 1 940 2 72057594037927937 1585267068834414781 729 2 1 700 730 2 1 440 926 2 72057594037927937 1 2133 2 144115188075856516 72057594037927937 940 2 72057594037927937 1585267068834414782 729 2 1 860 730 2 1 440 926 2 72057594037927937 1 2133 2 144115188075856517 72057594037927937 940 2 72057594037927937 1585267068834414783 729 2 1 700 730 2 1 390 926 2 72057594037927937 1 2133 2 144115188075856519 72057594037927937 940 2 72057594037927937 1585267068834414784 729 2 1 860 730 2 1 390 926 2 72057594037927937 1 2133 2 144115188075856518 72057594037927937 910 3 72057594037927937 1585267068834414785 65552 921 2 72057594037927937 127 729 2 1 700 730 2 1 290 926 2 72057594037927937 1 729 2 1 1300 730 2 1 1300 925 2 72057594037927937 1 940 2 72057594037927937 1585267068834414786 729 2 1 700 730 2 1 240 926 2 72057594037927937 1 2133 2 144115188075856520 72057594037927937 940 2 72057594037927937 1585267068834414787 729 2 1 700 730 2 1 190 926 2 72057594037927937 1 2133 2 144115188075856523 72057594037927937 2133 2 144115188075856588 -1 4 0 30 2 144115188075856856 1 940 2 72057594037927937 1585267068834414788 729 2 1 700 730 2 1 140 926 2 72057594037927937 1 2133 2 144115188075856588 72057594037927937 3 0 940 2 72057594037927937 1585267068834419708 729 2 1 860 730 2 1 240 926 2 72057594037927937 1 2133 2 144115188075856586 72057594037927937 940 2 72057594037927937 1585267068834414789 729 2 1 860 730 2 1 190 926 2 72057594037927937 1 2133 2 144115188075856587 72057594037927937 940 2 72057594037927937 1585267068834414790 729 2 1 860 730 2 1 140 926 2 72057594037927937 1 2133 2 144115188075856521 72057594037927937 4 0 520 3 1224979098644774912 0 183 2147483681 3 1224979098644774912 6 24 1106 2 1585267068834414791 16724787 3 0 910 3 72057594037927937 1585267068834414792 65552 921 2 72057594037927937 15785267 729 2 1 200 730 2 1 695 926 2 72057594037927937 1 729 2 1 1300 730 2 1 1300 925 2 72057594037927937 1 729 2 2 950 730 2 2 950 2319 1 0 910 3 72057594037927937 0 10244 729 2 1 30 730 2 1 150 926 2 72057594037927937 1 729 2 1 375 730 2 1 510 929 2 72057594037927937 1 945 1 72057594037927937 2133 2 1224979098644774913 12 4 0 560 3 2431 19 1 2105 2 1224979098644774913 1 3 0 4 0 32 2 144115188075855872 0 2105 2 1224979098644774913 1 3 0 4 0 33 3 144115188075855974 846 1209 2105 2 1224979098644774913 1 3 0 4 0 30 2 144115188075856034 1 2105 2 1224979098644774913 1 3 0 4 0 31 2 144115188075856856 1 2105 2 1224979098644774913 2 3 0 4 0 560 3 0 189 1 2105 2 1224979098644774913 1 3 0 729 2 1 0 2122 3 1224979098644774914 1224979098644774913 27 520 3 72057594037927937 0 18 520 3 1224979098644774912 0 183 2335 2 1 1224979098644774912 910 3 72057594037927936 1585267068834414793 0 730 2 1 1224979098644774914 926 2 72057594037927936 1 925 2 72057594037927936 2 2106 2 1224979098644774914 27 520 3 1224979098644774915 0 23 4 0 30 2 1224979098644774915 1 2120 3 1224979098644774916 216172782113788659 1224979098644774915 2320 2 44 1224979098644774916 2320 2 43 1585267068834414794 5 0 2320 2 43 1585267068834414795 3 0 910 3 72057594037927936 1585267068834414796 0 730 2 1 1224979098644774914 926 2 72057594037927936 1 925 2 72057594037927936 2 2106 2 1224979098644774914 27 4 0 32 2 144115188075856196 0 150 1 144115188075856196 2325 2 8 144115188075856196 2320 2 9 1585267068834414797 5 0 2133 2 144115188075856196 0 2320 2 9 1585267068834414798 3 0 910 3 72057594037927936 1585267068834414730 0 730 2 1 1224979098644774914 926 2 72057594037927936 1 925 2 72057594037927936 2 2106 2 1224979098644774914 27 4 0 1608 2 1224979098644774917 0 1073741855 2 1224979098644774917 7 1073741855 2 1224979098644774917 8 31 2 1224979098644774917 0 2320 2 22 1585267068834414799 5 0 31 2 144115188075856192 -1 2320 2 22 1585267068834414800 5 0 31 2 144115188075856192 0 2320 2 22 1585267068834414801 5 0 2330 2 23 144115188075856192 2320 2 22 1585267068834414802 3 0 910 3 72057594037927936 216172782113790996 0 730 2 1 1224979098644774914 926 2 72057594037927936 1 925 2 72057594037927936 2 2106 2 1224979098644774914 27 1 2 905 0 910 3 72057594037927936 216172782113783815 0 730 2 1 1224979098644774914 926 2 72057594037927936 1 925 2 72057594037927936 2 2106 2 1224979098644774914 27 910 3 72057594037927936 1585267068834414805 0 730 2 1 1224979098644774914 926 2 72057594037927936 1 925 2 72057594037927936 2 526 3 72057594037927937 67 51 526 3 72057594037927938 67 52 526 3 72057594037927939 67 53 526 3 72057594037927940 67 54 2120 3 1224979098644774918 72057594037927937 72057594037927938 2105 2 1224979098644774918 72057594037927939 2105 2 1224979098644774918 72057594037927940 4 0 2147483680 2 1224979098644774918 0 2320 2 10 216172782113788807 5 0 2133 2 72057594037927937 1224979098644774918 2320 2 10 1585267068834414749 3 0 910 3 72057594037927936 1585267068834414806 0 925 2 72057594037927936 2 729 2 3 200 730 2 3 1224979098644774914 926 2 72057594037927936 3 925 2 72057594037927936 2 4 0 30 2 1224979098644774918 1 921 2 72057594037927936 14754086 5 0 921 2 72057594037927936 25600 3 0 2106 2 1224979098644774914 27 910 3 72057594037927936 1585267068834414807 0 730 2 1 1224979098644774914 926 2 72057594037927936 1 925 2 72057594037927936 2 526 3 72057594037927937 67 41 526 3 72057594037927938 67 42 526 3 72057594037927939 67 43 526 3 72057594037927940 67 44 2120 3 1224979098644774919 72057594037927937 72057594037927938 2105 2 1224979098644774919 72057594037927939 2105 2 1224979098644774919 72057594037927940 4 0 2147483680 2 1224979098644774919 0 2320 2 11 216172782113788807 5 0 2133 2 72057594037927937 1224979098644774919 2320 2 11 1585267068834414749 3 0 910 3 72057594037927936 1585267068834414808 0 925 2 72057594037927936 2 729 2 3 200 730 2 3 1224979098644774914 926 2 72057594037927936 3 925 2 72057594037927936 2 4 0 30 2 1224979098644774919 1 921 2 72057594037927936 14754086 5 0 921 2 72057594037927936 25600 3 0 2106 2 1224979098644774914 27 910 3 72057594037927936 1585267068834414809 0 730 2 1 1224979098644774914 926 2 72057594037927936 1 925 2 72057594037927936 2 1701 1 72057594037927936 910 3 72057594037927936 1585267068834414661 0 925 2 72057594037927936 2 729 2 3 200 730 2 3 1224979098644774914 926 2 72057594037927936 3 925 2 72057594037927936 2 921 2 72057594037927936 25600 2106 2 1224979098644774914 27 910 3 72057594037927936 1585267068834414810 0 730 2 1 1224979098644774914 926 2 72057594037927936 1 925 2 72057594037927936 2 1701 2 72057594037927936 1 910 3 72057594037927936 1585267068834414661 0 925 2 72057594037927936 2 729 2 3 200 730 2 3 1224979098644774914 926 2 72057594037927936 3 925 2 72057594037927936 2 921 2 72057594037927936 25600 2106 2 1224979098644774914 27 910 3 72057594037927936 1585267068834414811 0 730 2 1 1224979098644774914 926 2 72057594037927936 1 925 2 72057594037927936 2 2133 2 72057594037927948 144115188075856013 910 3 72057594037927936 1585267068834414812 0 4 0 30 2 72057594037927948 50 921 2 72057594037927936 2263842 5 0 921 2 72057594037927936 16711680 3 0 729 2 3 200 730 2 3 1224979098644774914 926 2 72057594037927936 3 925 2 72057594037927936 2 2106 2 1224979098644774914 27 520 3 1224979098644774920 0 7 2133 2 72057594037927941 1224979098644774920 910 3 72057594037927936 1585267068834414813 0 730 2 1 1224979098644774914 926 2 72057594037927936 1 925 2 72057594037927936 2 2133 2 72057594037927948 1224979098644774920 910 3 72057594037927936 1585267068834414812 0 4 0 30 2 72057594037927941 250 921 2 72057594037927936 2263842 5 0 921 2 72057594037927936 16711680 3 0 729 2 3 200 730 2 3 1224979098644774914 926 2 72057594037927936 3 925 2 72057594037927936 2 2106 2 1224979098644774914 27 1 1 862 910 3 72057594037927936 1585267068834419497 0 730 2 1 1224979098644774914 926 2 72057594037927936 1 925 2 72057594037927936 2 2133 2 72057594037927948 144115188075856849 910 3 72057594037927936 1585267068834414815 0 4 0 30 2 72057594037927948 80 921 2 72057594037927936 2263842 5 0 2147483680 2 72057594037927948 10 921 2 72057594037927936 16711680 5 0 921 2 72057594037927936 16736352 3 0 729 2 3 200 730 2 3 1224979098644774914 926 2 72057594037927936 3 925 2 72057594037927936 2 2106 2 1224979098644774914 27 910 3 72057594037927936 1585267068834414816 0 730 2 1 1224979098644774914 926 2 72057594037927936 1 925 2 72057594037927936 2 1 1 922 2133 2 72057594037927948 144115188075856897 910 3 72057594037927936 1585267068834414815 0 4 0 30 2 72057594037927948 10 921 2 72057594037927936 2263842 5 0 2147483680 2 72057594037927948 -10 921 2 72057594037927936 16711680 3 0 729 2 3 200 730 2 3 1224979098644774914 926 2 72057594037927936 3 925 2 72057594037927936 2 2106 2 1224979098644774914 27 520 3 72057594037927959 2431 19 4 0 30 2 72057594037927959 1 910 3 72057594037927936 1585267068834414817 0 730 2 1 1224979098644774914 926 2 72057594037927936 1 925 2 72057594037927936 2 910 3 72057594037927936 1585267068834414818 0 4 0 32 2 72057594037927959 50 921 2 72057594037927936 2263842 5 0 921 2 72057594037927936 16711680 3 0 729 2 3 200 730 2 3 1224979098644774914 926 2 72057594037927936 3 925 2 72057594037927936 2 2106 2 1224979098644774914 27 3 0 910 3 72057594037927936 1585267068834414819 0 730 2 1 1224979098644774914 926 2 72057594037927936 1 925 2 72057594037927936 2 520 3 72057594037927958 0 6 910 3 72057594037927936 1585267068834414820 0 4 0 30 2 72057594037927958 500 921 2 72057594037927936 2263842 5 0 921 2 72057594037927936 16711680 3 0 729 2 3 200 730 2 3 1224979098644774914 926 2 72057594037927936 3 925 2 72057594037927936 2 2106 2 1224979098644774914 27 4 0 33 3 144115188075855974 846 1209 2322 2 5 144115188075855974 2320 2 1 1585267068834414821 910 3 72057594037927936 1585267068834414691 0 730 2 1 1224979098644774914 926 2 72057594037927936 1 925 2 72057594037927936 2 2106 2 1224979098644774914 27 3 0 4 0 30 2 144115188075856034 1 2319 1 1 4 0 31 2 144115188075856034 1 2133 2 72057594037927937 2250 2320 2 1 1585267068834420194 5 0 31 2 144115188075856034 2 2133 2 72057594037927937 4000 2320 2 1 1585267068834420195 5 0 31 2 144115188075856034 3 2133 2 72057594037927937 6000 2320 2 1 1585267068834420196 3 0 910 3 72057594037927936 1585267068834414691 0 730 2 1 1224979098644774914 926 2 72057594037927936 1 925 2 72057594037927936 2 2106 2 1224979098644774914 27 3 0 4 0 520 3 1224979098644774921 0 189 30 2 1224979098644774921 1 2105 2 1224979098644774921 216172782113788741 2320 2 2 1224979098644774921 2320 2 1 1585267068834414825 910 3 72057594037927936 1585267068834414691 0 730 2 1 1224979098644774914 926 2 72057594037927936 1 925 2 72057594037927936 2 2106 2 1224979098644774914 27 3 0 4 0 31 2 144115188075856856 1 910 3 72057594037927936 1585267068834414826 0 730 2 1 1224979098644774914 926 2 72057594037927936 1 925 2 72057594037927936 2 2106 2 1224979098644774914 27 1 1 850 910 3 72057594037927936 1585267068834414827 0 730 2 1 1224979098644774914 926 2 72057594037927936 1 925 2 72057594037927936 2 2106 2 1224979098644774914 27 3 0 4 0 32 2 144115188075855872 0 2340 2 1 144115188075855872 2320 2 1 1585267068834414828 910 3 72057594037927936 1585267068834414691 0 730 2 1 1224979098644774914 926 2 72057594037927936 1 925 2 72057594037927936 2 2106 2 1224979098644774914 27 3 0 945 1 -1 940 2 72057594037927937 216172782113789079 729 2 1 500 730 2 1 23 926 2 72057594037927937 1 2133 2 144115188075856597 72057594037927937 
-62.000000  92 2071 1 1224979098644774912 4 0 31 2 1224979098644774912 144115188075856597 2133 2 144115188075855914 6 902 1 0 2060 1 4 5 0 31 2 1224979098644774912 144115188075856512 900 1 48 5 0 31 2 1224979098644774912 144115188075856513 2133 2 144115188075855913 2 6 3 1224979098644774913 21 153 521 3 1224979098644774914 1224979098644774913 270 521 3 1224979098644774915 1224979098644774913 46 2133 2 1224979098644774916 1 6 3 1224979098644774917 153 408 541 3 1224979098644774917 105 1224979098644774913 2105 2 1224979098644774916 1 521 3 1224979098644774918 1224979098644774917 270 2105 2 1224979098644774914 1224979098644774918 521 3 1224979098644774919 1224979098644774917 46 2105 2 1224979098644774915 1224979098644774919 3 0 4 0 30 2 1224979098644774916 2 2108 2 1224979098644774915 1224979098644774916 3 0 500 3 2091 1224979098644774913 1224979098644774914 500 3 2092 1224979098644774913 1224979098644774915 3 0 900 1 41 5 0 31 2 1224979098644774912 144115188075856514 900 1 24 5 0 31 2 1224979098644774912 144115188075856515 2133 2 144115188075855914 0 2060 1 333 5 0 31 2 1224979098644774912 144115188075856516 2133 2 144115188075855914 0 2133 2 144115188075856599 1 2133 2 144115188075856600 1 900 1 31 5 0 31 2 1224979098644774912 144115188075856517 2133 2 144115188075855914 0 2133 2 144115188075856599 1 2133 2 144115188075856600 0 900 1 31 5 0 31 2 1224979098644774912 144115188075856587 900 1 25 5 0 31 2 1224979098644774912 144115188075856518 2133 2 144115188075855914 0 4 0 33 3 144115188075855974 846 1209 2060 1 331 5 0 1106 2 1585267068834414829 15785267 3 0 5 0 31 2 1224979098644774912 144115188075856519 2133 2 144115188075855914 0 2133 2 144115188075855933 0 6 3 1224979098644774920 780 823 500 3 1224979098644774920 163 0 3 0 500 3 0 163 0 900 1 33 5 0 31 2 1224979098644774912 144115188075856520 2133 2 144115188075855914 0 2133 2 144115188075855873 0 900 1 19 5 0 31 2 1224979098644774912 144115188075856523 2053 2 2 144115188075856921 5 0 31 2 1224979098644774912 144115188075856521 2053 2 5 0 5 0 31 2 1224979098644774912 144115188075856588 2133 2 144115188075855922 0 2133 2 144115188075856033 0 900 1 70 5 0 31 2 1224979098644774912 144115188075856586 900 1 69 3 0 
-61.000000  12 4 0 71 1 1 902 1 0 2060 1 23 5 0 71 1 57 2124 1 1000 75 1 31 726 2 72057594037927967 31 727 2 72057594037927968 31 1106 1 1585267068834414774 3 0 


prsnt_camp_menu 0 236 3
-60.000000  772 902 1 999999 2124 1 1000 911 2 72057594037927936 212 729 2 1 -1 730 2 1 -1 926 2 72057594037927936 1 729 2 1 1002 730 2 1 1002 925 2 72057594037927936 1 910 3 72057594037927937 1585267068834414830 16 729 2 1 700 730 2 1 690 926 2 72057594037927937 1 729 2 1 1300 730 2 1 1300 925 2 72057594037927937 1 940 2 72057594037927937 1585267068834414831 729 2 1 860 730 2 1 640 926 2 72057594037927937 1 2133 2 144115188075856513 72057594037927937 940 2 72057594037927937 1585267068834414832 729 2 1 700 730 2 1 640 926 2 72057594037927937 1 2133 2 144115188075856514 72057594037927937 940 2 72057594037927937 1585267068834414833 729 2 1 700 730 2 1 590 926 2 72057594037927937 1 2133 2 144115188075856512 72057594037927937 940 2 72057594037927937 1585267068834414834 729 2 1 860 730 2 1 590 926 2 72057594037927937 1 2133 2 144115188075856515 72057594037927937 940 2 72057594037927937 1585267068834414835 729 2 1 700 730 2 1 540 926 2 72057594037927937 1 2133 2 144115188075856516 72057594037927937 2320 2 9 1585267068834414836 4 0 31 2 144115188075855891 1 2320 2 9 1585267068834414837 3 0 940 2 72057594037927937 1585267068834414730 729 2 1 860 730 2 1 540 926 2 72057594037927937 1 2133 2 144115188075856517 72057594037927937 940 2 72057594037927937 1585267068834414838 729 2 1 700 730 2 1 490 926 2 72057594037927937 1 2133 2 144115188075856586 72057594037927937 940 2 72057594037927937 1585267068834414839 729 2 1 860 730 2 1 490 926 2 72057594037927937 1 2133 2 144115188075856588 72057594037927937 910 3 72057594037927937 1585267068834414840 16 729 2 1 700 730 2 1 390 926 2 72057594037927937 1 729 2 1 1300 730 2 1 1300 925 2 72057594037927937 1 940 2 72057594037927937 1585267068834414841 729 2 1 700 730 2 1 340 926 2 72057594037927937 1 2133 2 144115188075856520 72057594037927937 940 2 72057594037927937 1585267068834414842 729 2 1 860 730 2 1 340 926 2 72057594037927937 1 2133 2 144115188075856518 72057594037927937 940 2 72057594037927937 1585267068834414843 729 2 1 700 730 2 1 290 926 2 72057594037927937 1 2133 2 144115188075856519 72057594037927937 940 2 72057594037927937 1585267068834414602 729 2 1 860 730 2 1 290 926 2 72057594037927937 1 2133 2 144115188075856523 72057594037927937 940 2 72057594037927937 1585267068834414844 729 2 1 100 730 2 1 23 926 2 72057594037927937 1 2133 2 144115188075856521 72057594037927937 940 2 72057594037927937 1585267068834414845 729 2 1 260 730 2 1 23 926 2 72057594037927937 1 2133 2 144115188075856522 72057594037927937 940 2 72057594037927937 1585267068834414846 729 2 1 900 730 2 1 23 926 2 72057594037927937 1 2133 2 144115188075856587 72057594037927937 910 3 72057594037927937 1585267068834414847 65552 921 2 72057594037927937 15785267 729 2 1 200 730 2 1 705 926 2 72057594037927937 1 729 2 1 1200 730 2 1 1200 925 2 72057594037927937 1 910 3 72057594037927937 1585267068834419505 65540 921 2 72057594037927937 15785267 729 2 1 475 730 2 1 705 926 2 72057594037927937 1 729 2 1 1200 730 2 1 1200 925 2 72057594037927937 1 910 3 72057594037927937 1585267068834414849 65540 921 2 72057594037927937 15785267 729 2 1 475 730 2 1 430 926 2 72057594037927937 1 729 2 1 1200 730 2 1 1200 925 2 72057594037927937 1 729 2 2 900 730 2 2 900 2319 1 0 910 3 72057594037927937 0 10244 729 2 1 25 730 2 1 290 926 2 72057594037927937 1 729 2 1 400 730 2 1 400 929 2 72057594037927937 1 945 1 72057594037927937 2133 2 1224979098644774912 13 2122 3 1224979098644774913 1224979098644774912 25 2105 2 1224979098644774913 45 910 3 72057594037927936 1585267068834414850 0 925 2 72057594037927936 2 729 2 1 0 730 2 1 1224979098644774913 926 2 72057594037927936 1 2120 3 72057594037927937 216172782113790620 144115188075856601 2320 2 0 72057594037927937 910 3 72057594037927936 216172782113783815 0 921 2 72057594037927936 127 925 2 72057594037927936 2 729 2 1 200 730 2 1 1224979098644774913 926 2 72057594037927936 1 2106 2 1224979098644774913 25 910 3 72057594037927936 1585267068834414854 0 925 2 72057594037927936 2 729 2 1 0 730 2 1 1224979098644774913 926 2 72057594037927936 1 4 0 31 2 144115188075855891 1 2320 2 1 1585267068834414855 5 0 2320 2 1 1585267068834414856 3 0 910 3 72057594037927936 1585267068834414691 0 4 0 2147483679 2 144115188075855891 1 921 2 72057594037927936 16711680 5 0 921 2 72057594037927936 2263842 3 0 925 2 72057594037927936 2 729 2 1 200 730 2 1 1224979098644774913 926 2 72057594037927936 1 2106 2 1224979098644774913 40 910 3 72057594037927936 1585267068834414857 0 925 2 72057594037927936 2 729 2 1 0 730 2 1 1224979098644774913 926 2 72057594037927936 1 2106 2 1224979098644774913 25 910 3 72057594037927936 1585267068834414858 0 925 2 72057594037927936 2 729 2 1 25 730 2 1 1224979098644774913 926 2 72057594037927936 1 2157 2 72057594037927937 501 4 0 30 2 72057594037927937 1 2320 2 1 1585267068834414749 5 0 2320 2 1 1585267068834414859 3 0 910 3 72057594037927936 1585267068834414691 0 925 2 72057594037927936 2 729 2 1 200 730 2 1 1224979098644774913 926 2 72057594037927936 1 2106 2 1224979098644774913 25 910 3 72057594037927936 1585267068834414860 0 925 2 72057594037927936 2 729 2 1 25 730 2 1 1224979098644774913 926 2 72057594037927936 1 2133 2 1224979098644774914 0 1650 2 1224979098644774915 501 6 3 1224979098644774916 0 1224979098644774915 1652 3 1224979098644774917 501 1224979098644774916 33 3 1224979098644774917 568 619 1653 3 1224979098644774918 501 1224979098644774916 1654 3 1224979098644774919 501 1224979098644774916 2106 2 1224979098644774918 1224979098644774919 2105 2 1224979098644774914 1224979098644774918 3 0 2133 2 72057594037927937 0 4 0 32 2 1224979098644774914 69 2133 2 72057594037927937 3 5 0 32 2 1224979098644774914 39 2133 2 72057594037927937 2 5 0 32 2 1224979098644774914 19 2133 2 72057594037927937 1 3 0 4 0 30 2 72057594037927937 1 2320 2 1 1585267068834414749 5 0 2320 2 1 1585267068834414861 3 0 910 3 72057594037927936 1585267068834414691 0 4 0 2147483680 2 72057594037927937 0 921 2 72057594037927936 16711680 5 0 921 2 72057594037927936 2263842 3 0 925 2 72057594037927936 2 729 2 1 200 730 2 1 1224979098644774913 926 2 72057594037927936 1 2106 2 1224979098644774913 25 910 3 72057594037927936 1585267068834414862 0 925 2 72057594037927936 2 729 2 1 25 730 2 1 1224979098644774913 926 2 72057594037927936 1 2133 2 1224979098644774914 0 1650 2 1224979098644774915 501 6 3 1224979098644774916 0 1224979098644774915 1652 3 1224979098644774917 501 1224979098644774916 31 2 1224979098644774917 593 1653 3 1224979098644774918 501 1224979098644774916 1654 3 1224979098644774919 501 1224979098644774916 2106 2 1224979098644774918 1224979098644774919 2105 2 1224979098644774914 1224979098644774918 3 0 2133 2 72057594037927937 0 4 0 32 2 1224979098644774914 29 2133 2 72057594037927937 3 5 0 32 2 1224979098644774914 9 2133 2 72057594037927937 2 5 0 32 2 1224979098644774914 0 2133 2 72057594037927937 1 3 0 4 0 30 2 72057594037927937 1 2320 2 1 1585267068834414749 5 0 2320 2 1 1585267068834414861 3 0 910 3 72057594037927936 1585267068834414691 0 4 0 2147483680 2 72057594037927937 0 921 2 72057594037927936 16711680 5 0 921 2 72057594037927936 2263842 3 0 925 2 72057594037927936 2 729 2 1 200 730 2 1 1224979098644774913 926 2 72057594037927936 1 2106 2 1224979098644774913 40 910 3 72057594037927936 1585267068834414863 0 925 2 72057594037927936 2 729 2 1 0 730 2 1 1224979098644774913 926 2 72057594037927936 1 2106 2 1224979098644774913 25 910 3 72057594037927936 1585267068834414864 0 925 2 72057594037927936 2 729 2 1 0 730 2 1 1224979098644774913 926 2 72057594037927936 1 2106 2 1224979098644774913 25 910 3 72057594037927936 1585267068834414865 0 925 2 72057594037927936 2 729 2 1 25 730 2 1 1224979098644774913 926 2 72057594037927936 1 2157 2 1224979098644774920 0 4 0 30 2 1224979098644774920 500 2133 2 1224979098644774921 10 5 0 30 2 1224979098644774920 400 2133 2 1224979098644774921 8 5 0 30 2 1224979098644774920 300 2133 2 1224979098644774921 6 5 0 30 2 1224979098644774920 200 2133 2 1224979098644774921 4 5 0 30 2 1224979098644774920 100 2133 2 1224979098644774921 2 5 0 2133 2 1224979098644774921 0 3 0 2133 2 1224979098644774914 0 1650 2 1224979098644774915 0 6 3 1224979098644774916 0 1224979098644774915 1652 3 1224979098644774917 0 1224979098644774916 1 2 778 1224979098644774917 1653 3 1224979098644774918 0 1224979098644774916 1654 3 1224979098644774919 0 1224979098644774916 2106 2 1224979098644774918 1224979098644774919 2105 2 1224979098644774914 1224979098644774918 3 0 2133 2 72057594037927937 1224979098644774914 4 0 30 2 72057594037927937 1 2320 2 1 1585267068834414749 5 0 2320 2 1 1585267068834414861 3 0 910 3 72057594037927936 1585267068834414691 0 4 0 30 2 72057594037927937 1 921 2 72057594037927936 2263842 5 0 921 2 72057594037927936 16711680 3 0 925 2 72057594037927936 2 729 2 1 200 730 2 1 1224979098644774913 926 2 72057594037927936 1 2106 2 1224979098644774913 25 910 3 72057594037927936 1585267068834414866 0 925 2 72057594037927936 2 729 2 1 25 730 2 1 1224979098644774913 926 2 72057594037927936 1 2133 2 72057594037927937 1224979098644774921 4 0 30 2 72057594037927937 1 2320 2 1 1585267068834414749 5 0 2320 2 1 1585267068834414861 3 0 910 3 72057594037927936 1585267068834414691 0 4 0 30 2 72057594037927937 1 921 2 72057594037927936 16711680 5 0 921 2 72057594037927936 2263842 3 0 925 2 72057594037927936 2 729 2 1 200 730 2 1 1224979098644774913 926 2 72057594037927936 1 2106 2 1224979098644774913 25 910 3 72057594037927936 1585267068834414867 0 925 2 72057594037927936 2 729 2 1 25 730 2 1 1224979098644774913 926 2 72057594037927936 1 2106 2 1224979098644774914 1224979098644774921 2133 2 72057594037927937 0 4 0 2147483678 2 1224979098644774914 0 2111 2 1224979098644774914 -2 2105 2 72057594037927937 1224979098644774914 3 0 4 0 2147483678 2 72057594037927937 0 2320 2 1 1585267068834414868 5 0 2320 2 1 1585267068834414869 3 0 910 3 72057594037927936 1585267068834414691 0 4 0 2147483678 2 72057594037927937 0 921 2 72057594037927936 16711680 5 0 921 2 72057594037927936 2263842 3 0 925 2 72057594037927936 2 729 2 1 200 730 2 1 1224979098644774913 926 2 72057594037927936 1 2106 2 1224979098644774913 40 910 3 72057594037927936 1585267068834414870 0 925 2 72057594037927936 2 729 2 1 0 730 2 1 1224979098644774913 926 2 72057594037927936 1 2106 2 1224979098644774913 25 4 0 540 3 0 183 13 2320 2 1 1585267068834414871 5 0 2320 2 1 1585267068834414872 3 0 910 3 72057594037927936 1585267068834414691 0 925 2 72057594037927936 2 729 2 1 0 730 2 1 1224979098644774913 926 2 72057594037927936 1 2106 2 1224979098644774913 25 910 3 72057594037927936 1585267068834414873 0 925 2 72057594037927936 2 729 2 1 25 730 2 1 1224979098644774913 926 2 72057594037927936 1 2133 2 1224979098644774914 0 1650 2 1224979098644774915 0 6 3 1224979098644774916 0 1224979098644774915 1652 3 1224979098644774917 0 1224979098644774916 1 2 777 1224979098644774917 1653 3 1224979098644774918 0 1224979098644774916 1654 3 1224979098644774919 0 1224979098644774916 2106 2 1224979098644774918 1224979098644774919 2105 2 1224979098644774914 1224979098644774918 3 0 4 0 30 2 1224979098644774914 4 2105 2 72057594037927937 3 5 0 30 2 1224979098644774914 3 2105 2 72057594037927937 2 5 0 30 2 1224979098644774914 2 2105 2 72057594037927937 1 3 0 4 0 30 2 72057594037927937 1 2320 2 1 1585267068834414749 5 0 2320 2 1 1585267068834414861 3 0 910 3 72057594037927936 1585267068834414691 0 4 0 2147483680 2 72057594037927937 0 921 2 72057594037927936 16711680 5 0 921 2 72057594037927936 2263842 3 0 925 2 72057594037927936 2 729 2 1 200 730 2 1 1224979098644774913 926 2 72057594037927936 1 2106 2 1224979098644774913 25 945 1 -1 729 2 2 900 730 2 2 900 2319 1 0 910 3 72057594037927937 0 10244 729 2 1 450 730 2 1 470 926 2 72057594037927937 1 729 2 1 200 730 2 1 225 929 2 72057594037927937 1 945 1 72057594037927937 729 2 1 0 2133 2 1224979098644774913 200 1 1 217 2133 2 72057594037927942 50 2133 2 1224979098644774922 72057594037927942 910 3 72057594037927936 1585267068834419506 0 730 2 1 1224979098644774913 926 2 72057594037927936 1 925 2 72057594037927936 2 910 3 72057594037927936 1585267068834414875 0 921 2 72057594037927936 2263842 925 2 72057594037927936 2 729 2 3 100 730 2 3 1224979098644774913 926 2 72057594037927936 3 925 2 72057594037927936 2 2106 2 1224979098644774913 25 2133 2 72057594037927937 144115188075856898 2107 2 72057594037927937 -1 2105 2 1224979098644774922 72057594037927937 910 3 72057594037927936 1585267068834414876 0 730 2 1 1224979098644774913 926 2 72057594037927936 1 925 2 72057594037927936 2 910 3 72057594037927936 1585267068834414877 0 4 0 2147483678 2 72057594037927937 0 921 2 72057594037927936 16711680 3 0 925 2 72057594037927936 2 729 2 3 100 730 2 3 1224979098644774913 926 2 72057594037927936 3 925 2 72057594037927936 2 2106 2 1224979098644774913 25 2133 2 72057594037927937 144115188075856904 2105 2 1224979098644774922 72057594037927937 910 3 72057594037927936 1585267068834414878 0 730 2 1 1224979098644774913 926 2 72057594037927936 1 925 2 72057594037927936 2 910 3 72057594037927936 1585267068834414877 0 4 0 32 2 72057594037927937 0 921 2 72057594037927936 2263842 3 0 925 2 72057594037927936 2 729 2 3 100 730 2 3 1224979098644774913 926 2 72057594037927936 3 925 2 72057594037927936 2 2106 2 1224979098644774913 25 2133 2 72057594037927937 144115188075856903 2107 2 72057594037927937 -1 2105 2 1224979098644774922 72057594037927937 910 3 72057594037927936 1585267068834414879 0 730 2 1 1224979098644774913 926 2 72057594037927936 1 925 2 72057594037927936 2 910 3 72057594037927936 1585267068834414877 0 4 0 2147483678 2 72057594037927937 0 921 2 72057594037927936 16711680 3 0 925 2 72057594037927936 2 729 2 3 100 730 2 3 1224979098644774913 926 2 72057594037927936 3 925 2 72057594037927936 2 2106 2 1224979098644774913 25 4 0 30 2 144115188075856901 1 2133 2 72057594037927937 144115188075856901 2107 2 72057594037927937 -1 2105 2 1224979098644774922 72057594037927937 910 3 72057594037927936 1585267068834414880 0 730 2 1 1224979098644774913 926 2 72057594037927936 1 925 2 72057594037927936 2 910 3 72057594037927936 1585267068834414877 0 921 2 72057594037927936 16711680 925 2 72057594037927936 2 729 2 3 100 730 2 3 1224979098644774913 926 2 72057594037927936 3 925 2 72057594037927936 2 2106 2 1224979098644774913 25 5 0 2133 2 72057594037927937 144115188075856899 2105 2 1224979098644774922 72057594037927937 910 3 72057594037927936 1585267068834414881 0 730 2 1 1224979098644774913 926 2 72057594037927936 1 925 2 72057594037927936 2 910 3 72057594037927936 1585267068834414877 0 4 0 32 2 72057594037927937 0 921 2 72057594037927936 2263842 3 0 925 2 72057594037927936 2 729 2 3 100 730 2 3 1224979098644774913 926 2 72057594037927936 3 925 2 72057594037927936 2 2106 2 1224979098644774913 25 3 0 2133 2 72057594037927937 144115188075856902 2105 2 1224979098644774922 72057594037927937 910 3 72057594037927936 1585267068834414882 0 730 2 1 1224979098644774913 926 2 72057594037927936 1 925 2 72057594037927936 2 910 3 72057594037927936 1585267068834414877 0 4 0 2147483678 2 72057594037927937 0 921 2 72057594037927936 16711680 3 0 925 2 72057594037927936 2 729 2 3 100 730 2 3 1224979098644774913 926 2 72057594037927936 3 925 2 72057594037927936 2 2106 2 1224979098644774913 25 2133 2 72057594037927937 144115188075856900 2105 2 1224979098644774922 72057594037927937 910 3 72057594037927936 1585267068834414883 0 730 2 1 1224979098644774913 926 2 72057594037927936 1 925 2 72057594037927936 2 910 3 72057594037927936 1585267068834414877 0 4 0 32 2 72057594037927937 0 921 2 72057594037927936 2263842 3 0 925 2 72057594037927936 2 729 2 3 100 730 2 3 1224979098644774913 926 2 72057594037927936 3 925 2 72057594037927936 2 2106 2 1224979098644774913 25 1671 2 72057594037927941 0 2121 3 72057594037927940 72057594037927941 1224979098644774922 910 3 72057594037927936 1585267068834414884 0 730 2 1 1224979098644774913 926 2 72057594037927936 1 925 2 72057594037927936 2 910 3 72057594037927936 1585267068834414885 0 4 0 30 2 72057594037927940 1 921 2 72057594037927936 2263842 5 0 921 2 72057594037927936 16711680 3 0 925 2 72057594037927936 2 729 2 3 100 730 2 3 1224979098644774913 926 2 72057594037927936 3 925 2 72057594037927936 2 2106 2 1224979098644774913 4 911 2 72057594037927936 239 921 2 72057594037927936 0 729 2 4 6500 730 2 4 100 925 2 72057594037927936 4 730 2 1 1224979098644774913 926 2 72057594037927936 1 2106 2 1224979098644774913 25 910 3 72057594037927936 1585267068834414886 0 730 2 1 1224979098644774913 926 2 72057594037927936 1 925 2 72057594037927936 2 910 3 72057594037927936 1585267068834414887 0 4 0 30 2 72057594037927941 50 921 2 72057594037927936 2263842 5 0 921 2 72057594037927936 16711680 3 0 925 2 72057594037927936 2 729 2 3 100 730 2 3 1224979098644774913 926 2 72057594037927936 3 925 2 72057594037927936 2 2106 2 1224979098644774913 25 945 1 -1 729 2 2 900 730 2 2 900 2319 1 0 910 3 72057594037927937 0 10244 729 2 1 450 730 2 1 270 926 2 72057594037927937 1 729 2 1 200 730 2 1 150 929 2 72057594037927937 1 945 1 72057594037927937 729 2 1 0 2133 2 1224979098644774913 100 910 3 72057594037927936 1585267068834414888 0 730 2 1 1224979098644774913 926 2 72057594037927936 1 925 2 72057594037927936 2 1 2 824 0 2121 3 72057594037927937 72057594037927936 10 910 3 72057594037927936 1585267068834414877 0 921 2 72057594037927936 12086036 925 2 72057594037927936 2 729 2 3 100 730 2 3 1224979098644774913 926 2 72057594037927936 3 925 2 72057594037927936 2 2106 2 1224979098644774913 25 1 2 32 0 2133 2 1224979098644774923 72057594037927936 910 3 72057594037927936 1585267068834414889 0 730 2 1 1224979098644774913 926 2 72057594037927936 1 925 2 72057594037927936 2 2133 2 72057594037927937 144115188075856877 910 3 72057594037927936 1585267068834414877 0 921 2 72057594037927936 2263842 925 2 72057594037927936 2 729 2 3 100 730 2 3 1224979098644774913 926 2 72057594037927936 3 925 2 72057594037927936 2 2106 2 1224979098644774913 25 2133 2 72057594037927937 144115188075856898 2107 2 72057594037927937 -1 2105 2 1224979098644774922 72057594037927937 910 3 72057594037927936 1585267068834414890 0 730 2 1 1224979098644774913 926 2 72057594037927936 1 925 2 72057594037927936 2 2133 2 72057594037927937 144115188075856878 910 3 72057594037927936 1585267068834414877 0 4 0 32 2 72057594037927937 0 921 2 72057594037927936 2263842 3 0 925 2 72057594037927936 2 729 2 3 100 730 2 3 1224979098644774913 926 2 72057594037927936 3 925 2 72057594037927936 2 2106 2 1224979098644774913 25 2133 2 72057594037927937 144115188075856879 2105 2 1224979098644774922 72057594037927937 910 3 72057594037927936 1585267068834414891 0 730 2 1 1224979098644774913 926 2 72057594037927936 1 925 2 72057594037927936 2 2133 2 72057594037927937 144115188075856879 910 3 72057594037927936 1585267068834414877 0 4 0 32 2 72057594037927937 0 921 2 72057594037927936 2263842 3 0 925 2 72057594037927936 2 729 2 3 100 730 2 3 1224979098644774913 926 2 72057594037927936 3 925 2 72057594037927936 2 2106 2 1224979098644774913 2 911 2 72057594037927936 239 921 2 72057594037927936 0 729 2 4 6500 730 2 4 100 925 2 72057594037927936 4 730 2 1 1224979098644774913 926 2 72057594037927936 1 2106 2 1224979098644774913 25 910 3 72057594037927936 1585267068834414886 0 730 2 1 1224979098644774913 926 2 72057594037927936 1 925 2 72057594037927936 2 2133 2 72057594037927937 1224979098644774923 910 3 72057594037927936 1585267068834414877 0 925 2 72057594037927936 2 729 2 3 100 730 2 3 1224979098644774913 926 2 72057594037927936 3 925 2 72057594037927936 2 2106 2 1224979098644774913 25 945 1 -1 940 2 72057594037927937 216172782113789079 729 2 1 500 730 2 1 23 926 2 72057594037927937 1 2133 2 144115188075856597 72057594037927937 
-62.000000  250 2071 1 1224979098644774912 4 0 31 2 1224979098644774912 144115188075856597 2133 2 144115188075855914 6 902 1 0 2060 1 23 5 0 31 2 1224979098644774912 144115188075856512 4 0 31 2 144115188075856848 -1 2105 2 144115188075856601 1 4 0 30 2 144115188075856601 3 2133 2 144115188075856601 0 3 0 1 2 56 0 2133 2 144115188075855914 0 2060 1 23 5 0 1106 2 216172782113788998 15785267 3 0 5 0 31 2 1224979098644774912 144115188075856513 4 0 2147484189 3 0 39 1 1695 2 1224979098644774913 0 30 2 1224979098644774913 1 7 3 1224979098644774914 0 1224979098644774913 1696 3 1224979098644774915 0 1224979098644774914 2133 2 1224979098644774916 0 4 0 200 1 151 566 3 151 11 1 1652 3 1224979098644774917 1224979098644774915 0 31 2 1224979098644774917 829 2133 2 1224979098644774916 1 3 0 31 2 1224979098644774916 0 1661 1 1224979098644774915 1623 3 1224979098644774915 0 1 501 3 1224979098644774915 71 -1 2330 2 22 1224979098644774915 1106 2 1585267068834414892 15785267 3 0 1106 2 1585267068834414893 15785267 5 0 1106 2 1585267068834414894 15785267 3 0 5 0 31 2 1224979098644774912 144115188075856514 4 0 31 2 144115188075856848 -1 4 0 1695 2 1224979098644774913 0 30 2 1224979098644774913 1 2133 2 144115188075855914 0 2060 1 72 5 0 1106 2 1585267068834414894 15785267 3 0 5 0 1106 2 216172782113788998 15785267 3 0 5 0 31 2 1224979098644774912 144115188075856515 2133 2 144115188075855914 0 4 0 31 2 144115188075856848 -1 4 0 1 3 151 0 0 2133 2 1224979098644774918 72057594037927936 2281 3 1224979098644774919 0 1224979098644774918 2147483680 2 1224979098644774919 5 1106 2 1585267068834414895 15785267 5 0 2147483679 2 144115188075856252 286 2147484189 3 0 39 1 2133 2 144115188075855914 0 2060 1 523 5 0 1106 2 1585267068834414896 15785267 3 0 5 0 1106 2 216172782113788998 15785267 3 0 5 0 31 2 1224979098644774912 144115188075856516 4 0 31 2 144115188075856848 -1 4 0 2157 2 1224979098644774920 0 30 2 1224979098644774920 2 2133 2 144115188075855914 0 2060 1 546 5 0 1106 2 1585267068834414897 15785267 3 0 5 0 1106 2 216172782113788998 15785267 3 0 5 0 31 2 1224979098644774912 144115188075856517 2157 2 1224979098644774920 0 4 0 31 2 144115188075855891 1 2133 2 144115188075855891 0 1106 2 1585267068834414898 15785267 5 0 31 2 144115188075856848 -1 4 0 32 2 1224979098644774920 40 31 2 144115188075855891 0 2133 2 144115188075855891 1 1106 2 1585267068834414899 15785267 5 0 1106 2 1585267068834414900 15785267 3 0 5 0 1106 2 216172782113788998 15785267 3 0 2133 2 144115188075855914 0 2060 1 23 5 0 31 2 1224979098644774912 144115188075856518 2133 2 144115188075855914 0 1 1 698 2051 1 2428 5 0 31 2 1224979098644774912 144115188075856519 4 0 31 2 144115188075856848 -1 4 0 1 1 1054 4 0 1 2 1049 0 3 0 1532 1 3 2133 2 144115188075856304 3 2133 2 144115188075856219 23 2133 2 144115188075856602 0 2133 2 144115188075855952 0 2319 1 30 2133 2 144115188075855914 0 2060 1 297 5 0 1106 2 1585267068834414901 15785267 3 0 5 0 1106 2 216172782113788998 15785267 3 0 5 0 31 2 1224979098644774912 144115188075856520 4 0 2147484189 3 0 39 1 2133 2 144115188075855914 0 2060 1 34 5 0 1106 2 1585267068834414902 15785267 3 0 5 0 31 2 1224979098644774912 144115188075856523 2133 2 72057594037927996 0 900 1 44 5 0 31 2 1224979098644774912 144115188075856521 4 0 31 2 144115188075856848 -1 4 0 2147484189 3 0 39 1 2133 2 144115188075855914 0 2060 1 30 5 0 1106 2 1585267068834414902 15785267 3 0 5 0 1106 2 216172782113788998 15785267 3 0 5 0 31 2 1224979098644774912 144115188075856522 4 0 31 2 144115188075856848 -1 2133 2 144115188075855914 0 1 1 545 2048 0 5 0 1106 2 216172782113788998 15785267 3 0 5 0 31 2 1224979098644774912 144115188075856586 4 0 31 2 144115188075856848 -1 4 0 2157 2 1224979098644774921 0 2147483678 2 1224979098644774921 60 1106 2 1585267068834414903 15785267 5 0 4 0 2157 2 1224979098644774921 501 2147483680 2 1224979098644774921 0 2060 1 24 5 0 2133 2 144115188075855914 0 2060 1 25 3 0 3 0 5 0 1106 2 216172782113788998 15785267 3 0 5 0 31 2 1224979098644774912 144115188075856587 4 0 31 2 144115188075856848 -1 1608 2 1224979098644774922 0 4 0 2147483679 2 1224979098644774922 5 2147483679 2 1224979098644774922 13 2147483679 2 1224979098644774922 0 2147483679 2 1224979098644774922 7 2147483679 2 1224979098644774922 8 2060 1 927 5 0 1106 1 1585267068834414904 3 0 5 0 1106 2 216172782113788998 15785267 3 0 5 0 31 2 1224979098644774912 144115188075856588 4 0 31 2 144115188075856848 -1 4 0 560 3 2131 27 1 1106 2 1585267068834414905 15785267 5 0 2147484189 3 0 39 1 2133 2 144115188075855914 0 2157 2 1224979098644774921 0 30 2 1224979098644774921 40 540 3 0 183 13 2060 1 28 5 0 2147484189 3 0 39 1 1106 2 1585267068834414902 15785267 5 0 1106 2 1585267068834414906 15785267 3 0 5 0 1106 2 216172782113788998 15785267 3 0 3 0 
-61.000000  12 4 0 71 1 1 902 1 0 2060 1 23 5 0 71 1 57 2124 1 1000 75 1 31 726 2 72057594037927967 31 727 2 72057594037927968 31 1106 1 1585267068834414774 3 0 


prsnt_center_management 0 0 5
-60.000000  843 902 1 999999 2124 1 1000 911 2 72057594037927936 453 729 2 1 -1 730 2 1 -1 926 2 72057594037927936 1 729 2 1 1002 730 2 1 1002 925 2 72057594037927936 1 521 3 1224979098644774912 144115188075855925 109 521 3 1224979098644774913 144115188075855925 306 4 0 31 2 1224979098644774912 1224979098644774913 501 3 144115188075855925 306 0 3 0 2330 2 0 144115188075855925 910 3 72057594037927937 216172782113783815 65552 921 2 72057594037927937 127 729 2 1 120 730 2 1 695 926 2 72057594037927937 1 729 2 1 1500 730 2 1 1500 925 2 72057594037927937 1 521 3 72057594037927937 144115188075855925 46 521 3 72057594037927938 144115188075855925 45 521 3 72057594037927939 144115188075855925 270 521 3 72057594037927940 144115188075855925 25 2157 2 72057594037927941 144115188075855925 1602 2 72057594037927942 144115188075855925 4 0 31 2 72057594037927942 0 2320 2 2 216172782113788807 5 0 2320 2 2 1585267068834414907 3 0 1 2 941 144115188075855925 2320 2 61 1585267068834419689 910 3 72057594037927936 1585267068834419690 10244 729 2 1 30 730 2 1 390 926 2 72057594037927936 1 729 2 1 1100 730 2 1 1100 925 2 72057594037927936 1 729 2 1 300 730 2 1 300 929 2 72057594037927936 1 4 0 31 2 72057594037927999 1 940 2 72057594037927937 1585267068834414909 729 2 1 100 730 2 1 140 926 2 72057594037927937 1 2133 2 144115188075856512 72057594037927937 5 0 2133 2 144115188075856512 -1 3 0 940 2 72057594037927937 1585267068834414910 729 2 1 100 730 2 1 75 926 2 72057594037927937 1 2133 2 144115188075856587 72057594037927937 940 2 72057594037927937 1585267068834414911 729 2 1 100 730 2 1 205 926 2 72057594037927937 1 2133 2 144115188075856513 72057594037927937 940 2 72057594037927937 1585267068834414912 729 2 1 100 730 2 1 270 926 2 72057594037927937 1 2133 2 144115188075856514 72057594037927937 2319 1 10 4 0 2147484209 3 144115188075855925 7 0 2204 2 1224979098644774914 144115188075855925 31 2 144115188075856921 1224979098644774914 31 2 144115188075855925 144115188075856259 2320 2 10 216172782113788131 5 0 2147484209 3 144115188075855925 7 0 2204 2 1224979098644774914 144115188075855925 31 2 144115188075856921 1224979098644774914 2157 2 1224979098644774915 144115188075855925 31 2 1224979098644774915 0 2320 2 10 216172782113788131 3 0 4 0 1 2 831 144115188075855925 940 2 72057594037927937 1585267068834414913 729 2 1 100 730 2 1 335 926 2 72057594037927937 1 2133 2 144115188075856515 72057594037927937 5 0 2133 2 144115188075856515 -1 3 0 940 2 72057594037927937 1585267068834414914 729 2 1 100 730 2 1 400 926 2 72057594037927937 1 2133 2 144115188075856517 72057594037927937 4 0 541 3 144115188075855925 7 0 910 3 72057594037927937 1585267068834414915 16 729 2 1 100 730 2 1 500 926 2 72057594037927937 1 729 2 1 1300 730 2 1 1300 925 2 72057594037927937 1 916 1 144115188075856516 729 2 1 140 730 2 1 460 926 2 144115188075856516 1 729 2 1 700 730 2 1 900 925 2 144115188075856516 1 931 2 144115188075856516 216172782113788209 931 2 144115188075856516 216172782113788210 931 2 144115188075856516 216172782113788211 931 2 144115188075856516 216172782113788212 931 2 144115188075856516 216172782113788213 521 3 1224979098644774916 144115188075855925 248 4 0 31 2 1224979098644774916 -50 927 2 144115188075856516 0 5 0 31 2 1224979098644774916 -25 927 2 144115188075856516 1 5 0 31 2 1224979098644774916 0 927 2 144115188075856516 2 5 0 31 2 1224979098644774916 25 927 2 144115188075856516 3 5 0 31 2 1224979098644774916 50 927 2 144115188075856516 4 3 0 3 0 940 2 72057594037927937 1585267068834414916 729 2 1 800 730 2 1 25 926 2 72057594037927937 1 2133 2 144115188075856597 72057594037927937 4 0 31 2 144115188075856143 4 910 3 72057594037927937 1585267068834414917 65552 921 2 72057594037927937 127 729 2 1 625 730 2 1 690 926 2 72057594037927937 1 729 2 1 1500 730 2 1 1500 925 2 72057594037927937 1 910 3 72057594037927937 1585267068834414918 10256 729 2 1 350 730 2 1 70 926 2 72057594037927937 1 729 2 1 600 730 2 1 600 929 2 72057594037927937 1 729 2 1 900 730 2 1 900 925 2 72057594037927937 1 2133 2 144115188075856519 72057594037927937 1 2 617 144115188075855925 2133 2 1224979098644774917 6 6 3 1224979098644774918 153 187 561 3 144115188075855925 1224979098644774918 1 2105 2 1224979098644774917 1 3 0 2122 3 1224979098644774919 1224979098644774917 20 2319 1 0 910 3 72057594037927937 0 8192 729 2 1 225 730 2 1 50 926 2 72057594037927937 1 729 2 1 225 730 2 1 500 929 2 72057594037927937 1 945 1 72057594037927937 729 2 1 0 730 2 1 0 729 2 2 900 730 2 2 900 910 3 72057594037927937 1585267068834414919 65536 921 2 72057594037927937 15785267 729 2 1 0 730 2 1 1224979098644774919 926 2 72057594037927937 1 925 2 72057594037927937 2 2106 2 1224979098644774919 20 1 1 676 6 3 1224979098644774918 153 162 521 3 72057594037927958 144115188075855925 1224979098644774918 32 2 72057594037927958 0 2106 2 1224979098644774918 153 2120 3 1224979098644774920 1224979098644774918 216172782113789844 2320 2 3 1224979098644774920 910 3 72057594037927937 1585267068834414920 0 729 2 1 0 730 2 1 1224979098644774919 926 2 72057594037927937 1 925 2 72057594037927937 2 2106 2 1224979098644774919 20 3 0 910 3 72057594037927937 1585267068834414921 0 729 2 1 0 730 2 1 1224979098644774919 926 2 72057594037927937 1 925 2 72057594037927937 2 921 2 72057594037927937 2263842 2106 2 1224979098644774919 20 910 3 72057594037927937 1585267068834414922 65536 921 2 72057594037927937 15785267 729 2 1 0 730 2 1 1224979098644774919 926 2 72057594037927937 1 925 2 72057594037927937 2 2106 2 1224979098644774919 20 1 1 676 6 3 1224979098644774918 162 175 521 3 72057594037927958 144115188075855925 1224979098644774918 32 2 72057594037927958 0 2106 2 1224979098644774918 153 2120 3 1224979098644774920 1224979098644774918 216172782113789844 2320 2 3 1224979098644774920 910 3 72057594037927937 1585267068834414920 0 729 2 1 0 730 2 1 1224979098644774919 926 2 72057594037927937 1 925 2 72057594037927937 2 2106 2 1224979098644774919 20 3 0 910 3 72057594037927937 1585267068834414923 0 729 2 1 0 730 2 1 1224979098644774919 926 2 72057594037927937 1 925 2 72057594037927937 2 921 2 72057594037927937 2263842 2106 2 1224979098644774919 20 910 3 72057594037927937 1585267068834414924 65536 921 2 72057594037927937 15785267 729 2 1 0 730 2 1 1224979098644774919 926 2 72057594037927937 1 925 2 72057594037927937 2 2106 2 1224979098644774919 20 1 1 676 6 3 1224979098644774918 175 187 521 3 72057594037927958 144115188075855925 1224979098644774918 32 2 72057594037927958 0 2106 2 1224979098644774918 153 2120 3 1224979098644774920 1224979098644774918 216172782113789844 2320 2 3 1224979098644774920 910 3 72057594037927937 1585267068834414920 0 729 2 1 0 730 2 1 1224979098644774919 926 2 72057594037927937 1 925 2 72057594037927937 2 2106 2 1224979098644774919 20 3 0 910 3 72057594037927937 1585267068834414925 0 729 2 1 0 730 2 1 1224979098644774919 926 2 72057594037927937 1 925 2 72057594037927937 2 921 2 72057594037927937 2263842 2106 2 1224979098644774919 20 945 1 -1 2133 2 1224979098644774917 0 6 3 1224979098644774912 271 305 1073741855 2 1224979098644774912 290 1073741855 2 1224979098644774912 275 1073741855 2 1224979098644774912 283 1073741855 2 1224979098644774912 284 1073741855 2 1224979098644774912 287 1073741855 2 1224979098644774912 291 1073741855 2 1224979098644774912 272 1073741855 2 1224979098644774912 292 1073741855 2 1224979098644774912 273 1073741855 2 1224979098644774912 298 1073741855 2 1224979098644774912 285 1073741855 2 1224979098644774912 286 31 2 1224979098644774912 280 521 3 72057594037927958 144115188075855925 1224979098644774912 32 2 72057594037927958 0 2105 2 1224979098644774917 1 3 0 6 3 1224979098644774921 264 270 2147483679 2 1224979098644774921 268 521 3 72057594037927958 144115188075855925 1224979098644774921 32 2 72057594037927958 0 2105 2 1224979098644774917 1 3 0 2122 3 1224979098644774919 1224979098644774917 20 2319 1 0 910 3 72057594037927937 0 8192 729 2 1 475 730 2 1 50 926 2 72057594037927937 1 729 2 1 250 730 2 1 500 929 2 72057594037927937 1 945 1 72057594037927937 729 2 1 0 730 2 1 0 729 2 2 900 730 2 2 900 910 3 72057594037927937 1585267068834414926 65536 921 2 72057594037927937 15785267 729 2 1 0 730 2 1 1224979098644774919 926 2 72057594037927937 1 925 2 72057594037927937 2 2106 2 1224979098644774919 20 1 1 676 6 3 1224979098644774912 271 305 1073741855 2 1224979098644774912 290 1073741855 2 1224979098644774912 275 1073741855 2 1224979098644774912 283 1073741855 2 1224979098644774912 284 1073741855 2 1224979098644774912 287 1073741855 2 1224979098644774912 291 1073741855 2 1224979098644774912 272 1073741855 2 1224979098644774912 292 1073741855 2 1224979098644774912 273 1073741855 2 1224979098644774912 298 1073741855 2 1224979098644774912 285 1073741855 2 1224979098644774912 286 31 2 1224979098644774912 280 561 3 144115188075855925 1224979098644774912 1 4 0 31 2 1224979098644774912 290 2133 2 72057594037927958 -500 5 0 31 2 1224979098644774912 275 2133 2 72057594037927958 -500 5 0 31 2 1224979098644774912 283 2133 2 72057594037927958 -250 5 0 31 2 1224979098644774912 284 2133 2 72057594037927958 -300 5 0 31 2 1224979098644774912 287 2133 2 72057594037927958 -1000 5 0 31 2 1224979098644774912 291 2133 2 72057594037927958 -1000 5 0 31 2 1224979098644774912 272 2133 2 72057594037927958 -500 5 0 31 2 1224979098644774912 292 2133 2 72057594037927958 1500 5 0 31 2 1224979098644774912 273 2133 2 72057594037927958 600 5 0 31 2 1224979098644774912 298 2133 2 72057594037927958 2500 5 0 31 2 1224979098644774912 285 2133 2 72057594037927958 500 5 0 31 2 1224979098644774912 286 2133 2 72057594037927958 2000 5 0 31 2 1224979098644774912 280 2133 2 72057594037927958 1000 3 0 1 3 354 1224979098644774912 144115188075855925 910 3 72057594037927937 1585267068834420197 0 729 2 1 0 730 2 1 1224979098644774919 4 0 30 2 72057594037927958 0 921 2 72057594037927937 2263842 5 0 921 2 72057594037927937 16711680 3 0 926 2 72057594037927937 1 925 2 72057594037927937 2 2106 2 1224979098644774919 20 5 0 561 3 144115188075855925 1224979098644774912 1 1073741855 2 1224979098644774912 296 1073741855 2 1224979098644774912 295 31 2 1224979098644774912 297 1 3 354 1224979098644774912 144115188075855925 910 3 72057594037927937 1585267068834414928 0 729 2 1 0 730 2 1 1224979098644774919 921 2 72057594037927937 2263842 926 2 72057594037927937 1 925 2 72057594037927937 2 2106 2 1224979098644774919 20 3 0 910 3 72057594037927937 1585267068834414929 65536 921 2 72057594037927937 15785267 729 2 1 0 730 2 1 1224979098644774919 926 2 72057594037927937 1 925 2 72057594037927937 2 2106 2 1224979098644774919 20 1 1 676 6 3 1224979098644774921 264 270 2147483679 2 1224979098644774921 268 561 3 144115188075855925 1224979098644774921 1 4 0 31 2 1224979098644774921 264 2133 2 72057594037927958 -500 5 0 31 2 1224979098644774921 265 2133 2 72057594037927958 -500 5 0 31 2 1224979098644774921 266 2133 2 72057594037927958 -1000 5 0 31 2 1224979098644774921 267 2133 2 72057594037927958 -5000 3 0 1 2 355 1224979098644774921 910 3 72057594037927937 1585267068834420198 0 729 2 1 0 730 2 1 1224979098644774919 4 0 30 2 72057594037927958 0 921 2 72057594037927937 2263842 5 0 921 2 72057594037927937 16711680 3 0 926 2 72057594037927937 1 925 2 72057594037927937 2 2106 2 1224979098644774919 20 3 0 945 1 -1 2133 2 1224979098644774917 4 2122 3 1224979098644774919 1224979098644774917 20 2319 1 0 910 3 72057594037927937 0 8192 729 2 1 750 730 2 1 50 926 2 72057594037927937 1 729 2 1 200 730 2 1 500 929 2 72057594037927937 1 945 1 72057594037927937 729 2 1 0 730 2 1 0 729 2 2 900 730 2 2 900 910 3 72057594037927937 1585267068834414931 65536 921 2 72057594037927937 15785267 729 2 1 0 730 2 1 1224979098644774919 926 2 72057594037927937 1 925 2 72057594037927937 2 2106 2 1224979098644774919 20 1 1 676 522 3 72057594037927958 144115188075856150 226 2107 2 72057594037927958 -1 2105 2 72057594037927958 125 2107 2 72057594037927958 100 2108 2 72057594037927958 125 2106 2 72057594037927958 100 910 3 72057594037927937 1585267068834414932 0 729 2 1 0 730 2 1 1224979098644774919 926 2 72057594037927937 1 925 2 72057594037927937 2 4 0 30 2 72057594037927958 0 921 2 72057594037927937 2263842 5 0 921 2 72057594037927937 16711680 3 0 2106 2 1224979098644774919 20 521 3 72057594037927958 144115188075855925 46 2105 2 72057594037927958 20 2106 2 72057594037927958 100 910 3 72057594037927937 1585267068834414933 0 729 2 1 0 730 2 1 1224979098644774919 926 2 72057594037927937 1 925 2 72057594037927937 2 4 0 30 2 72057594037927958 0 921 2 72057594037927937 2263842 5 0 921 2 72057594037927937 16711680 3 0 2106 2 1224979098644774919 20 521 3 72057594037927938 144115188075855925 248 2105 2 72057594037927938 100 2107 2 72057594037927938 60 2108 2 72057594037927938 100 2133 2 1224979098644774922 72057594037927938 910 3 72057594037927937 1585267068834414934 0 729 2 1 0 730 2 1 1224979098644774919 4 0 30 2 72057594037927938 0 921 2 72057594037927937 2263842 5 0 921 2 72057594037927937 16711680 3 0 926 2 72057594037927937 1 925 2 72057594037927937 2 2106 2 1224979098644774919 20 521 3 1224979098644774923 144115188075855925 324 1 2 353 1224979098644774923 2121 3 72057594037927938 72057594037927936 100 910 3 72057594037927937 1585267068834414935 0 729 2 1 0 730 2 1 1224979098644774919 4 0 30 2 72057594037927938 0 921 2 72057594037927937 2263842 5 0 921 2 72057594037927937 16711680 3 0 926 2 72057594037927937 1 925 2 72057594037927937 2 2106 2 1224979098644774919 20 521 3 1224979098644774924 144115188075855925 325 1 2 353 1224979098644774924 2121 3 72057594037927939 72057594037927936 100 910 3 72057594037927937 1585267068834414936 0 729 2 1 0 730 2 1 1224979098644774919 4 0 30 2 72057594037927939 0 921 2 72057594037927937 2263842 5 0 921 2 72057594037927937 16711680 3 0 926 2 72057594037927937 1 925 2 72057594037927937 2 2106 2 1224979098644774919 20 1 2 618 144115188075855925 2121 3 72057594037927938 72057594037927936 100 910 3 72057594037927937 1585267068834414937 0 729 2 1 0 730 2 1 1224979098644774919 4 0 30 2 72057594037927938 0 921 2 72057594037927937 2263842 5 0 921 2 72057594037927937 16711680 3 0 926 2 72057594037927937 1 925 2 72057594037927937 2 2106 2 1224979098644774919 20 4 0 521 3 1224979098644774925 144115188075855925 7 30 2 1224979098644774925 0 520 3 1224979098644774926 1224979098644774925 183 2147484189 3 144115188075855925 18 1224979098644774926 910 3 72057594037927937 1585267068834414938 0 729 2 1 0 730 2 1 1224979098644774919 921 2 72057594037927937 16711680 926 2 72057594037927937 1 925 2 72057594037927937 2 2106 2 1224979098644774919 20 3 0 2107 2 72057594037927985 1224979098644774922 2108 2 72057594037927985 100 910 3 72057594037927937 1585267068834414939 0 729 2 1 0 730 2 1 1224979098644774919 4 0 30 2 72057594037927985 0 921 2 72057594037927937 2263842 5 0 921 2 72057594037927937 16711680 3 0 926 2 72057594037927937 1 925 2 72057594037927937 2 2106 2 1224979098644774919 20 945 1 -1 5 0 31 2 144115188075856143 3 910 3 72057594037927937 1585267068834414602 16 729 2 1 700 730 2 1 690 926 2 72057594037927937 1 729 2 1 1500 730 2 1 1500 925 2 72057594037927937 1 910 3 72057594037927937 1585267068834414940 10256 729 2 1 500 730 2 1 70 926 2 72057594037927937 1 729 2 1 400 730 2 1 600 929 2 72057594037927937 1 729 2 1 900 730 2 1 900 925 2 72057594037927937 1 2133 2 144115188075856519 72057594037927937 2319 1 0 910 3 144115188075856603 0 8192 729 2 1 635 730 2 1 80 926 2 144115188075856603 1 729 2 1 330 730 2 1 535 929 2 144115188075856603 1 945 1 144115188075856603 729 2 1 0 730 2 1 160 1 1 676 6 3 1224979098644774927 1 4 2120 3 1224979098644774920 216172782113789395 1224979098644774927 2106 2 1224979098644774920 1 2320 2 3 1224979098644774920 910 3 72057594037927937 3 0 921 2 72057594037927937 0 926 2 72057594037927937 1 729 2 2 900 730 2 2 900 925 2 72057594037927937 2 500 3 2060 1224979098644774927 72057594037927937 727 2 1224979098644774928 1 2106 2 1224979098644774928 30 730 2 1 1224979098644774928 3 0 1 1 676 945 1 -1 5 0 31 2 144115188075856143 2 910 3 72057594037927937 1585267068834414941 16 729 2 1 700 730 2 1 690 926 2 72057594037927937 1 729 2 1 1500 730 2 1 1500 925 2 72057594037927937 1 2319 1 0 910 3 144115188075856603 0 8192 729 2 1 635 730 2 1 90 926 2 144115188075856603 1 729 2 1 330 730 2 1 535 929 2 144115188075856603 1 945 1 144115188075856603 729 2 1 0 730 2 1 240 1 1 676 6 3 1224979098644774921 264 270 521 3 72057594037927940 144115188075855925 1224979098644774921 2110 2 72057594037927940 1 1 2 355 1224979098644774921 2320 2 3 1585267068834414942 910 3 72057594037927937 3 0 4 0 31 2 72057594037927940 1 921 2 72057594037927937 1163540 5 0 921 2 72057594037927937 0 3 0 926 2 72057594037927937 1 729 2 2 900 730 2 2 900 925 2 72057594037927937 2 500 3 2060 1224979098644774921 72057594037927937 727 2 1224979098644774928 1 2106 2 1224979098644774928 30 730 2 1 1224979098644774928 3 0 1 1 676 945 1 -1 5 0 31 2 144115188075856143 1 910 3 72057594037927937 1585267068834414758 16 729 2 1 700 730 2 1 690 926 2 72057594037927937 1 729 2 1 1500 730 2 1 1500 925 2 72057594037927937 1 2319 1 0 910 3 144115188075856603 0 8192 729 2 1 635 730 2 1 90 926 2 144115188075856603 1 729 2 1 330 730 2 1 535 929 2 144115188075856603 1 945 1 144115188075856603 4 0 541 3 144115188075855925 0 4 2122 3 1224979098644774929 17 29 2133 2 1224979098644774930 271 2133 2 1224979098644774931 288 5 0 2122 3 1224979098644774929 22 29 2133 2 1224979098644774930 283 2133 2 1224979098644774931 305 3 0 729 2 1 0 730 2 1 1224979098644774929 1 1 676 6 3 1224979098644774932 1224979098644774930 1224979098644774931 2133 2 1224979098644774933 0 2319 1 44 4 0 31 2 1224979098644774932 304 4 0 31 2 144115188075855925 26 30 2 144115188075856435 1 5 0 2133 2 1224979098644774933 1 3 0 5 0 31 2 1224979098644774932 303 2147484208 3 0 23 0 2133 2 1224979098644774933 1 5 0 31 2 1224979098644774932 298 541 3 144115188075855925 41 0 2133 2 1224979098644774933 1 5 0 31 2 1224979098644774932 285 541 3 144115188075855925 162 0 2133 2 1224979098644774933 1 5 0 31 2 1224979098644774932 276 541 3 144115188075855925 167 0 2133 2 1224979098644774933 1 5 0 31 2 1224979098644774932 271 541 3 144115188075855925 173 0 2133 2 1224979098644774933 1 5 0 31 2 1224979098644774932 303 540 3 0 23 0 2133 2 1224979098644774933 1 5 0 1073741855 2 1224979098644774932 277 31 2 1224979098644774932 288 4 0 520 3 1224979098644774926 0 183 541 3 144115188075855925 18 1224979098644774926 2133 2 1224979098644774933 1 5 0 2335 2 44 1224979098644774926 3 0 2320 2 44 1585267068834414943 3 0 31 2 1224979098644774933 0 521 3 72057594037927940 144115188075855925 1224979098644774932 2110 2 72057594037927940 1 4 0 1073741855 2 72057594037927940 1 1073742365 3 144115188075855925 306 1224979098644774932 541 3 144115188075855925 109 1224979098644774932 521 3 144115188075855928 144115188075855925 305 5 0 31 2 1224979098644774932 303 520 3 144115188075855928 0 23 3 0 2319 1 33 4 0 541 3 144115188075855925 306 1224979098644774932 1 3 354 1224979098644774932 144115188075855925 2270 1 1224979098644774934 521 3 1224979098644774935 144115188075855925 307 2106 2 1224979098644774935 1224979098644774934 2123 3 72057594037927944 1224979098644774935 24 2111 2 72057594037927944 1 2121 3 72057594037927945 72057594037927944 1 2320 2 33 1585267068834414944 5 0 541 3 144115188075855925 109 1224979098644774932 1 3 354 1224979098644774932 144115188075855925 2270 1 1224979098644774934 521 3 1224979098644774935 144115188075855925 110 2106 2 1224979098644774935 1224979098644774934 2123 3 72057594037927944 1224979098644774935 24 2111 2 72057594037927944 1 2121 3 72057594037927945 72057594037927944 1 2320 2 33 1585267068834414944 3 0 1 3 354 1224979098644774932 144115188075855925 2320 2 3 1585267068834414945 910 3 72057594037927937 3 0 4 0 31 2 72057594037927940 1 921 2 72057594037927937 1163540 5 0 2147485966 1 33 921 2 72057594037927937 12679953 5 0 921 2 72057594037927937 0 3 0 926 2 72057594037927937 1 729 2 2 900 730 2 2 900 925 2 72057594037927937 2 500 3 2060 1224979098644774932 72057594037927937 727 2 1224979098644774928 1 2106 2 1224979098644774928 30 730 2 1 1224979098644774928 3 0 1 1 676 945 1 -1 3 0 910 3 72057594037927937 216172782113783809 16 729 2 1 390 730 2 1 600 926 2 72057594037927937 1 729 2 1 1200 730 2 1 1200 925 2 72057594037927937 1 2133 2 144115188075856518 72057594037927937 910 3 72057594037927937 216172782113783809 10256 729 2 1 270 730 2 1 0 926 2 72057594037927937 1 729 2 1 250 730 2 1 600 929 2 72057594037927937 1 729 2 1 900 730 2 1 900 925 2 72057594037927937 1 2133 2 144115188075856519 72057594037927937 911 2 72057594037927937 491 729 2 1 390 730 2 1 150 926 2 72057594037927937 1 729 2 1 500 730 2 1 500 925 2 72057594037927937 1 947 2 72057594037927937 0 2133 2 144115188075856604 72057594037927937 
-63.000000  262 2071 1 1224979098644774912 2319 1 10 2319 1 11 2133 2 1224979098644774913 0 921 2 144115188075856518 0 2133 2 1224979098644774914 216172782113789402 4 0 31 2 144115188075856143 3 6 3 1224979098644774915 1 4 540 3 2060 1224979098644774915 1224979098644774912 2133 2 144115188075855914 1224979098644774915 2330 2 39 144115188075855925 4 0 1073741855 2 1224979098644774915 1 31 2 1224979098644774915 2 521 3 1224979098644774916 144115188075855925 270 2122 3 144115188075855920 1224979098644774916 1 2108 2 144115188075855920 3 2133 2 72057594037927966 144115188075855920 1 2 351 0 2133 2 1224979098644774917 72057594037927936 2133 2 72057594037927938 72057594037927936 2133 2 1224979098644774918 72057594037927937 2319 1 1 4 0 31 2 1224979098644774918 0 2133 2 72057594037927939 1 5 0 2133 2 72057594037927939 0 2322 2 1 1224979098644774918 3 0 2121 3 144115188075855917 24 1224979098644774917 2133 2 72057594037927976 144115188075855917 5 0 31 2 1224979098644774915 3 521 3 72057594037927967 144115188075855925 45 2133 2 144115188075855920 72057594037927967 2133 2 144115188075855917 2 3 0 2120 3 1224979098644774919 1224979098644774915 216172782113789395 2120 3 1224979098644774920 1224979098644774915 216172782113789398 2106 2 1224979098644774919 1 2106 2 1224979098644774920 1 2320 2 10 1224979098644774919 2320 2 11 1224979098644774920 3 0 5 0 31 2 144115188075856143 2 6 3 1224979098644774921 264 270 540 3 2060 1224979098644774921 1224979098644774912 4 0 541 3 144115188075855925 1224979098644774921 0 1 2 355 1224979098644774921 2133 2 72057594037927936 2000 2133 2 144115188075855914 2 2133 2 144115188075856274 1224979098644774921 2320 2 10 30 2320 2 11 31 5 0 1 2 355 1224979098644774921 2320 2 10 30 2320 2 11 31 2320 2 11 1585267068834414946 2133 2 144115188075855914 1 2133 2 144115188075856274 1224979098644774921 3 0 3 0 5 0 31 2 144115188075856143 1 6 3 1224979098644774922 271 305 2133 2 1224979098644774923 0 2319 1 44 4 0 31 2 1224979098644774922 304 4 0 31 2 144115188075855925 26 30 2 144115188075856435 1 5 0 2133 2 1224979098644774923 1 3 0 5 0 541 3 144115188075855925 0 4 2147483681 3 1224979098644774922 271 288 2133 2 1224979098644774923 1 5 0 1073742365 3 144115188075855925 0 3 541 3 144115188075855925 0 2 2147483681 3 1224979098644774922 283 305 2133 2 1224979098644774923 1 31 2 1224979098644774922 303 2147484208 3 0 23 0 2133 2 1224979098644774923 1 5 0 31 2 1224979098644774922 298 541 3 144115188075855925 41 0 2133 2 1224979098644774923 1 5 0 31 2 1224979098644774922 285 541 3 144115188075855925 162 0 2133 2 1224979098644774923 1 5 0 31 2 1224979098644774922 276 541 3 144115188075855925 167 0 2133 2 1224979098644774923 1 5 0 31 2 1224979098644774922 271 541 3 144115188075855925 173 0 2133 2 1224979098644774923 1 5 0 31 2 1224979098644774922 303 540 3 0 23 0 2133 2 1224979098644774923 1 5 0 1073741855 2 1224979098644774922 277 31 2 1224979098644774922 288 520 3 1224979098644774924 0 183 541 3 144115188075855925 18 1224979098644774924 2133 2 1224979098644774923 1 3 0 31 2 1224979098644774923 0 540 3 2060 1224979098644774922 1224979098644774912 4 0 541 3 144115188075855925 306 1224979098644774922 1 3 354 1224979098644774922 144115188075855925 2270 1 1224979098644774925 521 3 1224979098644774926 144115188075855925 307 2106 2 1224979098644774926 1224979098644774925 2123 3 72057594037927944 1224979098644774926 24 2111 2 72057594037927944 1 2121 3 72057594037927945 72057594037927944 1 1 3 354 1224979098644774922 144115188075855925 2320 2 10 0 2320 2 11 1 2320 2 11 1585267068834414947 2133 2 144115188075855914 4 2133 2 144115188075856274 1224979098644774922 2133 2 1224979098644774913 1 1 4 806 1224979098644774922 0 144115188075855925 2133 2 1224979098644774914 72057594037927936 5 0 541 3 144115188075855925 109 1224979098644774922 1 3 354 1224979098644774922 144115188075855925 2270 1 1224979098644774925 521 3 1224979098644774926 144115188075855925 110 2106 2 1224979098644774926 1224979098644774925 2123 3 72057594037927944 1224979098644774926 24 2111 2 72057594037927944 1 2121 3 72057594037927945 72057594037927944 1 1 3 354 1224979098644774922 144115188075855925 2320 2 10 0 2320 2 11 1 2320 2 11 1585267068834414947 2133 2 144115188075855914 3 2133 2 144115188075856274 1224979098644774922 2133 2 1224979098644774913 1 1 4 806 1224979098644774922 0 144115188075855925 2133 2 1224979098644774914 72057594037927936 5 0 541 3 144115188075855925 1224979098644774922 0 1 3 354 1224979098644774922 144115188075855925 2133 2 1224979098644774927 72057594037927936 2133 2 1224979098644774928 72057594037927976 2320 2 4 0 2320 2 19 1 1 2 351 8 2133 2 1224979098644774917 72057594037927936 2133 2 1224979098644774918 72057594037927937 2133 2 72057594037927938 1224979098644774917 1 3 964 144115188075855925 35 2133 2 1224979098644774929 72057594037927936 2319 1 13 4 0 32 2 1224979098644774929 0 2108 2 1224979098644774929 10 2112 3 1224979098644774929 1 31 5 0 2133 2 1224979098644774929 -15 2320 2 13 1585267068834420448 3 0 2121 3 1224979098644774930 100 1224979098644774929 2204 2 1224979098644774931 144115188075855925 522 3 1224979098644774932 1224979098644774931 227 2105 2 1224979098644774932 3 2121 3 1224979098644774933 100 1224979098644774932 2121 3 1224979098644774934 100 1224979098644774917 2107 2 1224979098644774928 1224979098644774933 2108 2 1224979098644774928 100 2107 2 1224979098644774927 1224979098644774933 2108 2 1224979098644774927 100 2107 2 1224979098644774928 1224979098644774930 2108 2 1224979098644774928 100 2107 2 1224979098644774928 1224979098644774934 2108 2 1224979098644774928 100 2107 2 1224979098644774927 1224979098644774934 2108 2 1224979098644774927 100 1 2 957 5 2133 2 1224979098644774935 72057594037927936 2121 3 1224979098644774936 100 1224979098644774935 2107 2 1224979098644774927 1224979098644774936 2108 2 1224979098644774927 100 2107 2 1224979098644774928 1224979098644774936 2108 2 1224979098644774928 100 2133 2 72057594037927980 1224979098644774917 2133 2 72057594037927981 1224979098644774932 2133 2 72057594037927982 1224979098644774929 2133 2 72057594037927983 1224979098644774935 2133 2 72057594037927941 1224979098644774927 2133 2 72057594037927942 1224979098644774928 4 0 31 2 1224979098644774918 0 2133 2 72057594037927939 1 5 0 2133 2 72057594037927939 0 2322 2 3 1224979098644774918 3 0 2133 2 144115188075855914 2 2133 2 144115188075856274 1224979098644774922 2133 2 144115188075855963 1224979098644774927 2133 2 144115188075855964 1224979098644774928 2133 2 144115188075855952 1224979098644774918 1 3 354 1224979098644774922 144115188075855925 2320 2 10 0 2320 2 11 1 2320 2 11 1585267068834420449 2133 2 1224979098644774913 1 1 4 806 1224979098644774922 0 144115188075855925 2133 2 1224979098644774914 72057594037927936 5 0 1 3 354 1224979098644774922 144115188075855925 2320 2 10 0 2320 2 11 1 2319 1 33 4 0 31 2 1224979098644774922 293 521 3 1224979098644774937 144115188075855925 1224979098644774922 30 2 1224979098644774937 1 4 0 31 2 1224979098644774937 1 2133 2 1224979098644774937 0 3 0 520 3 1224979098644774938 0 183 2147484188 3 1224979098644774937 183 1224979098644774938 2320 2 33 1585267068834414949 3 0 2320 2 11 1585267068834414950 2133 2 144115188075855914 1 2133 2 144115188075856274 1224979098644774922 2133 2 1224979098644774913 1 521 3 1224979098644774937 144115188075855925 1224979098644774922 1 4 806 1224979098644774922 1224979098644774937 144115188075855925 2133 2 1224979098644774914 72057594037927936 3 0 3 0 3 0 920 2 144115188075856518 10 920 2 144115188075856519 11 947 2 144115188075856604 1224979098644774913 4 0 33 3 1224979098644774914 216172782113789403 216172782113789517 2320 2 0 1224979098644774914 956 2 144115188075856604 0 3 0 
-62.000000  143 2071 1 1224979098644774912 2072 1 1224979098644774913 4 0 31 2 1224979098644774912 144115188075856597 902 1 0 2060 1 144115188075855934 1907 0 5 0 31 2 1224979098644774912 144115188075856512 4 0 2157 2 1224979098644774914 0 30 2 1224979098644774914 200 2133 2 72057594037927936 1 4 0 520 3 1224979098644774915 0 183 541 3 144115188075855925 18 1224979098644774915 561 3 144115188075855925 25 0 2133 2 72057594037927936 0 3 0 31 2 72057594037927936 1 4 0 2133 2 72057594037927936 0 4 0 2204 2 1224979098644774916 144115188075855925 542 3 1224979098644774916 10 0 562 3 1224979098644774916 225 3 2133 2 72057594037927936 1 5 0 541 3 144115188075855925 7 0 2133 2 72057594037927936 1 3 0 31 2 72057594037927936 1 902 1 0 2060 1 146 1907 0 5 0 1106 2 216172782113789401 15785267 3 0 5 0 1106 2 1585267068834414951 15785267 3 0 5 0 31 2 1224979098644774912 144115188075856513 4 0 2133 2 72057594037927936 0 4 0 2204 2 1224979098644774916 144115188075855925 542 3 1224979098644774916 10 0 562 3 1224979098644774916 225 3 2133 2 72057594037927936 1 5 0 541 3 144115188075855925 7 0 2133 2 72057594037927936 1 3 0 31 2 72057594037927936 1 902 1 0 2133 2 144115188075856143 3 2133 2 144115188075856274 -1 900 1 28 5 0 1106 2 216172782113789401 15785267 3 0 5 0 31 2 1224979098644774912 144115188075856514 4 0 33 3 144115188075855925 21 153 4 0 2133 2 72057594037927936 0 4 0 2204 2 1224979098644774916 144115188075855925 542 3 1224979098644774916 10 0 562 3 1224979098644774916 225 3 2133 2 72057594037927936 1 5 0 541 3 144115188075855925 7 0 2133 2 72057594037927936 1 3 0 31 2 72057594037927936 1 2133 2 144115188075856143 2 2133 2 144115188075856274 -1 900 1 28 5 0 1106 2 216172782113789401 15785267 3 0 5 0 1106 2 1585267068834414952 15785267 3 0 5 0 31 2 1224979098644774912 144115188075856587 2133 2 144115188075856143 4 2133 2 144115188075856274 -1 900 1 28 5 0 31 2 1224979098644774912 144115188075856515 4 0 1 2 831 144115188075855925 2060 1 148 902 1 0 1907 0 5 0 1106 2 216172782113789401 15785267 3 0 5 0 31 2 1224979098644774912 144115188075856516 4 0 31 2 1224979098644774913 0 501 3 144115188075855925 248 -50 5 0 31 2 1224979098644774913 1 501 3 144115188075855925 248 -25 5 0 31 2 1224979098644774913 2 501 3 144115188075855925 248 0 5 0 31 2 1224979098644774913 3 501 3 144115188075855925 248 25 5 0 31 2 1224979098644774913 4 501 3 144115188075855925 248 50 3 0 2133 2 144115188075856274 -1 900 1 28 5 0 31 2 1224979098644774912 144115188075856517 4 0 2133 2 72057594037927936 0 4 0 2204 2 1224979098644774916 144115188075855925 542 3 1224979098644774916 10 0 562 3 1224979098644774916 225 1 2133 2 72057594037927936 1 5 0 541 3 144115188075855925 7 0 2133 2 72057594037927936 1 3 0 31 2 72057594037927936 1 2133 2 144115188075856143 1 2133 2 144115188075856274 -1 900 1 28 5 0 1106 2 216172782113789401 15785267 3 0 3 0 
-61.000000  13 4 0 71 1 1 902 1 0 2060 1 144115188075855934 1907 0 5 0 71 1 57 2124 1 1000 75 1 31 726 2 72057594037927967 31 727 2 72057594037927968 31 1106 1 1585267068834414774 3 0 
-64.000000  151 2071 1 1224979098644774912 4 0 31 2 144115188075856143 3 540 3 2060 144115188075855914 1224979098644774912 33 3 144115188075855914 1 4 2330 2 39 144115188075855925 1 2 351 0 2319 1 1 2133 2 1224979098644774913 72057594037927937 4 0 31 2 1224979098644774913 0 2133 2 72057594037927939 1 5 0 2133 2 72057594037927939 0 2322 2 1 1224979098644774913 3 0 2133 2 72057594037927967 144115188075855920 2133 2 72057594037927976 144115188075855917 2120 3 1224979098644774914 144115188075855914 216172782113789398 2106 2 1224979098644774914 1 2320 2 44 1224979098644774914 1121 1 44 5 0 31 2 144115188075856143 2 540 3 2060 144115188075856274 1224979098644774912 4 0 31 2 144115188075855914 1 1 2 932 2000 1 2 355 144115188075856274 2133 2 72057594037927936 2000 1121 1 1585267068834420200 900 1 28 5 0 31 2 144115188075855914 2 541 3 144115188075855925 144115188075856274 0 1 2 932 2000 1 2 355 144115188075856274 2133 2 72057594037927936 2000 1121 1 1585267068834420201 900 1 28 3 0 5 0 31 2 144115188075856143 1 33 3 144115188075856274 271 305 2133 2 1224979098644774915 0 2319 1 44 4 0 31 2 144115188075856274 304 4 0 31 2 144115188075855925 26 30 2 144115188075856435 1 5 0 2133 2 1224979098644774915 1 3 0 5 0 541 3 144115188075855925 0 4 2147483681 3 144115188075856274 271 288 2133 2 1224979098644774915 1 5 0 1073742365 3 144115188075855925 0 3 541 3 144115188075855925 0 2 2147483681 3 144115188075856274 283 305 2133 2 1224979098644774915 1 5 0 31 2 144115188075856274 303 2147484208 3 0 23 0 2133 2 1224979098644774915 1 5 0 31 2 144115188075856274 298 541 3 144115188075855925 41 0 2133 2 1224979098644774915 1 5 0 31 2 144115188075856274 285 541 3 144115188075855925 162 0 2133 2 1224979098644774915 1 5 0 31 2 144115188075856274 276 541 3 144115188075855925 167 0 2133 2 1224979098644774915 1 5 0 31 2 144115188075856274 271 541 3 144115188075855925 173 0 2133 2 1224979098644774915 1 5 0 31 2 144115188075856274 303 540 3 0 23 0 2133 2 1224979098644774915 1 5 0 1073741855 2 144115188075856274 277 31 2 144115188075856274 288 520 3 1224979098644774916 0 183 541 3 144115188075855925 18 1224979098644774916 2133 2 1224979098644774915 1 3 0 31 2 1224979098644774915 0 540 3 2060 144115188075856274 1224979098644774912 4 0 31 2 144115188075855914 4 1121 1 1585267068834414955 900 1 28 5 0 31 2 144115188075855914 3 1121 1 1585267068834414955 900 1 28 5 0 31 2 144115188075855914 1 4 0 2147483679 2 144115188075856274 282 2147483679 2 144115188075856274 278 2147483679 2 144115188075856274 279 2147483679 2 144115188075856274 285 2147483679 2 144115188075856274 304 2147483679 2 144115188075856274 298 2147483679 2 144115188075856274 281 2147483679 2 144115188075856274 276 2147483679 2 144115188075856274 271 2147483679 2 144115188075856274 277 2147483679 2 144115188075856274 288 1 3 354 144115188075856274 144115188075855925 2107 2 72057594037927936 3 2108 2 72057594037927936 5 1121 1 1585267068834420202 900 1 28 5 0 1120 1 1585267068834414957 900 1 28 3 0 5 0 561 3 144115188075855925 109 1 561 3 144115188075855925 306 1 1120 1 1585267068834414958 900 1 28 5 0 31 2 144115188075855914 2 541 3 144115188075855925 144115188075856274 0 4 0 31 2 144115188075856274 292 2204 2 1224979098644774917 144115188075856177 542 3 1224979098644774917 227 -3 1120 1 1585267068834414959 900 1 28 5 0 1 3 354 144115188075856274 144115188075855925 1 2 932 144115188075855963 2133 2 72057594037927936 144115188075855963 2133 2 72057594037927937 144115188075855964 1121 1 1585267068834420203 900 1 28 3 0 3 0 3 0 


prsnt_dplmc_auto_sell_options 0 236 2
-60.000000  81 902 1 999999 2124 1 1000 910 3 72057594037927936 1585267068834414963 4096 729 2 1 170 730 2 1 660 926 2 72057594037927936 1 918 3 144115188075856512 237 238 729 2 1 150 730 2 1 652 926 2 144115188075856512 1 927 2 144115188075856512 144115188075856605 910 3 72057594037927936 1585267068834414964 4096 729 2 1 150 730 2 1 610 926 2 72057594037927936 1 942 3 144115188075856513 10 10000 729 2 1 600 730 2 1 596 927 2 144115188075856513 144115188075856606 926 2 144115188075856513 1 940 2 144115188075856514 216172782113786653 729 2 1 900 730 2 1 25 926 2 144115188075856514 1 910 3 72057594037927936 1585267068834414965 4096 729 2 1 150 730 2 1 578 926 2 72057594037927936 1 913 3 144115188075856516 475 476 729 2 1 160 730 2 1 528 926 2 144115188075856516 1 910 3 72057594037927937 1585267068834414966 4112 729 2 1 265 730 2 1 538 926 2 72057594037927937 1 913 3 144115188075856517 475 476 729 2 1 385 730 2 1 528 926 2 144115188075856517 1 910 3 72057594037927937 1585267068834414967 4112 729 2 1 490 730 2 1 538 926 2 72057594037927937 1 2133 2 1224979098644774912 160 2133 2 1224979098644774913 500 6 3 1224979098644774914 0 20 2120 3 1224979098644774915 1 1224979098644774914 2147483679 2 1224979098644774915 11 2147483679 2 1224979098644774915 19 2147483679 2 1224979098644774915 20 729 2 1 1224979098644774912 730 2 1 1224979098644774913 911 2 72057594037927937 475 926 2 72057594037927937 1 2120 3 1224979098644774916 1224979098644774912 120 2120 3 1224979098644774917 1224979098644774913 10 729 2 1 1224979098644774916 730 2 1 1224979098644774917 2120 3 1224979098644774918 216172782113788183 1224979098644774914 2320 2 1 1224979098644774918 910 3 72057594037927937 1585267068834414691 4112 926 2 72057594037927937 1 2120 3 1224979098644774919 1224979098644774912 0 2120 3 1224979098644774920 1224979098644774913 4 729 2 1 1224979098644774919 730 2 1 1224979098644774920 918 3 72057594037927937 237 238 926 2 72057594037927937 1 2120 3 1224979098644774921 1 1224979098644774914 527 3 1224979098644774922 1224979098644774921 71 2121 3 1224979098644774922 1 1224979098644774922 927 2 72057594037927937 1224979098644774922 500 3 2088 1224979098644774914 72057594037927937 2105 2 1224979098644774912 225 4 0 31 2 1224979098644774912 835 2133 2 1224979098644774912 160 2106 2 1224979098644774913 28 3 0 3 0 
-62.000000  44 2071 1 1224979098644774912 2072 1 1224979098644774913 4 0 31 2 1224979098644774912 144115188075856512 2133 2 144115188075856605 1224979098644774913 5 0 31 2 1224979098644774912 144115188075856513 2133 2 144115188075856606 1224979098644774913 5 0 31 2 1224979098644774912 144115188075856514 902 1 0 5 0 31 2 1224979098644774912 144115188075856516 6 3 1224979098644774914 0 20 2120 3 1224979098644774915 1 1224979098644774914 2147483679 2 1224979098644774915 11 2147483679 2 1224979098644774915 19 2147483679 2 1224979098644774915 20 507 3 1224979098644774915 71 0 520 3 1224979098644774916 2088 1224979098644774914 927 2 1224979098644774916 1 3 0 5 0 31 2 1224979098644774912 144115188075856517 6 3 1224979098644774914 0 20 2120 3 1224979098644774915 1 1224979098644774914 2147483679 2 1224979098644774915 11 2147483679 2 1224979098644774915 19 2147483679 2 1224979098644774915 20 527 3 1224979098644774917 1224979098644774915 71 2105 2 1224979098644774917 1 2109 2 1224979098644774917 2 507 3 1224979098644774915 71 1224979098644774917 520 3 1224979098644774916 2088 1224979098644774914 2121 3 1224979098644774918 1 1224979098644774917 927 2 1224979098644774916 1224979098644774918 3 0 3 0 6 3 1224979098644774919 0 20 540 3 2088 1224979098644774919 1224979098644774912 2120 3 1224979098644774920 1 1224979098644774919 2121 3 1224979098644774917 1 1224979098644774913 507 3 1224979098644774920 71 1224979098644774917 3 0 


prsnt_dplmc_shopping_list_of_food 0 236 3
-60.000000  71 902 1 999999 2124 1 1000 940 2 144115188075856512 216172782113786653 729 2 1 900 730 2 1 25 926 2 144115188075856512 1 2319 1 10 4 0 2157 2 1224979098644774912 501 32 2 1224979098644774912 0 2320 2 10 1585267068834419462 3 0 910 3 72057594037927936 1585267068834419459 4096 729 2 1 125 730 2 1 690 926 2 72057594037927936 1 918 3 144115188075856513 237 238 729 2 1 105 730 2 1 682 926 2 144115188075856513 1 927 2 144115188075856513 144115188075856608 2133 2 1224979098644774913 60 2133 2 1224979098644774914 550 6 3 1224979098644774915 98 116 911 2 72057594037927937 245 729 2 1 800 730 2 1 800 925 2 72057594037927937 1 729 2 1 1224979098644774913 730 2 1 1224979098644774914 926 2 72057594037927937 1 911 2 72057594037927937 248 729 2 1 640 730 2 1 640 925 2 72057594037927937 1 729 2 1 1224979098644774913 730 2 1 1224979098644774914 926 2 72057594037927937 1 500 3 2087 1224979098644774915 72057594037927937 944 2 72057594037927937 1224979098644774915 729 2 1 800 730 2 1 800 925 2 72057594037927937 1 2120 3 1224979098644774916 1224979098644774913 40 2120 3 1224979098644774917 1224979098644774914 40 729 2 1 1224979098644774916 730 2 1 1224979098644774917 926 2 72057594037927937 1 500 3 2088 1224979098644774915 72057594037927937 910 3 72057594037927937 1585267068834414969 4112 2120 3 1224979098644774918 1224979098644774913 100 2120 3 1224979098644774919 1224979098644774914 40 729 2 1 1224979098644774918 730 2 1 1224979098644774919 926 2 72057594037927937 1 942 3 72057594037927937 0 31 2120 3 1224979098644774920 1224979098644774913 115 2120 3 1224979098644774921 1224979098644774914 30 729 2 1 1224979098644774920 730 2 1 1224979098644774921 926 2 72057594037927937 1 527 3 1224979098644774922 1224979098644774915 8 927 2 72057594037927937 1224979098644774922 500 3 2089 1224979098644774915 72057594037927937 2105 2 1224979098644774913 240 4 0 31 2 1224979098644774913 1020 2133 2 1224979098644774913 60 2106 2 1224979098644774914 120 3 0 3 0 
-63.000000  35 2071 1 1224979098644774912 2072 1 1224979098644774913 4 0 31 2 1224979098644774913 0 4 0 33 3 144115188075856177 21 73 521 3 1224979098644774914 144115188075856177 22 5 0 33 3 144115188075856177 153 408 521 3 1224979098644774914 144115188075856177 24 5 0 2133 2 1224979098644774914 -1 3 0 6 3 1224979098644774915 98 116 540 3 2087 1224979098644774915 1224979098644774912 520 3 1224979098644774916 2088 1224979098644774915 946 2 0 1224979098644774916 4 0 2147483680 2 1224979098644774914 0 970 3 1224979098644774915 0 100 5 0 1 5 992 1224979098644774915 144115188075856177 0 1224979098644774914 970 3 1224979098644774915 0 72057594037927936 3 0 2133 2 144115188075856607 1224979098644774915 3 0 5 0 6 3 1224979098644774915 98 116 540 3 2087 1224979098644774915 1224979098644774912 4 0 31 2 144115188075856607 1224979098644774915 971 0 3 0 3 0 3 0 
-62.000000  13 2071 1 1224979098644774912 2072 1 1224979098644774913 6 3 1224979098644774914 98 116 540 3 2089 1224979098644774914 1224979098644774912 507 3 1224979098644774914 8 1224979098644774913 3 0 4 0 31 2 1224979098644774912 144115188075856513 2133 2 144115188075856608 1224979098644774913 5 0 31 2 1224979098644774912 144115188075856512 902 1 0 3 0 


prsnt_jrider_character_relation_report 0 468 4
-60.000000  210 902 1 999999 2124 1 1000 2319 1 0 2319 1 1 4 0 31 2 144115188075856600 0 2320 2 0 1585267068834414970 2133 2 1224979098644774912 160 2133 2 1224979098644774913 480 2133 2 1224979098644774914 0 2133 2 144115188075856609 1000 1 1 488 910 3 72057594037927937 1 4 729 2 1 590 730 2 1 55 926 2 72057594037927937 1 729 2 1 760 730 2 1 860 925 2 72057594037927937 1 921 2 72057594037927937 0 5 0 31 2 144115188075856600 1 2320 2 0 1585267068834414971 2133 2 1224979098644774912 110 2133 2 1224979098644774913 550 2133 2 1224979098644774914 0 2133 2 144115188075856609 2000 5 0 31 2 144115188075856600 2 2320 2 0 1585267068834414972 2133 2 1224979098644774912 110 2133 2 1224979098644774913 550 2133 2 1224979098644774914 0 2133 2 144115188075856609 3000 2133 2 1224979098644774915 0 729 2 1224979098644774915 400 730 2 1224979098644774915 400 911 2 72057594037927937 246 729 2 1 67 730 2 1 300 926 2 72057594037927937 1 925 2 72057594037927937 1224979098644774915 911 2 72057594037927937 247 729 2 1 450 730 2 1 330 926 2 72057594037927937 1 925 2 72057594037927937 1224979098644774915 3 0 911 2 72057594037927937 221 729 2 1 0 730 2 1 0 926 2 72057594037927937 1 729 2 1 1000 730 2 1 1000 925 2 72057594037927937 1 910 3 72057594037927937 0 16 921 2 72057594037927937 0 729 2 1 740 730 2 1 680 926 2 72057594037927937 1 729 2 1 1200 730 2 1 1200 925 2 72057594037927937 1 940 2 144115188075856597 1585267068834414973 729 2 1 290 730 2 1 10 926 2 144115188075856597 1 910 3 144115188075856610 216172782113786711 4 921 2 144115188075856610 0 729 2 1 55 730 2 1 95 926 2 144115188075856610 1 729 2 1 850 730 2 1 850 925 2 144115188075856610 1 910 3 144115188075856611 216172782113783809 131072 921 2 144115188075856611 0 729 2 1 590 730 2 1 1224979098644774912 926 2 144115188075856611 1 729 2 1 335 730 2 1 1224979098644774913 929 2 144115188075856611 1 916 3 144115188075856612 216172782113783809 0 729 2 1 507 730 2 1 680 926 2 144115188075856612 1 729 2 1 670 730 2 1 770 925 2 144115188075856612 1 2133 2 144115188075856563 0 6 3 1224979098644774916 25 53 542 3 1224979098644774916 14 0 2335 2 10 1224979098644774916 931 2 144115188075856612 1585267068834414768 2105 2 144115188075856563 1 3 0 931 2 144115188075856612 1585267068834414976 2105 2 144115188075856563 1 4 0 1073741855 2 144115188075856599 1 31 2 144115188075856613 -1 2133 2 144115188075856613 -1 927 2 144115188075856612 144115188075856563 5 0 2133 2 1224979098644774917 0 2133 2 1224979098644774918 53 6 3 1224979098644774919 25 1224979098644774918 542 3 1224979098644774919 14 0 4 0 31 2 144115188075856613 1224979098644774919 2133 2 1224979098644774918 -1 5 0 2105 2 1224979098644774917 1 3 0 3 0 927 2 144115188075856612 1224979098644774917 3 0 2133 2 144115188075856614 0 1 3 484 144115188075856600 1224979098644774914 2133 2 144115188075856615 0 32 2 144115188075856614 0 2120 3 1224979098644774920 144115188075856609 144115188075856618 520 3 144115188075856616 2089 1224979098644774920 1 2 487 144115188075856616 920 2 144115188075856610 1 921 2 144115188075856619 0 922 2 144115188075856619 68 938 4 144115188075856598 -1 19 144115188075856616 729 2 2 100 730 2 2 350 926 2 144115188075856598 2 729 2 2 970 730 2 2 970 925 2 144115188075856598 2 4 0 2173 2 1224979098644774921 144115188075856616 2147483679 2 1224979098644774921 25 33 3 1224979098644774921 25 53 2121 3 1224979098644774922 1224979098644774921 25 2105 2 1224979098644774922 103 911 2 144115188075856617 1224979098644774922 729 2 3 150 730 2 3 600 926 2 144115188075856617 3 729 2 3 250 730 2 3 250 925 2 144115188075856617 3 3 0 4 0 31 2 144115188075856600 2 2133 2 1224979098644774923 452 2133 2 1224979098644774924 536 6 3 1224979098644774925 0 9 1541 3 72057594037927937 144115188075856616 1224979098644774925 4 0 31 2 1224979098644774925 4 2133 2 1224979098644774923 68 2133 2 1224979098644774924 557 3 0 4 0 2147483678 2 72057594037927937 1 4 0 2147483678 2 1224979098644774925 4 2133 2 1224979098644774926 255 5 0 31 2 1224979098644774925 4 2133 2 1224979098644774926 252 5 0 31 2 1224979098644774925 5 2133 2 1224979098644774926 251 5 0 31 2 1224979098644774925 6 2133 2 1224979098644774926 253 5 0 31 2 1224979098644774925 7 2133 2 1224979098644774926 249 5 0 31 2 1224979098644774925 8 2133 2 1224979098644774926 250 3 0 911 2 72057594037927947 1224979098644774926 925 2 72057594037927947 1224979098644774915 729 2 1 1224979098644774923 730 2 1 1224979098644774924 926 2 72057594037927947 1 500 3 2087 1224979098644774925 -1 2120 3 1224979098644774927 1224979098644774925 10 500 3 2087 1224979098644774927 -1 5 0 944 2 72057594037927946 72057594037927937 729 2 1 450 730 2 1 450 925 2 72057594037927946 1 2120 3 1224979098644774928 1224979098644774923 25 2120 3 1224979098644774929 1224979098644774924 25 729 2 1 1224979098644774928 730 2 1 1224979098644774929 926 2 72057594037927946 1 500 3 2087 1224979098644774925 72057594037927946 2120 3 1224979098644774927 1224979098644774925 10 500 3 2087 1224979098644774927 72057594037927937 3 0 2106 2 1224979098644774924 51 3 0 3 0 4 0 31 2 144115188075856599 1 2133 2 144115188075856599 0 3 0 
-63.000000  22 2071 1 1224979098644774912 2072 1 1224979098644774913 4 0 31 2 144115188075856600 2 4 0 31 2 1224979098644774913 0 6 3 1224979098644774914 0 9 540 3 2087 1224979098644774914 1224979098644774912 2120 3 1224979098644774915 1224979098644774914 10 520 3 1224979098644774916 2087 1224979098644774915 2124 1 1000 729 2 0 740 730 2 0 235 970 3 1224979098644774916 0 100 3 0 5 0 6 3 1224979098644774914 0 9 540 3 2087 1224979098644774914 1224979098644774912 971 0 3 0 3 0 3 0 
-62.000000  43 2071 1 1224979098644774912 2072 1 1224979098644774913 4 0 31 2 1224979098644774912 144115188075856597 4 0 2147483679 2 144115188075856614 0 920 2 144115188075856610 216172782113783809 922 2 144115188075856619 0 3 0 902 1 0 5 0 31 2 1224979098644774912 144115188075856612 2133 2 1224979098644774914 0 2133 2 1224979098644774915 -1 6 3 1224979098644774916 25 53 31 2 1224979098644774915 -1 542 3 1224979098644774916 14 0 4 0 31 2 1224979098644774914 1224979098644774913 2133 2 1224979098644774915 1224979098644774916 5 0 2105 2 1224979098644774914 1 3 0 3 0 2133 2 144115188075856613 1224979098644774915 2133 2 144115188075856615 1000 900 1 31 5 0 2147483679 2 1224979098644774912 144115188075856610 2147483679 2 1224979098644774912 144115188075856598 2147483679 2 1224979098644774912 144115188075856611 2120 3 1224979098644774917 1224979098644774912 144115188075856609 520 3 1224979098644774918 2088 1224979098644774917 922 2 144115188075856619 0 921 2 144115188075856619 0 2133 2 144115188075856618 1224979098644774918 2133 2 144115188075856619 1224979098644774912 921 2 144115188075856619 0 922 2 144115188075856619 68 2105 2 1224979098644774918 144115188075856609 520 3 144115188075856616 2089 1224979098644774918 900 1 31 3 0 
-61.000000  6 4 0 1073741895 1 1 71 1 225 902 1 0 2060 1 4 3 0 


prsnt_redefine_keys 2 434 3
-60.000000  180 902 1 999999 2124 1 1000 1 1 505 6 3 1224979098644774912 1 9 2319 1 1224979098644774912 3 0 6 3 1224979098644774913 0 98 520 3 1224979098644774914 2087 1224979098644774913 2120 3 1224979098644774915 216172782113788376 1224979098644774913 4 0 31 2 1224979098644774914 144115188075856624 2320 2 1 1224979098644774915 5 0 31 2 1224979098644774914 144115188075856625 2320 2 2 1224979098644774915 5 0 31 2 1224979098644774914 144115188075856626 2320 2 3 1224979098644774915 5 0 31 2 1224979098644774914 144115188075856627 2320 2 4 1224979098644774915 5 0 31 2 1224979098644774914 144115188075856628 2320 2 5 1224979098644774915 5 0 31 2 1224979098644774914 144115188075856629 2320 2 6 1224979098644774915 5 0 31 2 1224979098644774914 144115188075856630 2320 2 7 1224979098644774915 5 0 31 2 1224979098644774914 144115188075856631 2320 2 8 1224979098644774915 3 0 3 0 2133 2 144115188075855914 -1 939 4 72057594037927936 -1 3 0 729 2 1 350 730 2 1 125 926 2 72057594037927936 1 910 3 72057594037927937 1585267068834414977 16 729 2 1 500 730 2 1 650 926 2 72057594037927937 1 729 2 1 1500 730 2 1 1500 925 2 72057594037927937 1 948 1 144115188075856620 729 2 1 500 730 2 1 600 926 2 144115188075856620 1 931 2 144115188075856620 1585267068834414978 931 2 144115188075856620 1585267068834414979 931 2 144115188075856620 1585267068834414980 2121 3 1224979098644774916 144115188075856632 1 927 2 144115188075856620 1224979098644774916 910 3 72057594037927937 1585267068834414981 16 729 2 1 200 730 2 1 600 926 2 72057594037927937 1 940 2 144115188075856512 1 729 2 1 200 730 2 1 550 926 2 144115188075856512 1 910 3 72057594037927937 1585267068834414982 16 729 2 1 200 730 2 1 400 926 2 72057594037927937 1 940 2 144115188075856513 2 729 2 1 200 730 2 1 350 926 2 144115188075856513 1 4 0 31 2 144115188075856632 2 910 3 72057594037927937 1585267068834414983 16 5 0 31 2 144115188075856632 1 910 3 72057594037927937 1585267068834414984 16 5 0 31 2 144115188075856632 3 910 3 72057594037927937 1585267068834414985 16 3 0 729 2 1 100 730 2 1 500 926 2 72057594037927937 1 940 2 144115188075856514 3 729 2 1 100 730 2 1 450 926 2 144115188075856514 1 4 0 31 2 144115188075856632 2 910 3 72057594037927937 1585267068834414986 16 5 0 31 2 144115188075856632 1 910 3 72057594037927937 1585267068834414987 16 5 0 31 2 144115188075856632 3 910 3 72057594037927937 1585267068834414988 16 3 0 729 2 1 300 730 2 1 500 926 2 72057594037927937 1 940 2 144115188075856515 4 729 2 1 300 730 2 1 450 926 2 144115188075856515 1 4 0 31 2 144115188075856632 3 910 3 72057594037927937 1585267068834414989 16 5 0 910 3 72057594037927937 1585267068834414990 16 3 0 729 2 1 800 730 2 1 600 926 2 72057594037927937 1 940 2 144115188075856521 5 729 2 1 800 730 2 1 550 926 2 144115188075856521 1 4 0 31 2 144115188075856632 3 910 3 72057594037927937 1585267068834414991 16 5 0 910 3 72057594037927937 1585267068834414992 16 3 0 729 2 1 800 730 2 1 400 926 2 72057594037927937 1 940 2 144115188075856522 6 729 2 1 800 730 2 1 350 926 2 144115188075856522 1 4 0 2147483679 2 144115188075856632 3 910 3 72057594037927937 1585267068834414993 16 729 2 1 700 730 2 1 500 926 2 72057594037927937 1 3 0 940 2 144115188075856586 7 729 2 1 700 730 2 1 450 926 2 144115188075856586 1 4 0 2147483679 2 144115188075856632 3 910 3 72057594037927937 1585267068834414994 16 729 2 1 900 730 2 1 500 926 2 72057594037927937 1 3 0 940 2 144115188075856587 8 729 2 1 900 730 2 1 450 926 2 144115188075856587 1 910 3 144115188075856621 1585267068834414995 65552 729 2 1 500 730 2 1 450 926 2 144115188075856621 1 729 2 1 2000 730 2 1 2000 925 2 144115188075856621 1 921 2 144115188075856621 16777215 947 2 144115188075856621 0 940 2 144115188075856622 216172782113786653 729 2 1 800 730 2 1 125 926 2 144115188075856622 1 940 2 144115188075856623 216172782113786652 729 2 1 800 730 2 1 200 926 2 144115188075856623 1 2121 3 1224979098644774917 144115188075856632 1 2105 2 1224979098644774917 216172782113788353 910 3 72057594037927937 1224979098644774917 8192 729 2 1 40 730 2 1 60 926 2 72057594037927937 1 729 2 1 260 730 2 1 240 929 2 72057594037927937 1 
-61.000000  41 4 0 32 2 144115188075855914 -1 947 2 144115188075856621 1 5 0 947 2 144115188075856621 0 3 0 6 3 1224979098644774912 0 98 520 3 1224979098644774913 2087 1224979098644774912 71 1 1224979098644774913 32 2 144115188075855914 -1 4 0 31 2 144115188075855914 144115188075856512 2133 2 144115188075856624 1224979098644774913 5 0 31 2 144115188075855914 144115188075856513 2133 2 144115188075856625 1224979098644774913 5 0 31 2 144115188075855914 144115188075856514 2133 2 144115188075856626 1224979098644774913 5 0 31 2 144115188075855914 144115188075856515 2133 2 144115188075856627 1224979098644774913 5 0 31 2 144115188075855914 144115188075856521 2133 2 144115188075856628 1224979098644774913 5 0 31 2 144115188075855914 144115188075856522 2133 2 144115188075856629 1224979098644774913 5 0 31 2 144115188075855914 144115188075856586 2133 2 144115188075856630 1224979098644774913 5 0 31 2 144115188075855914 144115188075856587 2133 2 144115188075856631 1224979098644774913 3 0 2120 3 1224979098644774914 216172782113788376 1224979098644774912 2320 2 1 1224979098644774914 920 2 144115188075855914 1 922 2 144115188075855914 255 2133 2 144115188075855914 -1 3 0 
-62.000000  35 2071 1 1224979098644774912 2124 1 1000 4 0 31 2 1224979098644774912 144115188075856623 1 1 506 5 0 31 2 1224979098644774912 144115188075856620 2072 1 1224979098644774913 2120 3 144115188075856632 1224979098644774913 1 5 0 31 2 1224979098644774912 144115188075856622 2133 2 144115188075856143 -1 5 0 32 2 1224979098644774912 -1 922 2 144115188075856512 255 922 2 144115188075856513 255 922 2 144115188075856514 255 922 2 144115188075856515 255 922 2 144115188075856521 255 922 2 144115188075856522 255 922 2 144115188075856586 255 922 2 144115188075856587 255 2133 2 144115188075855914 1224979098644774912 922 2 144115188075855914 128 3 0 4 0 31 2 1224979098644774912 144115188075856622 2133 2 144115188075855914 0 902 1 0 5 0 1073741855 2 1224979098644774912 144115188075856623 31 2 1224979098644774912 144115188075856620 2133 2 144115188075855914 0 900 1 32 3 0 


prsnt_companion_overview 0 236 3
-60.000000  493 902 1 999999 2124 1 1000 729 2 10 925 730 2 10 925 940 2 144115188075856513 216172782113786653 729 2 1 870 730 2 1 10 926 2 144115188075856513 1 921 2 144115188075856513 16777215 2133 2 144115188075856515 -1 4 0 33 3 144115188075855933 781 823 520 3 1224979098644774912 144115188075855933 10 132 1 1224979098644774912 541 3 1224979098644774912 0 19 940 2 144115188075856515 1585267068834414996 729 2 1 430 730 2 1 10 926 2 144115188075856515 1 921 2 144115188075856515 16777215 3 0 2133 2 144115188075856514 -1 4 0 2147483679 2 144115188075855933 0 940 2 144115188075856514 1585267068834414997 729 2 1 650 730 2 1 10 926 2 144115188075856514 1 921 2 144115188075856514 16777215 3 0 2133 2 1224979098644774913 150 2133 2 1224979098644774914 0 6 3 1224979098644774915 780 1209 2133 2 72057594037927937 0 4 0 1073742364 3 0 30 1224979098644774915 1073741855 2 1224979098644774915 780 540 3 1224979098644774915 2 5 2133 2 72057594037927937 1 5 0 540 3 1224979098644774915 2 2 33 3 1224979098644774915 781 823 2133 2 72057594037927937 1 3 0 31 2 72057594037927937 1 2105 2 1224979098644774914 30 3 0 2319 1 0 910 3 144115188075856603 0 8192 729 2 1 705 730 2 1 50 926 2 144115188075856603 1 729 2 1 375 730 2 1 675 929 2 144115188075856603 1 945 1 144115188075856603 6 3 1224979098644774915 780 1209 2133 2 72057594037927937 0 4 0 1073742364 3 0 30 1224979098644774915 1073741855 2 1224979098644774915 780 540 3 1224979098644774915 2 5 2133 2 72057594037927937 1 5 0 540 3 1224979098644774915 2 2 33 3 1224979098644774915 781 823 2133 2 72057594037927937 1 3 0 31 2 72057594037927937 1 4 0 31 2 1224979098644774915 780 2133 2 1224979098644774915 0 3 0 729 2 1 1224979098644774913 730 2 1 1224979098644774914 2106 2 1224979098644774914 30 4 0 2147483679 2 1224979098644774915 0 1 2 516 1224979098644774915 2320 2 0 1585267068834414998 5 0 2322 2 4 1224979098644774915 2320 2 0 1585267068834414999 3 0 912 3 1224979098644774916 0 16 4 0 31 2 1224979098644774915 144115188075855933 922 2 1224979098644774916 204 5 0 922 2 1224979098644774916 153 3 0 925 2 1224979098644774916 10 926 2 1224979098644774916 1 4 0 1508 1 1224979098644774915 921 2 1224979098644774916 16711680 3 0 500 3 1224979098644774915 163 1224979098644774916 3 0 945 1 -1 2122 3 1224979098644774917 144115188075855933 2 938 4 144115188075856512 -1 3 1224979098644774917 729 2 1 675 730 2 1 900 925 2 144115188075856512 1 729 2 1 -25 730 2 1 50 926 2 144115188075856512 1 4 0 5 0 540 3 144115188075855933 2 2 1 2 206 144115188075855933 2133 2 72057594037927937 72057594037927936 2320 2 2 216172782113784036 2319 1 0 1 2 117 144115188075855933 520 3 72057594037927938 144115188075855933 7 2320 2 0 1585267068834420306 3 0 2133 2 1224979098644774918 0 2133 2 1224979098644774919 0 2319 1 0 910 3 72057594037927936 0 8192 729 2 1 125 730 2 1 90 926 2 72057594037927936 1 729 2 1 225 730 2 1 200 929 2 72057594037927936 1 945 1 72057594037927936 4 0 2147483679 2 144115188075855933 0 4 0 110 1 144115188075855933 2320 2 1 1585267068834415001 910 3 72057594037927936 1 2048 729 2 1 1224979098644774918 730 2 1 1224979098644774919 926 2 72057594037927936 1 925 2 72057594037927936 10 1 3 1063 144115188075855933 0 2133 2 72057594037927939 72057594037927936 910 3 72057594037927936 1585267068834415002 2048 2105 2 1224979098644774918 50 729 2 1 1224979098644774918 730 2 1 1224979098644774919 926 2 72057594037927936 1 925 2 72057594037927936 10 4 0 30 2 72057594037927939 65 921 2 72057594037927936 16384 5 0 2147483680 2 72057594037927939 25 921 2 72057594037927936 12987714 5 0 921 2 72057594037927936 6716264 3 0 2106 2 1224979098644774918 50 2105 2 1224979098644774919 25 3 0 2319 1 0 4 0 1 2 516 144115188075855933 2320 2 1 1585267068834415003 910 3 72057594037927936 1 2048 729 2 1 1224979098644774918 730 2 1 1224979098644774919 926 2 72057594037927936 1 925 2 72057594037927936 10 2147485966 1 0 910 3 72057594037927936 1585267068834415004 2048 2105 2 1224979098644774918 50 729 2 1 1224979098644774918 730 2 1 1224979098644774919 926 2 72057594037927936 1 925 2 72057594037927936 10 921 2 72057594037927936 16384 2106 2 1224979098644774918 50 2105 2 1224979098644774919 25 2320 2 1 1585267068834415005 910 3 72057594037927936 1 2048 729 2 1 1224979098644774918 730 2 1 1224979098644774919 926 2 72057594037927936 1 925 2 72057594037927936 10 2147485966 1 0 910 3 72057594037927936 1585267068834415006 2048 2105 2 1224979098644774918 50 729 2 1 1224979098644774918 730 2 1 1224979098644774919 926 2 72057594037927936 1 925 2 72057594037927936 10 921 2 72057594037927936 16384 2106 2 1224979098644774918 50 2105 2 1224979098644774919 25 3 0 3 0 2320 2 1 1585267068834415007 910 3 72057594037927936 1 2048 729 2 1 1224979098644774918 730 2 1 1224979098644774919 926 2 72057594037927936 1 925 2 72057594037927936 10 2175 3 72057594037927939 144115188075855933 1 2175 3 72057594037927938 144115188075855933 0 1 2 986 144115188075855933 910 3 72057594037927936 1585267068834415008 2048 2105 2 1224979098644774918 50 729 2 1 1224979098644774918 730 2 1 1224979098644774919 926 2 72057594037927936 1 925 2 72057594037927936 10 4 0 32 2 72057594037927938 90 921 2 72057594037927936 16384 5 0 2147483678 2 72057594037927938 20 921 2 72057594037927936 12987714 5 0 921 2 72057594037927936 6716264 3 0 2106 2 1224979098644774918 50 2105 2 1224979098644774919 25 2320 2 1 1585267068834415009 910 3 72057594037927936 1 2048 729 2 1 1224979098644774918 730 2 1 1224979098644774919 926 2 72057594037927936 1 925 2 72057594037927936 10 2171 2 72057594037927939 144115188075855933 910 3 72057594037927936 1585267068834415002 2048 2105 2 1224979098644774918 50 729 2 1 1224979098644774918 730 2 1 1224979098644774919 926 2 72057594037927936 1 925 2 72057594037927936 10 4 0 32 2 72057594037927939 10 921 2 72057594037927936 16384 5 0 921 2 72057594037927936 6716264 3 0 2106 2 1224979098644774918 50 2105 2 1224979098644774919 25 2105 2 1224979098644774919 10 2320 2 1 1585267068834415010 910 3 72057594037927936 1 2048 729 2 1 1224979098644774918 730 2 1 1224979098644774919 926 2 72057594037927936 1 925 2 72057594037927936 10 921 2 72057594037927936 5008552 945 1 -1 2133 2 1224979098644774920 219 2133 2 1224979098644774921 683 2133 2 1224979098644774917 144115188075855933 2120 3 1224979098644774913 1224979098644774920 140 2120 3 1224979098644774914 1224979098644774921 2 729 2 1 259 730 2 1 1224979098644774921 910 3 72057594037927937 1585267068834415011 16 926 2 72057594037927937 1 910 3 72057594037927937 1585267068834415012 16 2120 3 1224979098644774913 1224979098644774920 -55 2120 3 1224979098644774914 1224979098644774921 2 729 2 1 1224979098644774913 730 2 1 1224979098644774914 926 2 72057594037927937 1 910 3 72057594037927937 1585267068834415013 16 2120 3 1224979098644774913 1224979098644774920 -140 2120 3 1224979098644774914 1224979098644774921 -278 729 2 1 1224979098644774913 730 2 1 1224979098644774914 926 2 72057594037927937 1 2133 2 144115188075856607 -1 2133 2 1224979098644774913 1224979098644774920 2133 2 1224979098644774914 1224979098644774921 6 3 1224979098644774922 0 9 4 0 31 2 1224979098644774922 4 2106 2 1224979098644774913 96 2133 2 1224979098644774914 1224979098644774921 5 0 31 2 1224979098644774922 7 2106 2 1224979098644774913 95 2121 3 1224979098644774914 1224979098644774921 85 5 0 31 2 1224979098644774922 8 2106 2 1224979098644774914 108 3 0 2106 2 1224979098644774914 85 1541 3 1224979098644774923 1224979098644774917 1224979098644774922 729 2 1 1224979098644774913 730 2 1 1224979098644774914 2120 3 1224979098644774924 1224979098644774913 40 2120 3 1224979098644774925 1224979098644774914 40 4 0 2147483678 2 1224979098644774923 0 2133 2 1224979098644774923 0 500 3 2089 1224979098644774922 -1 5 0 944 2 72057594037927937 1224979098644774923 729 2 1 780 730 2 1 780 925 2 72057594037927937 1 729 2 1 1224979098644774924 730 2 1 1224979098644774925 926 2 72057594037927937 1 500 3 2089 1224979098644774922 72057594037927937 3 0 911 2 72057594037927937 248 2121 3 1224979098644774924 1224979098644774913 4 2121 3 1224979098644774925 1224979098644774914 4 729 2 1 1224979098644774924 730 2 1 1224979098644774925 926 2 72057594037927937 1 729 2 1 712 730 2 1 650 925 2 72057594037927937 1 922 2 72057594037927937 255 3 0 2319 1 5 2319 1 6 2319 1 7 2319 1 18 2319 1 19 2319 1 20 4 0 31 2 144115188075855933 0 2320 2 5 1585267068834415014 2320 2 6 1585267068834415015 2320 2 7 1585267068834415016 2320 2 18 1585267068834415017 5 0 33 3 144115188075855933 781 823 4 0 31 2 144115188075855933 819 2320 2 18 216172782113784444 5 0 31 2 144115188075855933 821 2320 2 18 216172782113784446 5 0 520 3 1224979098644774926 144115188075855933 60 30 2 1224979098644774926 1 520 3 1224979098644774927 144115188075855933 59 520 3 1224979098644774928 144115188075855933 129 520 3 1224979098644774929 144115188075855933 105 520 3 1224979098644774930 144115188075855933 111 2330 2 20 1224979098644774927 2330 2 21 1224979098644774926 2320 2 5 1224979098644774928 2320 2 6 1224979098644774929 2320 2 7 1224979098644774930 2320 2 18 1585267068834415017 5 0 2320 2 5 216172782113785364 2320 2 6 216172782113784440 2320 2 18 1585267068834415018 3 0 3 0 4 0 2147485966 1 18 910 3 1224979098644774916 1585267068834415019 8192 729 2 1 320 730 2 1 580 926 2 1224979098644774916 1 729 2 1 385 730 2 1 145 929 2 1224979098644774916 1 925 2 1224979098644774916 10 3 0 2133 2 1224979098644774918 0 2133 2 1224979098644774919 175 2319 1 0 910 3 72057594037927936 0 8192 729 2 1 350 730 2 1 50 926 2 72057594037927936 1 729 2 1 375 730 2 1 525 929 2 72057594037927936 1 945 1 72057594037927936 7 3 1224979098644774931 0 4 2120 3 1224979098644774932 1224979098644774931 216172782113790226 2320 2 20 1224979098644774932 910 3 72057594037927936 1585267068834415020 2048 729 2 1 1224979098644774918 730 2 1 1224979098644774919 926 2 72057594037927936 1 925 2 72057594037927936 10 2172 3 72057594037927937 144115188075855933 1224979098644774931 910 3 72057594037927936 1585267068834414749 2048 2105 2 1224979098644774918 40 729 2 1 1224979098644774918 730 2 1 1224979098644774919 926 2 72057594037927936 1 925 2 72057594037927936 10 4 0 32 2 72057594037927937 0 921 2 72057594037927936 16384 5 0 921 2 72057594037927936 6716264 3 0 2106 2 1224979098644774918 40 2105 2 1224979098644774919 25 3 0 910 3 72057594037927936 1585267068834415021 2048 729 2 1 1224979098644774918 730 2 1 1224979098644774919 926 2 72057594037927936 1 925 2 72057594037927936 10 921 2 72057594037927936 5008552 2105 2 1224979098644774919 40 7 3 1224979098644774933 0 7 2120 3 1224979098644774932 1224979098644774933 216172782113790482 2320 2 20 1224979098644774932 910 3 72057594037927936 1585267068834415020 2048 729 2 1 1224979098644774918 730 2 1 1224979098644774919 926 2 72057594037927936 1 925 2 72057594037927936 10 2176 3 72057594037927937 144115188075855933 1224979098644774933 910 3 72057594037927936 1585267068834414749 2048 2105 2 1224979098644774918 135 729 2 1 1224979098644774918 730 2 1 1224979098644774919 926 2 72057594037927936 1 925 2 72057594037927936 10 4 0 32 2 72057594037927937 0 921 2 72057594037927936 16384 5 0 921 2 72057594037927936 6716264 3 0 2106 2 1224979098644774918 135 2105 2 1224979098644774919 25 3 0 910 3 72057594037927936 1585267068834415022 2048 729 2 1 1224979098644774918 730 2 1 1224979098644774919 926 2 72057594037927936 1 925 2 72057594037927936 10 921 2 72057594037927936 5008552 2133 2 1224979098644774919 0 2133 2 1224979098644774918 200 7 3 1224979098644774934 0 37 2147483679 2 1224979098644774934 3 2147483679 2 1224979098644774934 4 2147483679 2 1224979098644774934 5 2147483679 2 1224979098644774934 18 2147483679 2 1224979098644774934 19 2147483679 2 1224979098644774934 20 2147483679 2 1224979098644774934 21 2147483679 2 1224979098644774934 28 2147483679 2 1224979098644774934 29 2147483679 2 1224979098644774934 30 2147483679 2 1224979098644774934 31 2147483679 2 1224979098644774934 32 2147483679 2 1224979098644774934 37 2147483679 2 1224979098644774934 38 2147483679 2 1224979098644774934 39 2147483679 2 1224979098644774934 40 2147483679 2 1224979098644774934 41 2120 3 1224979098644774932 216172782113791208 1224979098644774934 2320 2 20 1224979098644774932 910 3 72057594037927936 1585267068834415020 2048 729 2 1 1224979098644774918 730 2 1 1224979098644774919 926 2 72057594037927936 1 925 2 72057594037927936 10 2170 3 72057594037927937 1224979098644774934 144115188075855933 910 3 72057594037927936 1585267068834414749 2048 2105 2 1224979098644774918 140 729 2 1 1224979098644774918 730 2 1 1224979098644774919 926 2 72057594037927936 1 925 2 72057594037927936 10 4 0 32 2 72057594037927937 0 921 2 72057594037927936 16384 5 0 921 2 72057594037927936 6716264 3 0 2106 2 1224979098644774918 140 2105 2 1224979098644774919 20 3 0 910 3 72057594037927936 1585267068834415023 2048 729 2 1 1224979098644774918 730 2 1 1224979098644774919 926 2 72057594037927936 1 925 2 72057594037927936 10 921 2 72057594037927936 5008552 945 1 -1 
-63.000000  16 2071 1 1224979098644774912 2072 1 1224979098644774913 6 3 1224979098644774914 0 9 540 3 2089 1224979098644774914 1224979098644774912 4 0 31 2 1224979098644774913 0 1541 3 1224979098644774915 144115188075855933 1224979098644774914 32 2 1224979098644774915 -1 1542 3 1224979098644774916 144115188075855933 1224979098644774914 946 2 1 1224979098644774912 972 4 1224979098644774915 1224979098644774916 1 100 5 0 31 2 1224979098644774913 1 971 0 3 0 3 0 
-62.000000  40 2071 1 1224979098644774912 4 0 31 2 1224979098644774912 144115188075856512 2053 2 1 144115188075855933 5 0 31 2 1224979098644774912 144115188075856515 520 3 144115188075855921 144115188075855933 10 2060 1 667 902 1 0 5 0 31 2 1224979098644774912 144115188075856513 902 1 0 2060 1 4 5 0 31 2 1224979098644774912 144115188075856514 2060 1 337 47 1 144115188075855933 902 1 0 3 0 6 3 1224979098644774913 780 1209 2133 2 72057594037927937 0 4 0 1073742364 3 0 30 1224979098644774913 1073741855 2 1224979098644774913 780 540 3 1224979098644774913 2 5 2133 2 72057594037927937 1 5 0 540 3 1224979098644774913 2 2 33 3 1224979098644774913 781 823 2133 2 72057594037927937 1 3 0 31 2 72057594037927937 1 4 0 31 2 1224979098644774913 780 2133 2 1224979098644774913 0 3 0 540 3 1224979098644774913 163 1224979098644774912 2133 2 144115188075855933 1224979098644774913 900 1 33 3 0 


prsnt_modify_slots 0 0 2
-60.000000  51 1107 1 0 902 1 999999 2124 1 1000 911 2 72057594037927936 468 729 2 1 224 730 2 1 230 926 2 72057594037927936 1 4 0 31 2 144115188075856186 2 521 3 1224979098644774912 144115188075855925 144115188075856082 5 0 31 2 144115188075856186 4 520 3 1224979098644774912 144115188075855893 144115188075856082 5 0 31 2 144115188075856186 1 522 3 1224979098644774912 144115188075856185 144115188075856082 3 0 2133 2 72057594037927937 1224979098644774912 910 3 72057594037927936 1585267068834415024 4112 729 2 1 630 730 2 1 320 926 2 72057594037927936 1 2133 2 72057594037927938 144115188075856082 910 3 72057594037927936 1585267068834415025 4112 729 2 1 370 730 2 1 320 926 2 72057594037927936 1 729 2 1 340 730 2 1 380 942 3 144115188075856512 0 1000 926 2 144115188075856512 1 927 2 144115188075856512 144115188075856082 729 2 1 600 730 2 1 380 942 3 144115188075856513 -10000 10000 926 2 144115188075856513 1 927 2 144115188075856513 1224979098644774912 4 0 31 2 144115188075856186 2 2330 2 1 144115188075855925 5 0 31 2 144115188075856186 4 2322 2 1 144115188075855893 5 0 31 2 144115188075856186 1 2335 2 1 144115188075856185 3 0 940 2 144115188075856514 1 729 2 1 500 730 2 1 250 926 2 144115188075856514 1 
-62.000000  23 2071 1 1224979098644774912 2072 1 1224979098644774913 4 0 31 2 1224979098644774912 144115188075856512 2133 2 144115188075856082 1224979098644774913 900 1 34 5 0 31 2 1224979098644774912 144115188075856513 4 0 31 2 144115188075856186 2 501 3 144115188075855925 144115188075856082 1224979098644774913 5 0 31 2 144115188075856186 4 500 3 144115188075855893 144115188075856082 1224979098644774913 5 0 31 2 144115188075856186 1 502 3 144115188075856185 144115188075856082 1224979098644774913 3 0 5 0 31 2 1224979098644774912 144115188075856514 1107 1 1 902 1 0 3 0 


prsnt_deposit_withdraw_money 0 0 3
-60.000000  51 1107 1 0 902 1 999999 2124 1 1000 2149 2 1224979098644774912 144115188075856304 2149 2 1224979098644774913 0 911 2 72057594037927936 468 729 2 1 224 730 2 1 230 926 2 72057594037927936 1 4 0 31 2 144115188075856304 2086 2133 2 72057594037927941 1 5 0 2133 2 72057594037927941 0 3 0 2133 2 72057594037927942 1224979098644774912 910 3 72057594037927936 1585267068834415026 4112 729 2 1 370 730 2 1 320 926 2 72057594037927936 1 2133 2 72057594037927940 1224979098644774913 910 3 72057594037927936 1585267068834415027 4112 729 2 1 630 730 2 1 320 926 2 72057594037927936 1 916 1 144115188075856512 729 2 1 480 730 2 1 380 926 2 144115188075856512 1 729 2 1 800 730 2 1 800 925 2 144115188075856512 1 931 2 144115188075856512 1585267068834415028 931 2 144115188075856512 1585267068834415029 927 2 144115188075856512 1 729 2 1 600 730 2 1 380 2105 2 1224979098644774913 1 942 3 144115188075856513 0 1224979098644774913 926 2 144115188075856513 1 927 2 144115188075856513 0 947 2 144115188075856513 1 2105 2 1224979098644774912 1 942 3 144115188075856514 0 1224979098644774912 926 2 144115188075856514 1 927 2 144115188075856514 0 947 2 144115188075856514 0 940 2 144115188075856516 216172782113786653 729 2 1 500 730 2 1 250 926 2 144115188075856516 1 
-61.000000  6 4 0 1073741897 1 44 1073741897 1 43 73 1 4 902 1 0 3 0 
-62.000000  31 2071 1 1224979098644774912 2072 1 1224979098644774913 4 0 31 2 1224979098644774912 144115188075856512 4 0 31 2 1224979098644774913 1 947 2 144115188075856513 1 947 2 144115188075856514 0 5 0 947 2 144115188075856513 0 947 2 144115188075856514 1 3 0 5 0 1073741855 2 1224979098644774912 144115188075856513 31 2 1224979098644774912 144115188075856514 32 2 1224979098644774913 0 4 0 31 2 1224979098644774912 144115188075856513 1529 2 0 1224979098644774913 1528 2 144115188075856304 1224979098644774913 5 0 31 2 1224979098644774912 144115188075856514 1529 2 144115188075856304 1224979098644774913 1528 2 0 1224979098644774913 3 0 900 1 35 5 0 31 2 1224979098644774912 144115188075856516 1107 1 1 902 1 0 3 0 


prsnt_order_display 1 0 2
-60.000000  81 2124 1 1000 6 3 1224979098644774912 0 9 500 3 1 1224979098644774912 -1 3 0 2133 2 1224979098644774913 0 2133 2 1224979098644774914 564 4 0 31 2 144115188075856403 0 2320 2 1 1585267068834415030 2133 2 1224979098644774913 1 2133 2 1224979098644774914 474 5 0 31 2 144115188075856403 24 2320 2 1 1585267068834415031 2320 2 2 1585267068834415032 2133 2 1224979098644774913 2 2133 2 1224979098644774914 384 5 0 31 2 144115188075856403 26 2320 2 1 1585267068834415033 2320 2 2 1585267068834415034 2320 2 3 1585267068834415035 2320 2 4 1585267068834415036 2320 2 5 1585267068834415037 2133 2 1224979098644774913 5 3 0 2133 2 144115188075856633 144115188075856403 6 3 1224979098644774915 0 1224979098644774913 4 0 31 2 1224979098644774915 0 2321 2 0 1 5 0 31 2 1224979098644774915 1 2321 2 0 2 5 0 31 2 1224979098644774915 2 2321 2 0 3 5 0 31 2 1224979098644774915 3 2321 2 0 4 5 0 31 2 1224979098644774915 4 2321 2 0 5 3 0 910 2 1224979098644774916 0 921 2 1224979098644774916 16777215 729 2 1 1000 730 2 1 1000 925 2 1224979098644774916 1 729 2 1 1 730 2 1 1224979098644774914 926 2 1224979098644774916 1 500 3 1 1224979098644774915 1224979098644774916 2106 2 1224979098644774914 30 3 0 2122 3 1224979098644774917 30 1224979098644774913 2105 2 1224979098644774914 1224979098644774917 2106 2 1224979098644774914 4 6 3 1224979098644774915 0 1224979098644774913 911 2 1224979098644774916 483 729 2 1 700 730 2 1 700 925 2 1224979098644774916 1 729 2 1 0 730 2 1 1224979098644774914 926 2 1224979098644774916 1 2106 2 1224979098644774914 30 3 0 4 0 31 2 144115188075856403 26 911 2 1224979098644774916 239 921 2 1224979098644774916 0 922 2 1224979098644774916 16 729 2 1 14000 730 2 1 4500 925 2 1224979098644774916 1 729 2 1 0 730 2 1 498 926 2 1224979098644774916 1 3 0 902 1 999999 
-61.000000  69 2071 1 1224979098644774912 32 2 1224979098644774912 250 4 0 1073741897 1 23 1073741897 1 24 1073741897 1 25 1073741897 1 22 1073741897 1 30 1073741897 1 31 1073741897 1 32 1073741897 1 33 1073741897 1 34 1073741897 1 35 1073741897 1 36 1073741897 1 37 1073741897 1 38 1073741897 1 29 1073741897 1 39 73 1 40 902 1 0 3 0 4 0 2133 2 1224979098644774913 -1 4 0 73 1 26 2133 2 1224979098644774913 4 5 0 73 1 27 2133 2 1224979098644774913 5 5 0 73 1 28 2133 2 1224979098644774913 6 5 0 71 1 65 2133 2 1224979098644774913 7 5 0 71 1 66 2133 2 1224979098644774913 8 3 0 2147483679 2 1224979098644774913 -1 4 0 31 2 144115188075856633 0 902 1 0 5 0 31 2 144115188075856633 26 2133 2 1224979098644774914 4 2133 2 1224979098644774915 8 2121 3 1224979098644774916 1224979098644774915 1224979098644774914 2105 2 1224979098644774916 1 2121 3 1224979098644774917 1224979098644774913 1224979098644774914 33 3 1224979098644774917 0 1224979098644774916 6 3 1224979098644774918 0 1224979098644774916 520 3 1224979098644774919 1 1224979098644774918 4 0 2147483679 2 1224979098644774918 1224979098644774917 933 3 1224979098644774919 400 0 2105 2 1224979098644774919 1224979098644774916 933 3 1224979098644774919 400 0 5 0 933 3 1224979098644774919 1100 0 2105 2 1224979098644774919 1224979098644774916 933 3 1224979098644774919 1100 0 3 0 3 0 902 1 200 1789 0 2133 2 144115188075856405 0 3 0 3 0 


prsnt_battle 0 0 3
-60.000000  612 2124 1 1000 2133 2 144115188075856634 0 2133 2 144115188075856635 0 2133 2 144115188075856636 0 2133 2 144115188075856637 0 2133 2 144115188075856638 0 2133 2 144115188075856639 0 2133 2 144115188075856640 0 2133 2 144115188075856641 0 2133 2 144115188075856642 0 2133 2 144115188075856643 -1 2133 2 144115188075856644 -1 2133 2 144115188075856645 -1 2133 2 144115188075856646 -1 2133 2 144115188075856647 -1 2133 2 144115188075856648 -1 2133 2 144115188075856649 -1 2133 2 144115188075856650 -1 2133 2 144115188075856651 -1 2319 1 7 1789 0 2133 2 144115188075856405 0 12 1 1224979098644774912 505 3 1224979098644774912 28 0 3 0 910 3 72057594037927937 1585267068834415038 16 921 2 72057594037927937 16777215 729 2 1 810 730 2 1 240 926 2 72057594037927937 1 729 2 1 900 730 2 1 900 925 2 72057594037927937 1 1700 1 1224979098644774913 1718 2 1224979098644774914 1224979098644774913 730 2 1 700 910 3 72057594037927937 1585267068834415039 98320 921 2 72057594037927937 14754086 729 2 1 270 926 2 72057594037927937 1 910 3 72057594037927937 1585267068834415040 98320 921 2 72057594037927937 14754086 729 2 1 410 926 2 72057594037927937 1 910 3 72057594037927937 1585267068834415041 98320 921 2 72057594037927937 14754086 729 2 1 550 926 2 72057594037927937 1 2133 2 144115188075856652 0 2133 2 144115188075856653 0 2133 2 144115188075856654 0 2133 2 144115188075856655 0 2133 2 144115188075856656 0 2133 2 144115188075856657 0 2133 2 144115188075856658 0 2133 2 144115188075856659 0 2133 2 144115188075856660 0 1650 2 1224979098644774915 0 2133 2 144115188075856661 0 6 3 1224979098644774916 0 1224979098644774915 1652 3 1224979098644774917 0 1224979098644774916 1516 2 1224979098644774918 1224979098644774917 2147483679 2 1224979098644774914 1224979098644774917 4 0 31 2 1224979098644774918 0 4 0 2147483679 2 144115188075856652 1 2105 2 144115188075856661 1 3 0 2133 2 144115188075856652 1 5 0 31 2 1224979098644774918 1 4 0 2147483679 2 144115188075856653 1 2105 2 144115188075856661 1 3 0 2133 2 144115188075856653 1 5 0 31 2 1224979098644774918 2 4 0 2147483679 2 144115188075856654 1 2105 2 144115188075856661 1 3 0 2133 2 144115188075856654 1 5 0 31 2 1224979098644774918 3 4 0 2147483679 2 144115188075856655 1 2105 2 144115188075856661 1 3 0 2133 2 144115188075856655 1 5 0 31 2 1224979098644774918 4 4 0 2147483679 2 144115188075856656 1 2105 2 144115188075856661 1 3 0 2133 2 144115188075856656 1 5 0 31 2 1224979098644774918 5 4 0 2147483679 2 144115188075856657 1 2105 2 144115188075856661 1 3 0 2133 2 144115188075856657 1 5 0 31 2 1224979098644774918 6 4 0 2147483679 2 144115188075856658 1 2105 2 144115188075856661 1 3 0 2133 2 144115188075856658 1 5 0 31 2 1224979098644774918 7 4 0 2147483679 2 144115188075856659 1 2105 2 144115188075856661 1 3 0 2133 2 144115188075856659 1 5 0 31 2 1224979098644774918 8 4 0 2147483679 2 144115188075856660 1 2105 2 144115188075856661 1 3 0 2133 2 144115188075856660 1 3 0 3 0 2133 2 1224979098644774919 0 2133 2 1224979098644774920 653 2133 2 1224979098644774921 20 2133 2 1224979098644774922 662 2133 2 1224979098644774923 50 2133 2 1224979098644774924 660 4 0 31 2 144115188075856652 1 913 3 144115188075856643 239 239 729 2 1 1224979098644774919 730 2 1 1224979098644774920 926 2 144115188075856643 1 2105 2 1224979098644774920 -40 729 2 1 32500 730 2 1 2000 925 2 144115188075856643 1 922 2 144115188075856643 0 921 2 144115188075856643 10652246 918 3 144115188075856594 237 238 729 2 2 1224979098644774921 730 2 2 1224979098644774922 926 2 144115188075856594 2 2105 2 1224979098644774922 -40 910 3 144115188075856662 7 0 729 2 3 1224979098644774923 730 2 3 1224979098644774924 926 2 144115188075856662 3 2105 2 1224979098644774924 -40 910 3 144115188075856663 7 16 910 3 144115188075856664 7 16 910 3 144115188075856665 7 16 3 0 4 0 31 2 144115188075856653 1 913 3 144115188075856644 239 239 729 2 1 1224979098644774919 730 2 1 1224979098644774920 926 2 144115188075856644 1 2105 2 1224979098644774920 -40 729 2 1 32500 730 2 1 2000 925 2 144115188075856644 1 922 2 144115188075856644 0 921 2 144115188075856644 10652246 918 3 144115188075856596 237 238 729 2 2 1224979098644774921 730 2 2 1224979098644774922 926 2 144115188075856596 2 2105 2 1224979098644774922 -40 910 3 144115188075856666 7 0 729 2 3 1224979098644774923 730 2 3 1224979098644774924 926 2 144115188075856666 3 2105 2 1224979098644774924 -40 910 3 144115188075856667 7 16 910 3 144115188075856668 7 16 910 3 144115188075856669 7 16 3 0 4 0 31 2 144115188075856654 1 913 3 144115188075856645 239 239 729 2 1 1224979098644774919 730 2 1 1224979098644774920 926 2 144115188075856645 1 2105 2 1224979098644774920 -40 729 2 1 32500 730 2 1 2000 925 2 144115188075856645 1 922 2 144115188075856645 0 921 2 144115188075856645 10652246 918 3 144115188075856670 237 238 729 2 2 1224979098644774921 730 2 2 1224979098644774922 926 2 144115188075856670 2 2105 2 1224979098644774922 -40 910 3 144115188075856671 7 0 729 2 3 1224979098644774923 730 2 3 1224979098644774924 926 2 144115188075856671 3 2105 2 1224979098644774924 -40 910 3 144115188075856672 7 16 910 3 144115188075856673 7 16 910 3 144115188075856674 7 16 3 0 4 0 31 2 144115188075856655 1 913 3 144115188075856646 239 239 729 2 1 1224979098644774919 730 2 1 1224979098644774920 926 2 144115188075856646 1 2105 2 1224979098644774920 -40 729 2 1 32500 730 2 1 2000 925 2 144115188075856646 1 922 2 144115188075856646 0 921 2 144115188075856646 10652246 918 3 144115188075856675 237 238 729 2 2 1224979098644774921 730 2 2 1224979098644774922 926 2 144115188075856675 2 2105 2 1224979098644774922 -40 910 3 144115188075856676 7 0 729 2 3 1224979098644774923 730 2 3 1224979098644774924 926 2 144115188075856676 3 2105 2 1224979098644774924 -40 910 3 144115188075856677 7 16 910 3 144115188075856678 7 16 910 3 144115188075856679 7 16 3 0 4 0 31 2 144115188075856656 1 913 3 144115188075856647 239 239 729 2 1 1224979098644774919 730 2 1 1224979098644774920 926 2 144115188075856647 1 2105 2 1224979098644774920 -40 729 2 1 32500 730 2 1 2000 925 2 144115188075856647 1 922 2 144115188075856647 0 921 2 144115188075856647 10652246 918 3 144115188075856680 237 238 729 2 2 1224979098644774921 730 2 2 1224979098644774922 926 2 144115188075856680 2 2105 2 1224979098644774922 -40 910 3 144115188075856681 7 0 729 2 3 1224979098644774923 730 2 3 1224979098644774924 926 2 144115188075856681 3 2105 2 1224979098644774924 -40 910 3 144115188075856682 7 16 910 3 144115188075856683 7 16 910 3 144115188075856684 7 16 3 0 4 0 31 2 144115188075856657 1 913 3 144115188075856648 239 239 729 2 1 1224979098644774919 730 2 1 1224979098644774920 926 2 144115188075856648 1 2105 2 1224979098644774920 -40 729 2 1 32500 730 2 1 2000 925 2 144115188075856648 1 922 2 144115188075856648 0 921 2 144115188075856648 10652246 918 3 144115188075856685 237 238 729 2 2 1224979098644774921 730 2 2 1224979098644774922 926 2 144115188075856685 2 2105 2 1224979098644774922 -40 910 3 144115188075856686 7 0 729 2 3 1224979098644774923 730 2 3 1224979098644774924 926 2 144115188075856686 3 2105 2 1224979098644774924 -40 910 3 144115188075856687 7 16 910 3 144115188075856688 7 16 910 3 144115188075856689 7 16 3 0 4 0 31 2 144115188075856658 1 913 3 144115188075856649 239 239 729 2 1 1224979098644774919 730 2 1 1224979098644774920 926 2 144115188075856649 1 2105 2 1224979098644774920 -40 729 2 1 32500 730 2 1 2000 925 2 144115188075856649 1 922 2 144115188075856649 0 921 2 144115188075856649 10652246 918 3 144115188075856690 237 238 729 2 2 1224979098644774921 730 2 2 1224979098644774922 926 2 144115188075856690 2 2105 2 1224979098644774922 -40 910 3 144115188075856691 7 0 729 2 3 1224979098644774923 730 2 3 1224979098644774924 926 2 144115188075856691 3 2105 2 1224979098644774924 -40 910 3 144115188075856692 7 16 910 3 144115188075856693 7 16 910 3 144115188075856694 7 16 3 0 4 0 31 2 144115188075856659 1 913 3 144115188075856650 239 239 729 2 1 1224979098644774919 730 2 1 1224979098644774920 926 2 144115188075856650 1 2105 2 1224979098644774920 -40 729 2 1 32500 730 2 1 2000 925 2 144115188075856650 1 922 2 144115188075856650 0 921 2 144115188075856650 10652246 918 3 144115188075856695 237 238 729 2 2 1224979098644774921 730 2 2 1224979098644774922 926 2 144115188075856695 2 2105 2 1224979098644774922 -40 910 3 144115188075856696 7 0 729 2 3 1224979098644774923 730 2 3 1224979098644774924 926 2 144115188075856696 3 2105 2 1224979098644774924 -40 910 3 144115188075856697 7 16 910 3 144115188075856698 7 16 910 3 144115188075856699 7 16 3 0 4 0 31 2 144115188075856660 1 913 3 144115188075856651 239 239 729 2 1 1224979098644774919 730 2 1 1224979098644774920 926 2 144115188075856651 1 2105 2 1224979098644774920 -40 729 2 1 32500 730 2 1 2000 925 2 144115188075856651 1 922 2 144115188075856651 0 921 2 144115188075856651 10652246 918 3 144115188075856700 237 238 729 2 2 1224979098644774921 730 2 2 1224979098644774922 926 2 144115188075856700 2 2105 2 1224979098644774922 -40 910 3 144115188075856701 7 0 729 2 3 1224979098644774923 730 2 3 1224979098644774924 926 2 144115188075856701 3 2105 2 1224979098644774924 -40 910 3 144115188075856702 7 16 910 3 144115188075856703 7 16 910 3 144115188075856704 7 16 3 0 1700 1 1224979098644774913 1770 2 1224979098644774925 1224979098644774913 1 2 292 1224979098644774925 2133 2 1224979098644774926 640 2133 2 1224979098644774927 144115188075856661 2107 2 1224979098644774927 -40 2105 2 1224979098644774926 1224979098644774927 943 3 144115188075856705 216172782113786711 0 943 3 144115188075856706 216172782113786711 0 943 3 144115188075856707 216172782113786711 0 943 3 144115188075856708 216172782113786711 0 921 2 144115188075856705 16777215 921 2 144115188075856706 16777215 921 2 144115188075856707 16777215 921 2 144115188075856708 16777215 931 2 144115188075856705 1585267068834415042 931 2 144115188075856705 1585267068834415043 931 2 144115188075856705 1585267068834415044 931 2 144115188075856705 1585267068834415045 931 2 144115188075856705 1585267068834415046 912 3 144115188075856709 1585267068834415047 98320 921 2 144115188075856709 4294967295 912 3 144115188075856710 1585267068834415048 98320 921 2 144115188075856710 4294967295 912 3 144115188075856711 1585267068834415049 98320 921 2 144115188075856711 4294967295 912 3 144115188075856712 1585267068834415050 98320 921 2 144115188075856712 4294967295 729 2 1 600 730 2 1 600 925 2 144115188075856705 1 2105 2 1224979098644774926 -51 729 2 1 205 730 2 1 1224979098644774926 2105 2 1224979098644774926 51 926 2 144115188075856705 1 922 2 144115188075856705 96 927 2 144115188075856705 144115188075856345 2105 2 1224979098644774926 -40 729 2 1 130 730 2 1 1224979098644774926 2105 2 1224979098644774926 40 926 2 144115188075856709 1 2105 2 1224979098644774926 -20 729 2 1 130 730 2 1 1224979098644774926 2105 2 1224979098644774926 20 926 2 144115188075856710 1 2105 2 1224979098644774926 0 729 2 1 130 730 2 1 1224979098644774926 2105 2 1224979098644774926 0 926 2 144115188075856711 1 2105 2 1224979098644774926 20 729 2 1 130 730 2 1 1224979098644774926 2105 2 1224979098644774926 -20 926 2 144115188075856712 1 931 2 144115188075856706 1585267068834415051 931 2 144115188075856706 1585267068834415040 729 2 1 600 730 2 1 600 925 2 144115188075856706 1 729 2 1 350 730 2 1 1224979098644774926 926 2 144115188075856706 1 922 2 144115188075856706 96 927 2 144115188075856706 144115188075856346 931 2 144115188075856707 1585267068834415052 931 2 144115188075856707 1585267068834415053 729 2 1 600 730 2 1 600 925 2 144115188075856707 1 729 2 1 495 730 2 1 1224979098644774926 926 2 144115188075856707 1 922 2 144115188075856707 96 927 2 144115188075856707 144115188075856347 931 2 144115188075856708 1585267068834415054 931 2 144115188075856708 1585267068834415055 729 2 1 600 730 2 1 600 925 2 144115188075856708 1 2105 2 1224979098644774926 -35 729 2 1 495 730 2 1 1224979098644774926 2105 2 1224979098644774926 35 926 2 144115188075856708 1 922 2 144115188075856708 96 927 2 144115188075856708 144115188075856348 910 3 144115188075856713 216172782113786712 0 910 3 144115188075856714 216172782113786713 0 910 3 144115188075856715 216172782113786714 0 910 3 144115188075856716 1585267068834415056 16 910 3 144115188075856717 1585267068834415057 16 910 3 144115188075856718 216172782113786797 16 910 3 144115188075856719 1585267068834415058 16 921 2 144115188075856713 16777215 921 2 144115188075856714 16777215 921 2 144115188075856715 16777215 921 2 144115188075856716 16777215 921 2 144115188075856717 16777215 921 2 144115188075856719 16777215 921 2 144115188075856718 16777215 910 3 144115188075856720 7 16 910 3 144115188075856721 7 16 910 3 144115188075856722 7 16 910 3 144115188075856723 7 16 910 3 144115188075856724 7 16 910 3 144115188075856725 7 16 910 3 144115188075856726 7 16 910 3 144115188075856727 7 16 910 3 144115188075856728 7 16 910 3 144115188075856729 7 16 910 3 144115188075856730 7 16 910 3 144115188075856731 7 16 921 2 144115188075856720 0 921 2 144115188075856721 14754086 921 2 144115188075856722 14754086 921 2 144115188075856723 14754086 921 2 144115188075856724 0 921 2 144115188075856725 14754086 921 2 144115188075856726 14754086 921 2 144115188075856727 14754086 921 2 144115188075856728 0 921 2 144115188075856729 14754086 921 2 144115188075856730 14754086 921 2 144115188075856731 14754086 913 3 144115188075856732 239 239 921 2 144115188075856732 0 729 2 1 15500 730 2 1 6000 925 2 144115188075856732 1 729 2 1 672 730 2 1 275 926 2 144115188075856732 1 922 2 144115188075856732 84 921 2 144115188075856732 10652246 729 2 1 750 730 2 1 750 925 2 144115188075856709 1 925 2 144115188075856710 1 925 2 144115188075856711 1 925 2 144115188075856712 1 925 2 144115188075856713 1 925 2 144115188075856714 1 925 2 144115188075856715 1 925 2 144115188075856716 1 925 2 144115188075856717 1 925 2 144115188075856719 1 925 2 144115188075856718 1 925 2 144115188075856720 1 925 2 144115188075856721 1 925 2 144115188075856722 1 925 2 144115188075856723 1 925 2 144115188075856724 1 925 2 144115188075856725 1 925 2 144115188075856726 1 925 2 144115188075856727 1 925 2 144115188075856728 1 925 2 144115188075856729 1 925 2 144115188075856730 1 925 2 144115188075856731 1 2133 2 1224979098644774919 675 2133 2 1224979098644774920 280 2105 2 1224979098644774919 70 2105 2 1224979098644774920 90 729 2 1 1224979098644774919 730 2 1 1224979098644774920 926 2 144115188075856716 1 2105 2 1224979098644774919 70 729 2 1 1224979098644774919 926 2 144115188075856717 1 2105 2 1224979098644774919 70 729 2 1 1224979098644774919 926 2 144115188075856718 1 2105 2 1224979098644774919 70 729 2 1 1224979098644774919 926 2 144115188075856719 1 2105 2 1224979098644774919 -280 2105 2 1224979098644774920 -30 729 2 1 1224979098644774919 730 2 1 1224979098644774920 926 2 144115188075856713 1 2105 2 1224979098644774920 -30 730 2 1 1224979098644774920 926 2 144115188075856714 1 2105 2 1224979098644774920 -30 730 2 1 1224979098644774920 926 2 144115188075856715 1 1799 2 2 3 717 3 4 2 3 2124 1 1000 726 2 1224979098644774928 4 727 2 1224979098644774929 4 2124 1 1000 2123 3 1224979098644774930 1224979098644774929 100 2123 3 1224979098644774930 1224979098644774928 1224979098644774930 4 0 32 2 1224979098644774930 100 2133 2 144115188075856733 300 2123 3 144115188075856734 1224979098644774928 144115188075856733 2123 3 144115188075856735 1224979098644774929 144115188075856734 5 0 2133 2 144115188075856735 300 2123 3 144115188075856734 1224979098644774929 144115188075856735 2123 3 144115188075856733 1224979098644774928 144115188075856734 3 0 913 3 144115188075856736 239 239 921 2 144115188075856736 0 2120 3 1224979098644774931 144115188075856733 20 2120 3 1224979098644774932 144115188075856735 20 2122 3 1224979098644774933 1224979098644774931 50 2122 3 1224979098644774934 1224979098644774932 50 729 2 1 1224979098644774933 730 2 1 1224979098644774934 925 2 144115188075856736 1 2121 3 1224979098644774935 990 1224979098644774931 2121 3 1224979098644774936 740 1224979098644774932 729 2 1 1224979098644774935 730 2 1 1224979098644774936 926 2 144115188075856736 1 922 2 144115188075856736 68 911 2 144115188075856737 242 911 2 144115188075856738 243 911 2 144115188075856739 244 922 2 144115188075856737 0 922 2 144115188075856738 0 922 2 144115188075856739 0 911 2 144115188075856740 484 911 2 144115188075856741 485 911 2 144115188075856742 486 922 2 144115188075856740 0 922 2 144115188075856741 0 922 2 144115188075856742 0 911 2 144115188075856743 487 911 2 144115188075856744 488 911 2 144115188075856745 489 922 2 144115188075856743 0 922 2 144115188075856744 0 922 2 144115188075856745 0 1 1 296 1 1 297 902 1 999999 
-62.000000  814 2071 1 1224979098644774912 2072 1 1224979098644774913 1700 1 1224979098644774914 1770 2 1224979098644774915 1224979098644774914 2133 2 1224979098644774916 0 4 0 31 2 144115188075856652 1 31 2 1224979098644774912 144115188075856594 2133 2 1224979098644774916 1 2133 2 144115188075856634 1224979098644774913 4 0 31 2 1224979098644774913 1 933 3 144115188075856643 250 68 5 0 933 3 144115188075856643 250 0 3 0 5 0 31 2 144115188075856653 1 31 2 1224979098644774912 144115188075856596 2133 2 1224979098644774916 1 2133 2 144115188075856635 1224979098644774913 4 0 31 2 1224979098644774913 1 933 3 144115188075856644 250 68 5 0 933 3 144115188075856644 250 0 3 0 5 0 31 2 144115188075856654 1 31 2 1224979098644774912 144115188075856670 2133 2 1224979098644774916 1 2133 2 144115188075856636 1224979098644774913 4 0 31 2 1224979098644774913 1 933 3 144115188075856645 250 68 5 0 933 3 144115188075856645 250 0 3 0 5 0 31 2 144115188075856655 1 31 2 1224979098644774912 144115188075856675 2133 2 1224979098644774916 1 2133 2 144115188075856637 1224979098644774913 4 0 31 2 1224979098644774913 1 933 3 144115188075856646 250 68 5 0 933 3 144115188075856646 250 0 3 0 5 0 31 2 144115188075856656 1 31 2 1224979098644774912 144115188075856680 2133 2 1224979098644774916 1 2133 2 144115188075856638 1224979098644774913 4 0 31 2 1224979098644774913 1 933 3 144115188075856647 250 68 5 0 933 3 144115188075856647 250 0 3 0 5 0 31 2 144115188075856657 1 31 2 1224979098644774912 144115188075856685 2133 2 1224979098644774916 1 2133 2 144115188075856639 1224979098644774913 4 0 31 2 1224979098644774913 1 933 3 144115188075856648 250 68 5 0 933 3 144115188075856648 250 0 3 0 5 0 31 2 144115188075856658 1 31 2 1224979098644774912 144115188075856690 2133 2 1224979098644774916 1 2133 2 144115188075856640 1224979098644774913 4 0 31 2 1224979098644774913 1 933 3 144115188075856649 250 68 5 0 933 3 144115188075856649 250 0 3 0 5 0 31 2 144115188075856659 1 31 2 1224979098644774912 144115188075856695 2133 2 1224979098644774916 1 2133 2 144115188075856641 1224979098644774913 4 0 31 2 1224979098644774913 1 933 3 144115188075856650 250 68 5 0 933 3 144115188075856650 250 0 3 0 5 0 31 2 144115188075856660 1 31 2 1224979098644774912 144115188075856700 2133 2 1224979098644774916 1 2133 2 144115188075856642 1224979098644774913 4 0 31 2 1224979098644774913 1 933 3 144115188075856651 250 68 5 0 933 3 144115188075856651 250 0 3 0 5 0 31 2 1224979098644774912 144115188075856643 2133 2 1224979098644774916 1 2133 2 144115188075856634 1 933 3 144115188075856643 250 68 927 2 144115188075856594 1 4 0 31 2 144115188075856653 1 2133 2 144115188075856635 0 927 2 144115188075856596 0 933 3 144115188075856644 250 0 3 0 4 0 31 2 144115188075856654 1 2133 2 144115188075856636 0 927 2 144115188075856670 0 933 3 144115188075856645 250 0 3 0 4 0 31 2 144115188075856655 1 2133 2 144115188075856637 0 927 2 144115188075856675 0 933 3 144115188075856646 250 0 3 0 4 0 31 2 144115188075856656 1 2133 2 144115188075856638 0 927 2 144115188075856680 0 933 3 144115188075856647 250 0 3 0 4 0 31 2 144115188075856657 1 2133 2 144115188075856639 0 927 2 144115188075856685 0 933 3 144115188075856648 250 0 3 0 4 0 31 2 144115188075856658 1 2133 2 144115188075856640 0 927 2 144115188075856690 0 933 3 144115188075856649 250 0 3 0 4 0 31 2 144115188075856659 1 2133 2 144115188075856641 0 927 2 144115188075856695 0 933 3 144115188075856650 250 0 3 0 4 0 31 2 144115188075856660 1 2133 2 144115188075856642 0 927 2 144115188075856700 0 933 3 144115188075856651 250 0 3 0 5 0 31 2 1224979098644774912 144115188075856644 2133 2 1224979098644774916 1 2133 2 144115188075856635 1 933 3 144115188075856644 250 68 927 2 144115188075856596 1 4 0 31 2 144115188075856652 1 2133 2 144115188075856634 0 927 2 144115188075856594 0 933 3 144115188075856643 250 0 3 0 4 0 31 2 144115188075856654 1 2133 2 144115188075856636 0 927 2 144115188075856670 0 933 3 144115188075856645 250 0 3 0 4 0 31 2 144115188075856655 1 2133 2 144115188075856637 0 927 2 144115188075856675 0 933 3 144115188075856646 250 0 3 0 4 0 31 2 144115188075856656 1 2133 2 144115188075856638 0 927 2 144115188075856680 0 933 3 144115188075856647 250 0 3 0 4 0 31 2 144115188075856657 1 2133 2 144115188075856639 0 927 2 144115188075856685 0 933 3 144115188075856648 250 0 3 0 4 0 31 2 144115188075856658 1 2133 2 144115188075856640 0 927 2 144115188075856690 0 933 3 144115188075856649 250 0 3 0 4 0 31 2 144115188075856659 1 2133 2 144115188075856641 0 927 2 144115188075856695 0 933 3 144115188075856650 250 0 3 0 4 0 31 2 144115188075856660 1 2133 2 144115188075856642 0 927 2 144115188075856700 0 933 3 144115188075856651 250 0 3 0 5 0 31 2 1224979098644774912 144115188075856645 2133 2 1224979098644774916 1 2133 2 144115188075856636 1 933 3 144115188075856645 250 68 927 2 144115188075856670 1 4 0 31 2 144115188075856652 1 2133 2 144115188075856634 0 927 2 144115188075856594 0 933 3 144115188075856643 250 0 3 0 4 0 31 2 144115188075856653 1 2133 2 144115188075856635 0 927 2 144115188075856596 0 933 3 144115188075856644 250 0 3 0 4 0 31 2 144115188075856655 1 2133 2 144115188075856637 0 927 2 144115188075856675 0 933 3 144115188075856646 250 0 3 0 4 0 31 2 144115188075856656 1 2133 2 144115188075856638 0 927 2 144115188075856680 0 933 3 144115188075856647 250 0 3 0 4 0 31 2 144115188075856657 1 2133 2 144115188075856639 0 927 2 144115188075856685 0 933 3 144115188075856648 250 0 3 0 4 0 31 2 144115188075856658 1 2133 2 144115188075856640 0 927 2 144115188075856690 0 933 3 144115188075856649 250 0 3 0 4 0 31 2 144115188075856659 1 2133 2 144115188075856641 0 927 2 144115188075856695 0 933 3 144115188075856650 250 0 3 0 4 0 31 2 144115188075856660 1 2133 2 144115188075856642 0 927 2 144115188075856700 0 933 3 144115188075856651 250 0 3 0 5 0 31 2 1224979098644774912 144115188075856646 2133 2 1224979098644774916 1 2133 2 144115188075856637 1 933 3 144115188075856646 250 68 927 2 144115188075856675 1 4 0 31 2 144115188075856652 1 2133 2 144115188075856634 0 927 2 144115188075856594 0 933 3 144115188075856643 250 0 3 0 4 0 31 2 144115188075856653 1 2133 2 144115188075856635 0 927 2 144115188075856596 0 933 3 144115188075856644 250 0 3 0 4 0 31 2 144115188075856654 1 2133 2 144115188075856636 0 927 2 144115188075856670 0 933 3 144115188075856645 250 0 3 0 4 0 31 2 144115188075856656 1 2133 2 144115188075856638 0 927 2 144115188075856680 0 933 3 144115188075856647 250 0 3 0 4 0 31 2 144115188075856657 1 2133 2 144115188075856639 0 927 2 144115188075856685 0 933 3 144115188075856648 250 0 3 0 4 0 31 2 144115188075856658 1 2133 2 144115188075856640 0 927 2 144115188075856690 0 933 3 144115188075856649 250 0 3 0 4 0 31 2 144115188075856659 1 2133 2 144115188075856641 0 927 2 144115188075856695 0 933 3 144115188075856650 250 0 3 0 4 0 31 2 144115188075856660 1 2133 2 144115188075856642 0 927 2 144115188075856700 0 933 3 144115188075856651 250 0 3 0 5 0 31 2 1224979098644774912 144115188075856647 2133 2 1224979098644774916 1 2133 2 144115188075856638 1 933 3 144115188075856647 250 68 927 2 144115188075856680 1 4 0 31 2 144115188075856652 1 2133 2 144115188075856634 0 927 2 144115188075856594 0 933 3 144115188075856643 250 0 3 0 4 0 31 2 144115188075856653 1 2133 2 144115188075856635 0 927 2 144115188075856596 0 933 3 144115188075856644 250 0 3 0 4 0 31 2 144115188075856654 1 2133 2 144115188075856636 0 927 2 144115188075856670 0 933 3 144115188075856645 250 0 3 0 4 0 31 2 144115188075856655 1 2133 2 144115188075856637 0 927 2 144115188075856675 0 933 3 144115188075856646 250 0 3 0 4 0 31 2 144115188075856657 1 2133 2 144115188075856639 0 927 2 144115188075856685 0 933 3 144115188075856648 250 0 3 0 4 0 31 2 144115188075856658 1 2133 2 144115188075856640 0 927 2 144115188075856690 0 933 3 144115188075856649 250 0 3 0 4 0 31 2 144115188075856659 1 2133 2 144115188075856641 0 927 2 144115188075856695 0 933 3 144115188075856650 250 0 3 0 4 0 31 2 144115188075856660 1 2133 2 144115188075856642 0 927 2 144115188075856700 0 933 3 144115188075856651 250 0 3 0 5 0 31 2 1224979098644774912 144115188075856648 2133 2 1224979098644774916 1 2133 2 144115188075856639 1 933 3 144115188075856648 250 68 927 2 144115188075856685 1 4 0 31 2 144115188075856652 1 2133 2 144115188075856634 0 927 2 144115188075856594 0 933 3 144115188075856643 250 0 3 0 4 0 31 2 144115188075856653 1 2133 2 144115188075856635 0 927 2 144115188075856596 0 933 3 144115188075856644 250 0 3 0 4 0 31 2 144115188075856654 1 2133 2 144115188075856636 0 927 2 144115188075856670 0 933 3 144115188075856645 250 0 3 0 4 0 31 2 144115188075856655 1 2133 2 144115188075856637 0 927 2 144115188075856675 0 933 3 144115188075856646 250 0 3 0 4 0 31 2 144115188075856656 1 2133 2 144115188075856638 0 927 2 144115188075856680 0 933 3 144115188075856647 250 0 3 0 4 0 31 2 144115188075856658 1 2133 2 144115188075856640 0 927 2 144115188075856690 0 933 3 144115188075856649 250 0 3 0 4 0 31 2 144115188075856659 1 2133 2 144115188075856641 0 927 2 144115188075856695 0 933 3 144115188075856650 250 0 3 0 4 0 31 2 144115188075856660 1 2133 2 144115188075856642 0 927 2 144115188075856700 0 933 3 144115188075856651 250 0 3 0 5 0 31 2 1224979098644774912 144115188075856649 2133 2 1224979098644774916 1 2133 2 144115188075856640 1 933 3 144115188075856649 250 68 927 2 144115188075856690 1 4 0 31 2 144115188075856652 1 2133 2 144115188075856634 0 927 2 144115188075856594 0 933 3 144115188075856643 250 0 3 0 4 0 31 2 144115188075856653 1 2133 2 144115188075856635 0 927 2 144115188075856596 0 933 3 144115188075856644 250 0 3 0 4 0 31 2 144115188075856654 1 2133 2 144115188075856636 0 927 2 144115188075856670 0 933 3 144115188075856645 250 0 3 0 4 0 31 2 144115188075856655 1 2133 2 144115188075856637 0 927 2 144115188075856675 0 933 3 144115188075856646 250 0 3 0 4 0 31 2 144115188075856656 1 2133 2 144115188075856638 0 927 2 144115188075856680 0 933 3 144115188075856647 250 0 3 0 4 0 31 2 144115188075856657 1 2133 2 144115188075856639 0 927 2 144115188075856685 0 933 3 144115188075856648 250 0 3 0 4 0 31 2 144115188075856659 1 2133 2 144115188075856641 0 927 2 144115188075856695 0 933 3 144115188075856650 250 0 3 0 4 0 31 2 144115188075856660 1 2133 2 144115188075856642 0 927 2 144115188075856700 0 933 3 144115188075856651 250 0 3 0 5 0 31 2 1224979098644774912 144115188075856650 2133 2 1224979098644774916 1 2133 2 144115188075856641 1 933 3 144115188075856650 250 68 927 2 144115188075856695 1 4 0 31 2 144115188075856652 1 2133 2 144115188075856634 0 927 2 144115188075856594 0 933 3 144115188075856643 250 0 3 0 4 0 31 2 144115188075856653 1 2133 2 144115188075856635 0 927 2 144115188075856596 0 933 3 144115188075856644 250 0 3 0 4 0 31 2 144115188075856654 1 2133 2 144115188075856636 0 927 2 144115188075856670 0 933 3 144115188075856645 250 0 3 0 4 0 31 2 144115188075856655 1 2133 2 144115188075856637 0 927 2 144115188075856675 0 933 3 144115188075856646 250 0 3 0 4 0 31 2 144115188075856656 1 2133 2 144115188075856638 0 927 2 144115188075856680 0 933 3 144115188075856647 250 0 3 0 4 0 31 2 144115188075856657 1 2133 2 144115188075856639 0 927 2 144115188075856685 0 933 3 144115188075856648 250 0 3 0 4 0 31 2 144115188075856658 1 2133 2 144115188075856640 0 927 2 144115188075856690 0 933 3 144115188075856649 250 0 3 0 4 0 31 2 144115188075856660 1 2133 2 144115188075856642 0 927 2 144115188075856700 0 933 3 144115188075856651 250 0 3 0 5 0 31 2 1224979098644774912 144115188075856651 2133 2 1224979098644774916 1 2133 2 144115188075856642 1 933 3 144115188075856651 250 68 927 2 144115188075856700 1 4 0 31 2 144115188075856652 1 2133 2 144115188075856634 0 927 2 144115188075856594 0 933 3 144115188075856643 250 0 3 0 4 0 31 2 144115188075856653 1 2133 2 144115188075856635 0 927 2 144115188075856596 0 933 3 144115188075856644 250 0 3 0 4 0 31 2 144115188075856654 1 2133 2 144115188075856636 0 927 2 144115188075856670 0 933 3 144115188075856645 250 0 3 0 4 0 31 2 144115188075856655 1 2133 2 144115188075856637 0 927 2 144115188075856675 0 933 3 144115188075856646 250 0 3 0 4 0 31 2 144115188075856656 1 2133 2 144115188075856638 0 927 2 144115188075856680 0 933 3 144115188075856647 250 0 3 0 4 0 31 2 144115188075856657 1 2133 2 144115188075856639 0 927 2 144115188075856685 0 933 3 144115188075856648 250 0 3 0 4 0 31 2 144115188075856658 1 2133 2 144115188075856640 0 927 2 144115188075856690 0 933 3 144115188075856649 250 0 3 0 4 0 31 2 144115188075856659 1 2133 2 144115188075856641 0 927 2 144115188075856695 0 933 3 144115188075856650 250 0 3 0 5 0 31 2 1224979098644774912 144115188075856709 1 3 291 1224979098644774914 8 5 0 31 2 1224979098644774912 144115188075856710 1 3 291 1224979098644774914 7 5 0 31 2 1224979098644774912 144115188075856711 1 3 291 1224979098644774914 6 5 0 31 2 1224979098644774912 144115188075856712 1 3 291 1224979098644774914 5 5 0 31 2 1224979098644774912 144115188075856705 4 0 31 2 1224979098644774913 4 1 3 291 1224979098644774914 0 1 2 292 1224979098644774915 2133 2 144115188075856345 4 5 0 31 2 1224979098644774913 3 1 3 291 1224979098644774914 1 1 2 292 1224979098644774915 2133 2 144115188075856345 3 5 0 31 2 1224979098644774913 2 1 3 291 1224979098644774914 2 1 2 292 1224979098644774915 2133 2 144115188075856345 2 5 0 31 2 1224979098644774913 1 1 3 291 1224979098644774914 11 1 2 292 1224979098644774915 2133 2 144115188075856345 1 5 0 31 2 1224979098644774913 0 1 3 291 1224979098644774914 14 1 2 292 1224979098644774915 2133 2 144115188075856345 0 3 0 5 0 31 2 1224979098644774912 144115188075856706 4 0 31 2 1224979098644774913 1 1 3 291 1224979098644774914 3 1 2 292 1224979098644774915 2133 2 144115188075856346 1 5 0 31 2 1224979098644774913 0 1 3 291 1224979098644774914 4 1 2 292 1224979098644774915 2133 2 144115188075856346 0 3 0 5 0 31 2 1224979098644774912 144115188075856707 4 0 31 2 1224979098644774913 1 1 3 291 1224979098644774914 12 1 2 292 1224979098644774915 2133 2 144115188075856347 1 5 0 31 2 1224979098644774913 0 1 3 291 1224979098644774914 13 1 2 292 1224979098644774915 2133 2 144115188075856347 0 3 0 5 0 31 2 1224979098644774912 144115188075856708 4 0 31 2 1224979098644774913 1 1 3 291 1224979098644774914 10 1 2 292 1224979098644774915 2133 2 144115188075856348 1 5 0 31 2 1224979098644774913 0 1 3 291 1224979098644774914 9 1 2 292 1224979098644774915 2133 2 144115188075856348 0 3 0 5 0 31 2 1224979098644774912 144115188075856736 1799 2 2 3 75 1 1 2124 1 1000 726 2 1224979098644774917 1 727 2 1224979098644774918 1 2121 3 1224979098644774919 980 144115188075856733 2121 3 1224979098644774920 730 144115188075856735 2106 2 1224979098644774917 1224979098644774919 2106 2 1224979098644774918 1224979098644774920 2112 3 1224979098644774917 0 144115188075856733 2112 3 1224979098644774918 0 144115188075856735 2107 2 1224979098644774917 144115188075856734 2107 2 1224979098644774918 144115188075856734 2124 1 1000 729 2 1 1224979098644774917 730 2 1 1224979098644774918 716 3 3 2 1 4 0 31 2 144115188075856634 1 1790 3 1224979098644774915 0 0 1791 3 1224979098644774915 0 3 3 0 4 0 31 2 144115188075856635 1 1790 3 1224979098644774915 1 0 1791 3 1224979098644774915 1 3 3 0 4 0 31 2 144115188075856636 1 1790 3 1224979098644774915 2 0 1791 3 1224979098644774915 2 3 3 0 4 0 31 2 144115188075856637 1 1790 3 1224979098644774915 3 0 1791 3 1224979098644774915 3 3 3 0 4 0 31 2 144115188075856638 1 1790 3 1224979098644774915 4 0 1791 3 1224979098644774915 4 3 3 0 4 0 31 2 144115188075856639 1 1790 3 1224979098644774915 5 0 1791 3 1224979098644774915 5 3 3 0 4 0 31 2 144115188075856640 1 1790 3 1224979098644774915 6 0 1791 3 1224979098644774915 6 3 3 0 4 0 31 2 144115188075856641 1 1790 3 1224979098644774915 7 0 1791 3 1224979098644774915 7 3 3 0 4 0 31 2 144115188075856642 1 1790 3 1224979098644774915 8 0 1791 3 1224979098644774915 8 3 3 0 2133 2 1224979098644774921 1 2130 1 1224979098644774921 2124 1 100 1 1 547 1 1 569 2124 1 1224979098644774921 1 1 295 1 2 292 1224979098644774915 3 0 4 0 31 2 1224979098644774916 1 1795 2 1224979098644774915 -1 4 0 1073741855 2 144115188075856634 1 31 2 144115188075856652 0 1073741855 2 144115188075856635 1 31 2 144115188075856653 0 1073741855 2 144115188075856636 1 31 2 144115188075856654 0 1073741855 2 144115188075856637 1 31 2 144115188075856655 0 1073741855 2 144115188075856638 1 31 2 144115188075856656 0 1073741855 2 144115188075856639 1 31 2 144115188075856657 0 1073741855 2 144115188075856640 1 31 2 144115188075856658 0 1073741855 2 144115188075856641 1 31 2 144115188075856659 0 1073741855 2 144115188075856642 1 31 2 144115188075856660 0 1795 2 1224979098644774915 9 5 0 2133 2 1224979098644774922 0 4 0 31 2 144115188075856634 1 1795 3 1224979098644774915 0 1224979098644774922 2133 2 1224979098644774922 1 3 0 4 0 31 2 144115188075856635 1 1795 3 1224979098644774915 1 1224979098644774922 2133 2 1224979098644774922 1 3 0 4 0 31 2 144115188075856636 1 1795 3 1224979098644774915 2 1224979098644774922 2133 2 1224979098644774922 1 3 0 4 0 31 2 144115188075856637 1 1795 3 1224979098644774915 3 1224979098644774922 2133 2 1224979098644774922 1 3 0 4 0 31 2 144115188075856638 1 1795 3 1224979098644774915 4 1224979098644774922 2133 2 1224979098644774922 1 3 0 4 0 31 2 144115188075856639 1 1795 3 1224979098644774915 5 1224979098644774922 2133 2 1224979098644774922 1 3 0 4 0 31 2 144115188075856640 1 1795 3 1224979098644774915 6 1224979098644774922 2133 2 1224979098644774922 1 3 0 4 0 31 2 144115188075856641 1 1795 3 1224979098644774915 7 1224979098644774922 2133 2 1224979098644774922 1 3 0 4 0 31 2 144115188075856642 1 1795 3 1224979098644774915 8 1224979098644774922 2133 2 1224979098644774922 1 3 0 3 0 3 0 
-63.000000  129 2071 1 1224979098644774912 2072 1 1224979098644774913 4 0 31 2 1224979098644774912 144115188075856643 4 0 31 2 1224979098644774913 0 932 3 144115188075856663 250 16777215 932 3 144115188075856664 250 16777215 932 3 144115188075856665 250 16777215 932 3 144115188075856662 250 16777215 5 0 932 3 144115188075856663 250 0 932 3 144115188075856664 250 0 932 3 144115188075856665 250 0 932 3 144115188075856662 250 0 3 0 5 0 31 2 1224979098644774912 144115188075856644 4 0 31 2 1224979098644774913 0 932 3 144115188075856667 250 16777215 932 3 144115188075856668 250 16777215 932 3 144115188075856669 250 16777215 932 3 144115188075856666 250 16777215 5 0 932 3 144115188075856667 250 0 932 3 144115188075856668 250 0 932 3 144115188075856669 250 0 932 3 144115188075856666 250 0 3 0 5 0 31 2 1224979098644774912 144115188075856645 4 0 31 2 1224979098644774913 0 932 3 144115188075856672 250 16777215 932 3 144115188075856673 250 16777215 932 3 144115188075856674 250 16777215 932 3 144115188075856671 250 16777215 5 0 932 3 144115188075856672 250 0 932 3 144115188075856673 250 0 932 3 144115188075856674 250 0 932 3 144115188075856671 250 0 3 0 5 0 31 2 1224979098644774912 144115188075856646 4 0 31 2 1224979098644774913 0 932 3 144115188075856677 250 16777215 932 3 144115188075856678 250 16777215 932 3 144115188075856679 250 16777215 932 3 144115188075856676 250 16777215 5 0 932 3 144115188075856677 250 0 932 3 144115188075856678 250 0 932 3 144115188075856679 250 0 932 3 144115188075856676 250 0 3 0 5 0 31 2 1224979098644774912 144115188075856647 4 0 31 2 1224979098644774913 0 932 3 144115188075856682 250 16777215 932 3 144115188075856683 250 16777215 932 3 144115188075856684 250 16777215 932 3 144115188075856681 250 16777215 5 0 932 3 144115188075856682 250 0 932 3 144115188075856683 250 0 932 3 144115188075856684 250 0 932 3 144115188075856681 250 0 3 0 5 0 31 2 1224979098644774912 144115188075856648 4 0 31 2 1224979098644774913 0 932 3 144115188075856687 250 16777215 932 3 144115188075856688 250 16777215 932 3 144115188075856689 250 16777215 932 3 144115188075856686 250 16777215 5 0 932 3 144115188075856687 250 0 932 3 144115188075856688 250 0 932 3 144115188075856689 250 0 932 3 144115188075856686 250 0 3 0 5 0 31 2 1224979098644774912 144115188075856649 4 0 31 2 1224979098644774913 0 932 3 144115188075856692 250 16777215 932 3 144115188075856693 250 16777215 932 3 144115188075856694 250 16777215 932 3 144115188075856691 250 16777215 5 0 932 3 144115188075856692 250 0 932 3 144115188075856693 250 0 932 3 144115188075856694 250 0 932 3 144115188075856691 250 0 3 0 5 0 31 2 1224979098644774912 144115188075856650 4 0 31 2 1224979098644774913 0 932 3 144115188075856697 250 16777215 932 3 144115188075856698 250 16777215 932 3 144115188075856699 250 16777215 932 3 144115188075856696 250 16777215 5 0 932 3 144115188075856697 250 0 932 3 144115188075856698 250 0 932 3 144115188075856699 250 0 932 3 144115188075856696 250 0 3 0 5 0 31 2 1224979098644774912 144115188075856651 4 0 31 2 1224979098644774913 0 932 3 144115188075856702 250 16777215 932 3 144115188075856703 250 16777215 932 3 144115188075856704 250 16777215 932 3 144115188075856701 250 16777215 5 0 932 3 144115188075856702 250 0 932 3 144115188075856703 250 0 932 3 144115188075856704 250 0 932 3 144115188075856701 250 0 3 0 3 0 


prsnt_food_options 0 236 3
-60.000000  35 902 1 999999 2124 1 1000 910 3 144115188075856746 1585267068834415059 16 729 2 0 500 730 2 0 600 926 2 144115188075856746 0 2133 2 1224979098644774912 450 2133 2 1224979098644774913 50 729 2 1 800 730 2 1 800 6 3 1224979098644774914 93 116 2147483679 2 1224979098644774914 94 4 0 32 2 1224979098644774913 900 2133 2 1224979098644774913 50 2106 2 1224979098644774912 100 3 0 729 2 0 1224979098644774913 730 2 0 1224979098644774912 913 3 1224979098644774915 254 254 925 2 1224979098644774915 1 926 2 1224979098644774915 0 944 2 72057594037927936 1224979098644774914 2120 3 1224979098644774916 1224979098644774913 50 2120 3 1224979098644774917 1224979098644774912 50 729 2 2 1224979098644774916 730 2 2 1224979098644774917 926 2 72057594037927936 2 2105 2 1224979098644774913 100 3 0 2133 2 144115188075856747 0 940 2 144115188075856747 216172782113786653 729 2 1 666 730 2 1 24 926 2 144115188075856747 1 
-61.000000  5 4 0 1073741895 1 1 71 1 248 902 1 0 3 0 
-62.000000  21 2071 1 1224979098644774912 4 0 31 2 1224979098644774912 144115188075856747 902 1 0 5 0 2121 3 1224979098644774913 1224979098644774912 144115188075856746 2108 2 1224979098644774913 2 4 0 32 2 1224979098644774913 0 2105 2 1224979098644774913 1 3 0 2105 2 1224979098644774913 93 2325 2 0 1224979098644774913 4 0 527 3 72057594037927937 1224979098644774913 70 2112 3 72057594037927937 0 2 2121 3 72057594037927937 1 72057594037927937 507 3 1224979098644774913 70 72057594037927937 3 0 1106 1 1585267068834415060 3 0 


prsnt_screen_write2 1 0 2
-60.000000  5 2133 2 144115188075856512 -1 2133 2 144115188075856513 -1 2133 2 144115188075856748 0 2133 2 144115188075856749 0 2008 1 4278190080 
-61.000000  49 2071 1 1224979098644774912 2124 1 1000 902 1 1000000 4 0 2147483678 2 144115188075856512 0 2270 1 1224979098644774913 1 3 30 0 1224979098644774913 910 3 144115188075856512 1 6160 921 2 144115188075856512 16711680 922 2 144115188075856512 0 729 2 1 1750 730 2 1 1750 925 2 144115188075856512 1 729 2 1 500 730 2 1 375 926 2 144115188075856512 1 933 3 144115188075856512 2000 255 5 0 32 2 1224979098644774912 4000 2147483678 2 144115188075856513 0 2330 2 33 144115188075856177 2320 2 2 1585267068834415061 910 3 144115188075856513 2 6160 921 2 144115188075856513 16711680 922 2 144115188075856513 0 729 2 1 1500 730 2 1 1500 925 2 144115188075856513 1 729 2 1 500 730 2 1 295 926 2 144115188075856513 1 933 3 144115188075856513 2000 255 5 0 32 2 1224979098644774912 6500 31 2 144115188075856748 0 2133 2 144115188075856748 1 933 3 144115188075856512 1500 0 5 0 32 2 1224979098644774912 7500 31 2 144115188075856749 0 2133 2 144115188075856749 1 933 3 144115188075856513 1500 0 5 0 32 2 1224979098644774912 9000 2009 2 0 3000 5 0 32 2 1224979098644774912 13000 902 1 0 3 0 


prsnt_infiltrationandsabotage 0 236 2
-60.000000  93 902 1 999999 2124 1 1000 521 3 1224979098644774912 144115188075855925 0 4 0 31 2 1224979098644774912 2 2320 2 2 1585267068834415062 5 0 31 2 1224979098644774912 3 2320 2 2 1585267068834415063 5 0 31 2 1224979098644774912 4 2320 2 2 1585267068834415064 3 0 910 3 72057594037927937 1585267068834415065 16 921 2 72057594037927937 4294910498 729 2 1 260 730 2 1 580 926 2 72057594037927937 1 729 2 1 1400 730 2 1 1400 925 2 72057594037927937 1 910 3 72057594037927937 1585267068834420204 10256 729 2 1 80 730 2 1 180 926 2 72057594037927937 1 729 2 1 340 730 2 1 340 929 2 72057594037927937 1 729 2 1 800 730 2 1 800 925 2 72057594037927937 1 940 3 144115188075856513 216172782113788555 16 729 2 1 650 730 2 1 25 926 2 144115188075856513 1 4 0 30 2 144115188075856189 -1 940 3 144115188075856514 1585267068834415067 16 729 2 1 700 730 2 1 330 926 2 144115188075856514 1 729 2 1 290 730 2 1 50 925 2 144115188075856514 1 940 3 144115188075856515 1585267068834415068 16 729 2 1 700 730 2 1 260 926 2 144115188075856515 1 729 2 1 290 730 2 1 50 925 2 144115188075856515 1 940 3 144115188075856516 1585267068834415069 16 729 2 1 700 730 2 1 190 926 2 144115188075856516 1 729 2 1 290 730 2 1 50 925 2 144115188075856516 1 940 3 144115188075856517 1585267068834415070 16 729 2 1 700 730 2 1 120 926 2 144115188075856517 1 729 2 1 290 730 2 1 50 925 2 144115188075856517 1 3 0 4 0 31 2 144115188075856189 -1 2320 2 4 1585267068834415071 2320 2 5 1585267068834415071 5 0 30 2 144115188075856189 0 910 3 144115188075856520 4 10256 729 2 1 600 730 2 1 240 926 2 144115188075856520 1 729 2 1 350 730 2 1 300 929 2 144115188075856520 1 729 2 1 800 730 2 1 800 925 2 144115188075856520 1 940 3 144115188075856523 5 16 729 2 1 870 730 2 1 25 926 2 144115188075856523 1 5 0 31 2 144115188075856189 -2 910 3 144115188075856520 4 4 729 2 1 150 730 2 1 150 926 2 144115188075856520 1 3 0 
-62.000000  84 2071 1 1224979098644774912 2149 2 1224979098644774913 0 4 0 31 2 144115188075856513 1224979098644774912 2133 2 144115188075856189 -1 2133 2 144115188075856750 5 902 1 0 5 0 31 2 144115188075856514 1224979098644774912 2105 2 144115188075856189 1 2320 2 5 216172782113788554 2320 2 4 216172782113788550 2133 2 144115188075856750 1 900 1 40 5 0 31 2 144115188075856515 1224979098644774912 2105 2 144115188075856189 1 2320 2 5 216172782113788554 2320 2 4 216172782113788551 2133 2 144115188075856750 2 900 1 40 5 0 31 2 144115188075856516 1224979098644774912 2105 2 144115188075856189 1 2320 2 5 216172782113788554 2320 2 4 216172782113788553 2133 2 144115188075856750 3 900 1 40 5 0 31 2 144115188075856517 1224979098644774912 2105 2 144115188075856189 1 2320 2 5 216172782113788554 2320 2 4 216172782113788552 2133 2 144115188075856750 4 900 1 40 5 0 31 2 144115188075856523 1224979098644774912 4 0 30 2 1224979098644774913 600 4 0 31 2 144115188075856750 1 501 3 144115188075855925 315 1 2133 2 144115188075856240 1 2320 3 4 1585267068834415072 4 1529 2 0 600 2133 2 144115188075856189 -1 2133 2 144115188075856750 5 902 1 0 5 0 31 2 144115188075856750 2 501 3 144115188075855925 315 2 2133 2 144115188075856240 1 1529 2 0 600 2320 3 4 1585267068834415073 4 2133 2 144115188075856750 5 2133 2 144115188075856189 -1 902 1 0 5 0 31 2 144115188075856750 3 501 3 144115188075855925 315 3 1529 2 0 600 2133 2 144115188075856240 1 2320 3 4 1585267068834415074 4 2133 2 144115188075856750 5 2133 2 144115188075856189 -1 902 1 0 5 0 31 2 144115188075856750 4 501 3 144115188075855925 315 4 2320 3 4 1585267068834415075 4 2133 2 144115188075856240 1 1529 2 0 600 2133 2 144115188075856189 -1 2133 2 144115188075856750 5 902 1 0 3 0 5 0 2147483680 2 1224979098644774913 499 2320 3 4 1585267068834420205 4 2133 2 144115188075856189 -1 2133 2 144115188075856750 0 900 1 40 3 0 3 0 


prsnt_world_map 0 221 3
-60.000000  719 902 1 999999 2124 1 1000 1106 2 1585267068834415077 15785267 1106 2 1585267068834415077 15785267 1106 2 1585267068834415077 15785267 2319 1 0 916 1 144115188075856517 931 2 144115188075856517 1585267068834415078 931 2 144115188075856517 1585267068834415079 931 2 144115188075856517 1585267068834415080 931 2 144115188075856517 1585267068834420026 931 2 144115188075856517 1585267068834415082 2121 3 1224979098644774912 144115188075855913 1 927 2 144115188075856517 1224979098644774912 952 2 144115188075856517 9 729 2 1 150 730 2 1 720 926 2 144115188075856517 1 729 2 1 800 730 2 1 800 925 2 144115188075856517 1 2133 2 1224979098644774913 15 2133 2 1224979098644774914 725 2133 2 1224979098644774915 -297000 2133 2 1224979098644774916 310000 2133 2 1224979098644774917 -275000 2133 2 1224979098644774918 210000 2133 2 1224979098644774919 1224979098644774915 2133 2 1224979098644774920 1224979098644774918 2133 2 1224979098644774921 3466 2133 2 1224979098644774922 4427 2121 3 1224979098644774923 1224979098644774916 1224979098644774915 2121 3 1224979098644774924 1224979098644774918 1224979098644774917 2108 2 1224979098644774923 1224979098644774921 2108 2 1224979098644774924 1224979098644774922 2133 2 1224979098644774925 5 2122 3 1224979098644774926 1224979098644774925 50 729 2 2 1224979098644774926 730 2 2 1224979098644774926 2133 2 1224979098644774927 1224979098644774913 2133 2 1224979098644774928 1224979098644774914 2133 2 1224979098644774929 1224979098644774919 2133 2 1224979098644774930 1224979098644774920 6 3 1224979098644774931 0 1224979098644774924 6 3 1224979098644774932 0 1224979098644774923 2133 2 1224979098644774933 16777215 2133 2 1224979098644774934 255 729 2 3 1224979098644774929 730 2 3 1224979098644774930 1626 2 1 3 1608 2 1224979098644774935 1 4 0 1073741855 2 1224979098644774935 0 1073741855 2 1224979098644774935 7 1073741855 2 1224979098644774935 8 31 2 1224979098644774935 6 2133 2 1224979098644774933 6022911 2133 2 1224979098644774934 114 5 0 31 2 144115188075855913 1 1 3 151 1 0 2133 2 1224979098644774936 72057594037927936 4 0 32 2 1224979098644774936 -1 2147483678 2 1224979098644774936 525 2204 2 1224979098644774937 1224979098644774936 1277 2 1224979098644774933 1224979098644774937 3 0 5 0 31 2 144115188075855913 2 1 2 813 1 4 0 2147483679 2 72057594037927937 -1 1 2 894 72057594037927937 5 0 1608 2 72057594037927937 1 1 2 895 72057594037927937 3 0 2133 2 1224979098644774933 72057594037927938 5 0 31 2 144115188075855913 3 1 3 151 1 0 2133 2 1224979098644774936 72057594037927936 4 0 32 2 1224979098644774936 -1 2147483678 2 1224979098644774936 525 521 3 1224979098644774938 1224979098644774936 68 4 0 2147483680 2 1224979098644774938 0 2133 2 1224979098644774938 1224979098644774936 3 0 1 2 926 1224979098644774938 2133 2 1224979098644774933 72057594037927936 3 0 5 0 31 2 144115188075855913 4 1 3 151 1 0 2133 2 1224979098644774936 72057594037927936 4 0 32 2 1224979098644774936 -1 2147483678 2 1224979098644774936 525 521 3 1224979098644774939 1224979098644774936 18 4 0 2147483681 3 1224979098644774939 6 24 1 2 926 1224979098644774939 2133 2 1224979098644774933 72057594037927936 5 0 1277 2 1224979098644774933 1224979098644774939 3 0 3 0 5 0 31 2 144115188075855913 5 1 3 151 1 1 2133 2 1224979098644774936 72057594037927936 4 0 32 2 1224979098644774936 -1 2147483678 2 1224979098644774936 525 4 0 33 3 1224979098644774936 511 520 521 3 1224979098644774940 1224979098644774936 270 5 0 520 3 1224979098644774940 2091 1224979098644774936 3 0 1 2 927 1224979098644774940 2133 2 1224979098644774933 72057594037927936 3 0 3 0 911 2 72057594037927936 239 921 2 72057594037927936 1224979098644774933 922 2 72057594037927936 1224979098644774934 729 2 1 1224979098644774927 730 2 1 1224979098644774928 926 2 72057594037927936 1 925 2 72057594037927936 2 4 0 1073741855 2 144115188075855913 5 1073741855 2 144115188075855913 4 1073741855 2 144115188075855913 3 31 2 144115188075855913 1 2120 3 1224979098644774941 1224979098644774926 50 2133 2 1224979098644774942 50 4 0 32 2 1224979098644774936 -1 2147483678 2 1224979098644774936 525 541 3 1224979098644774936 0 4 521 3 1224979098644774943 1224979098644774936 105 5 0 2133 2 1224979098644774943 1224979098644774936 3 0 4 0 2121 3 1224979098644774944 1224979098644774929 1224979098644774921 2133 2 1224979098644774945 1224979098644774930 729 2 4 1224979098644774944 730 2 4 1224979098644774945 1626 2 1 4 1608 2 1224979098644774946 1 4 0 2133 2 1224979098644774947 0 4 0 2147483679 2 1224979098644774935 0 2147483679 2 1224979098644774935 7 2147483679 2 1224979098644774935 8 2147483679 2 1224979098644774935 6 2147483679 2 1224979098644774946 0 2147483679 2 1224979098644774946 7 2147483679 2 1224979098644774946 8 2147483679 2 1224979098644774946 6 4 0 31 2 144115188075855913 5 1 3 151 1 1 5 0 1 3 151 1 0 3 0 2133 2 1224979098644774948 72057594037927936 4 0 32 2 1224979098644774948 -1 2147483678 2 1224979098644774948 525 4 0 541 3 1224979098644774948 0 4 521 3 1224979098644774949 1224979098644774948 105 5 0 2133 2 1224979098644774949 1224979098644774948 3 0 4 0 31 2 144115188075855913 3 4 0 32 2 1224979098644774949 -1 2147483678 2 1224979098644774949 525 32 2 1224979098644774943 -1 2147483678 2 1224979098644774943 525 521 3 1224979098644774950 1224979098644774949 68 32 2 1224979098644774950 0 521 3 1224979098644774938 1224979098644774943 68 32 2 1224979098644774938 0 2147483679 2 1224979098644774938 1224979098644774950 2133 2 1224979098644774947 1 3 0 5 0 2147483679 2 1224979098644774949 1224979098644774943 2133 2 1224979098644774947 1 3 0 3 0 3 0 31 2 1224979098644774947 1 911 2 72057594037927936 239 921 2 72057594037927936 0 729 2 1 1224979098644774927 730 2 1 1224979098644774928 926 2 72057594037927936 1 729 2 1 1224979098644774942 730 2 1 1224979098644774941 925 2 72057594037927936 1 3 0 3 0 4 0 2133 2 1224979098644774944 1224979098644774929 2121 3 1224979098644774945 1224979098644774930 1224979098644774922 729 2 4 1224979098644774944 730 2 4 1224979098644774945 1626 2 1 4 1608 2 1224979098644774946 1 4 0 2133 2 1224979098644774947 0 4 0 2147483679 2 1224979098644774935 0 2147483679 2 1224979098644774935 6 2147483679 2 1224979098644774935 7 2147483679 2 1224979098644774935 8 2147483679 2 1224979098644774946 0 2147483679 2 1224979098644774946 6 2147483679 2 1224979098644774946 7 2147483679 2 1224979098644774946 8 4 0 31 2 144115188075855913 5 1 3 151 1 1 5 0 1 3 151 1 0 3 0 2133 2 1224979098644774948 72057594037927936 4 0 32 2 1224979098644774948 -1 2147483678 2 1224979098644774948 525 4 0 541 3 1224979098644774948 0 4 521 3 1224979098644774949 1224979098644774948 105 5 0 2133 2 1224979098644774949 1224979098644774948 3 0 4 0 31 2 144115188075855913 3 4 0 32 2 1224979098644774949 -1 2147483678 2 1224979098644774949 525 32 2 1224979098644774943 -1 2147483678 2 1224979098644774943 525 521 3 1224979098644774950 1224979098644774949 68 32 2 1224979098644774950 0 521 3 1224979098644774938 1224979098644774943 68 32 2 1224979098644774938 0 2147483679 2 1224979098644774938 1224979098644774950 2133 2 1224979098644774947 1 3 0 5 0 2147483679 2 1224979098644774949 1224979098644774943 2133 2 1224979098644774947 1 3 0 3 0 3 0 31 2 1224979098644774947 1 911 2 72057594037927936 239 921 2 72057594037927936 0 729 2 1 1224979098644774927 730 2 1 1224979098644774928 926 2 72057594037927936 1 729 2 1 1224979098644774941 730 2 1 1224979098644774942 925 2 72057594037927936 1 3 0 3 0 3 0 2105 2 1224979098644774927 1224979098644774925 2105 2 1224979098644774929 1224979098644774921 3 0 2133 2 1224979098644774927 1224979098644774913 2106 2 1224979098644774928 1224979098644774925 2133 2 1224979098644774929 1224979098644774919 2106 2 1224979098644774930 1224979098644774922 3 0 2133 2 1224979098644774951 0 4 0 1073741855 2 144115188075855913 5 1073741855 2 144115188075855913 4 1073741855 2 144115188075855913 3 31 2 144115188075855913 1 6 3 1224979098644774952 21 153 132 1 1224979098644774952 1625 2 4 1224979098644774952 726 2 1224979098644774953 4 727 2 1224979098644774954 4 2106 2 1224979098644774953 1224979098644774919 2106 2 1224979098644774954 1224979098644774920 2107 2 1224979098644774953 1224979098644774925 2107 2 1224979098644774954 1224979098644774925 2108 2 1224979098644774953 1224979098644774921 2108 2 1224979098644774954 1224979098644774922 2105 2 1224979098644774953 1224979098644774913 2105 2 1224979098644774954 1224979098644774914 521 3 1224979098644774955 1224979098644774952 0 500 3 2088 1224979098644774951 1224979098644774955 4 0 541 3 1224979098644774952 0 3 2133 2 1224979098644774956 15 5 0 541 3 1224979098644774952 0 2 2133 2 1224979098644774956 10 5 0 541 3 1224979098644774952 0 4 2133 2 1224979098644774956 8 3 0 2107 2 1224979098644774956 50 2123 3 1224979098644774957 1224979098644774956 2 4 0 2133 2 1224979098644774958 215 6 3 1224979098644774959 200 1224979098644774958 540 3 2090 1224979098644774959 1224979098644774952 2106 2 1224979098644774959 200 2105 2 1224979098644774959 215 520 3 1224979098644774960 2090 1224979098644774959 30 2 1224979098644774960 0 540 3 1224979098644774960 2 2 2133 2 1224979098644774958 -1 3 0 31 2 1224979098644774958 -1 911 2 72057594037927936 461 952 2 72057594037927936 3 2121 3 1224979098644774961 1224979098644774953 13 2121 3 1224979098644774962 1224979098644774954 0 729 2 1 1224979098644774961 730 2 1 1224979098644774962 926 2 72057594037927936 1 729 2 1 1224979098644774956 730 2 1 1224979098644774956 925 2 72057594037927936 1 500 3 2093 1224979098644774951 1 2133 2 1224979098644774955 -1 5 0 913 3 72057594037927936 240 240 952 2 72057594037927936 3 921 2 72057594037927936 0 729 2 1 1224979098644774953 730 2 1 1224979098644774954 926 2 72057594037927936 1 729 2 1 1224979098644774956 730 2 1 1224979098644774956 925 2 72057594037927936 1 3 0 500 3 2087 1224979098644774951 72057594037927936 4 0 31 2 144115188075855913 5 520 3 72057594037927946 2091 1224979098644774952 520 3 72057594037927947 2092 1224979098644774952 2320 2 2 1585267068834415083 5 0 31 2 144115188075855913 4 521 3 1224979098644774939 1224979098644774952 18 33 3 1224979098644774939 6 24 1 2 941 1224979098644774952 2321 2 2 1 5 0 521 3 1224979098644774938 1224979098644774952 68 2105 2 1224979098644774938 216172782113788815 2320 2 2 1224979098644774938 3 0 2330 2 1 1224979098644774952 910 3 72057594037927937 1585267068834415084 65552 921 2 72057594037927937 16777215 2120 3 1224979098644774963 1224979098644774953 0 2120 3 1224979098644774964 1224979098644774954 10 729 2 1 1224979098644774963 730 2 1 1224979098644774964 926 2 72057594037927937 1 947 2 72057594037927937 0 500 3 2089 1224979098644774951 72057594037927937 2105 2 1224979098644774951 1 3 0 6 3 1224979098644774952 511 520 132 1 1224979098644774952 1625 2 4 1224979098644774952 726 2 1224979098644774953 4 727 2 1224979098644774954 4 2106 2 1224979098644774953 1224979098644774919 2106 2 1224979098644774954 1224979098644774920 2107 2 1224979098644774953 1224979098644774925 2107 2 1224979098644774954 1224979098644774925 2108 2 1224979098644774953 1224979098644774921 2108 2 1224979098644774954 1224979098644774922 2105 2 1224979098644774953 1224979098644774913 2105 2 1224979098644774954 1224979098644774914 2133 2 1224979098644774956 8 2123 3 1224979098644774957 1224979098644774956 2 2106 2 1224979098644774953 1224979098644774957 2106 2 1224979098644774954 1224979098644774957 2107 2 1224979098644774956 50 500 3 2088 1224979098644774951 3 911 2 72057594037927936 239 952 2 72057594037927936 3 921 2 72057594037927936 0 729 2 1 1224979098644774953 730 2 1 1224979098644774954 926 2 72057594037927936 1 729 2 1 1224979098644774956 730 2 1 1224979098644774956 925 2 72057594037927936 1 500 3 2087 1224979098644774951 72057594037927936 4 0 31 2 144115188075855913 5 521 3 72057594037927946 1224979098644774952 270 521 3 72057594037927947 1224979098644774952 46 2320 2 2 1585267068834415083 5 0 31 2 144115188075855913 4 521 3 1224979098644774939 1224979098644774952 18 33 3 1224979098644774939 6 24 1 2 941 1224979098644774952 2321 2 2 1 5 0 2320 2 2 1585267068834415085 3 0 2330 2 1 1224979098644774952 910 3 72057594037927937 1585267068834415084 65552 921 2 72057594037927937 16777215 2120 3 1224979098644774963 1224979098644774953 0 2120 3 1224979098644774964 1224979098644774954 10 729 2 1 1224979098644774963 730 2 1 1224979098644774964 926 2 72057594037927937 1 947 2 72057594037927937 0 500 3 2089 1224979098644774951 72057594037927937 2105 2 1224979098644774951 1 3 0 3 0 2133 2 144115188075855914 1224979098644774951 4 0 31 2 144115188075855913 1 2133 2 1224979098644774927 0 2133 2 1224979098644774928 0 910 3 72057594037927937 1585267068834415086 16 729 2 1 1200 730 2 1 1200 925 2 72057594037927937 1 729 2 1 935 730 2 1 715 926 2 72057594037927937 1 2319 1 0 910 3 144115188075856580 0 8192 729 2 1 850 730 2 1 100 926 2 144115188075856580 1 729 2 1 150 730 2 1 600 929 2 144115188075856580 1 945 1 144115188075856580 7 3 1224979098644774965 25 53 542 3 1224979098644774965 14 0 2120 3 1224979098644774963 1224979098644774927 40 2120 3 1224979098644774964 1224979098644774928 12 1277 2 1224979098644774933 1224979098644774965 2335 2 1 1224979098644774965 910 3 72057594037927936 1 65540 921 2 72057594037927936 1224979098644774933 729 2 1 1224979098644774963 730 2 1 1224979098644774964 926 2 72057594037927936 1 729 2 1 700 730 2 1 700 925 2 72057594037927936 1 2105 2 1224979098644774928 14 3 0 945 1 -1 5 0 31 2 144115188075855913 2 2133 2 1224979098644774927 0 2133 2 1224979098644774928 0 910 3 72057594037927937 1585267068834415087 16 729 2 1 1200 730 2 1 1200 925 2 72057594037927937 1 729 2 1 935 730 2 1 715 926 2 72057594037927937 1 2319 1 0 910 3 144115188075856580 0 8192 729 2 1 850 730 2 1 100 926 2 144115188075856580 1 729 2 1 150 730 2 1 600 929 2 144115188075856580 1 945 1 144115188075856580 6 3 1224979098644774966 1 19 2120 3 1224979098644774963 1224979098644774927 40 2120 3 1224979098644774964 1224979098644774928 12 2120 3 1224979098644774967 216172782113789881 1224979098644774966 2320 2 1 1224979098644774967 1 2 894 1224979098644774966 2133 2 1224979098644774933 72057594037927938 910 3 72057594037927936 1 65540 921 2 72057594037927936 1224979098644774933 729 2 1 1224979098644774963 730 2 1 1224979098644774964 926 2 72057594037927936 1 729 2 1 700 730 2 1 700 925 2 72057594037927936 1 2105 2 1224979098644774928 14 3 0 6 3 1224979098644774968 0 14 2120 3 1224979098644774963 1224979098644774927 40 2120 3 1224979098644774964 1224979098644774928 12 2120 3 1224979098644774969 216172782113789901 1224979098644774968 2320 2 1 1224979098644774969 1 2 895 1224979098644774968 2133 2 1224979098644774933 72057594037927938 910 3 72057594037927936 1 65540 921 2 72057594037927936 1224979098644774933 729 2 1 1224979098644774963 730 2 1 1224979098644774964 926 2 72057594037927936 1 729 2 1 700 730 2 1 700 925 2 72057594037927936 1 2105 2 1224979098644774928 14 3 0 945 1 -1 5 0 31 2 144115188075855913 3 2133 2 1224979098644774927 0 2133 2 1224979098644774928 0 910 3 72057594037927937 1585267068834415088 16 729 2 1 1200 730 2 1 1200 925 2 72057594037927937 1 729 2 1 935 730 2 1 715 926 2 72057594037927937 1 2319 1 0 910 3 144115188075856580 0 8192 729 2 1 850 730 2 1 100 926 2 144115188075856580 1 729 2 1 150 730 2 1 600 929 2 144115188075856580 1 945 1 144115188075856580 6 3 1224979098644774938 1 58 2120 3 1224979098644774963 1224979098644774927 40 2120 3 1224979098644774964 1224979098644774928 12 2120 3 1224979098644774970 216172782113788815 1224979098644774938 2320 2 1 1224979098644774970 1 2 926 1224979098644774938 2133 2 1224979098644774933 72057594037927936 910 3 72057594037927936 1 65540 921 2 72057594037927936 1224979098644774933 729 2 1 1224979098644774963 730 2 1 1224979098644774964 926 2 72057594037927936 1 729 2 1 700 730 2 1 700 925 2 72057594037927936 1 2105 2 1224979098644774928 14 3 0 945 1 -1 5 0 31 2 144115188075855913 4 2133 2 1224979098644774927 0 2133 2 1224979098644774928 0 910 3 72057594037927937 1585267068834420027 16 729 2 1 1200 730 2 1 1200 925 2 72057594037927937 1 729 2 1 935 730 2 1 715 926 2 72057594037927937 1 2319 1 0 910 3 144115188075856580 0 8192 729 2 1 850 730 2 1 100 926 2 144115188075856580 1 729 2 1 150 730 2 1 600 929 2 144115188075856580 1 945 1 144115188075856580 7 3 1224979098644774939 6 24 2120 3 1224979098644774963 1224979098644774927 40 2120 3 1224979098644774964 1224979098644774928 12 1277 2 1224979098644774933 1224979098644774939 2335 2 1 1224979098644774939 910 3 72057594037927936 1 65540 921 2 72057594037927936 1224979098644774933 729 2 1 1224979098644774963 730 2 1 1224979098644774964 926 2 72057594037927936 1 729 2 1 700 730 2 1 700 925 2 72057594037927936 1 2105 2 1224979098644774928 14 3 0 945 1 -1 5 0 31 2 144115188075855913 5 2133 2 1224979098644774927 0 2133 2 1224979098644774928 0 910 3 72057594037927937 1585267068834415090 16 729 2 1 1200 730 2 1 1200 925 2 72057594037927937 1 729 2 1 935 730 2 1 715 926 2 72057594037927937 1 2319 1 0 910 3 144115188075856580 0 8192 729 2 1 850 730 2 1 100 926 2 144115188075856580 1 729 2 1 150 730 2 1 600 929 2 144115188075856580 1 945 1 144115188075856580 7 3 1224979098644774971 1 11 4 0 31 2 1224979098644774971 1 2133 2 1224979098644774940 10000 5 0 31 2 1224979098644774971 2 2133 2 1224979098644774940 25000 5 0 31 2 1224979098644774971 3 2133 2 1224979098644774940 40000 5 0 31 2 1224979098644774971 4 2133 2 1224979098644774940 60000 5 0 31 2 1224979098644774971 5 2133 2 1224979098644774940 80000 5 0 31 2 1224979098644774971 6 2133 2 1224979098644774940 100000 5 0 31 2 1224979098644774971 7 2133 2 1224979098644774940 120000 5 0 31 2 1224979098644774971 8 2133 2 1224979098644774940 140000 5 0 31 2 1224979098644774971 9 2133 2 1224979098644774940 160000 5 0 31 2 1224979098644774971 10 2133 2 1224979098644774940 200000 5 0 2133 2 1224979098644774940 1000000 3 0 2120 3 1224979098644774963 1224979098644774927 40 2120 3 1224979098644774964 1224979098644774928 12 1 2 927 1224979098644774940 2133 2 1224979098644774933 72057594037927936 2320 2 1 72057594037927937 910 3 72057594037927936 1 65540 921 2 72057594037927936 1224979098644774933 729 2 1 1224979098644774963 730 2 1 1224979098644774964 926 2 72057594037927936 1 729 2 1 700 730 2 1 700 925 2 72057594037927936 1 2105 2 1224979098644774928 14 3 0 945 1 -1 3 0 2133 2 144115188075856512 -1 2133 2 144115188075856513 -1 2133 2 144115188075856514 -1 4 0 1073741855 2 144115188075855913 5 1073741855 2 144115188075855913 4 1073741855 2 144115188075855913 3 31 2 144115188075855913 1 918 3 144115188075856512 237 238 729 2 1 50 730 2 1 50 926 2 144115188075856512 1 927 2 144115188075856512 1 910 3 72057594037927936 1585267068834415091 4096 729 2 1 80 730 2 1 60 926 2 72057594037927936 1 918 3 144115188075856513 237 238 729 2 1 250 730 2 1 50 926 2 144115188075856513 1 927 2 144115188075856513 1 910 3 72057594037927936 1585267068834415092 4096 729 2 1 280 730 2 1 60 926 2 72057594037927936 1 918 3 144115188075856514 237 238 729 2 1 450 730 2 1 50 926 2 144115188075856514 1 927 2 144115188075856514 0 910 3 72057594037927936 1585267068834415093 4096 729 2 1 480 730 2 1 60 926 2 72057594037927936 1 3 0 940 2 144115188075856516 216172782113788756 729 2 1 850 730 2 1 30 926 2 144115188075856516 1 
-63.000000  8 2071 1 1224979098644774912 2072 1 1224979098644774913 6 3 1224979098644774914 0 144115188075855914 540 3 2087 1224979098644774914 1224979098644774912 2121 3 1224979098644774915 1 1224979098644774913 520 3 1224979098644774916 2089 1224979098644774914 947 2 1224979098644774916 1224979098644774915 3 0 
-62.000000  33 2071 1 1224979098644774912 2072 1 1224979098644774913 4 0 31 2 1224979098644774912 144115188075856512 6 3 1224979098644774914 0 144115188075855914 540 3 2088 1224979098644774914 3 520 3 1224979098644774915 2087 1224979098644774914 947 2 1224979098644774915 1224979098644774913 3 0 5 0 31 2 1224979098644774912 144115188075856513 6 3 1224979098644774914 0 144115188075855914 540 3 2088 1224979098644774914 2 520 3 1224979098644774915 2087 1224979098644774914 947 2 1224979098644774915 1224979098644774913 3 0 5 0 31 2 1224979098644774912 144115188075856514 2105 2 1224979098644774913 -1 2113 1 1224979098644774913 6 3 1224979098644774914 0 144115188075855914 2147484188 3 2093 1224979098644774914 1 520 3 1224979098644774915 2087 1224979098644774914 947 2 1224979098644774915 1224979098644774913 3 0 5 0 31 2 1224979098644774912 144115188075856516 902 1 0 5 0 31 2 1224979098644774912 144115188075856517 2120 3 144115188075855913 1224979098644774913 1 900 1 41 3 0 


prsnt_random_event_solution 0 236 2
-60.000000  28 902 1 999999 2124 1 1000 911 2 72057594037927936 234 729 2 1 150 730 2 1 165 926 2 72057594037927936 1 729 2 1 900 730 2 1 700 925 2 72057594037927936 1 910 3 72057594037927936 1585267068834419637 10256 921 2 72057594037927936 16777215 729 2 1 190 730 2 1 290 926 2 72057594037927936 1 729 2 1 1100 730 2 1 1100 925 2 72057594037927936 1 729 2 1 630 730 2 1 210 929 2 72057594037927936 1 912 3 144115188075856515 216172782113788756 8 729 2 1 550 730 2 1 215 926 2 144115188075856515 1 921 2 144115188075856515 16777215 729 2 1 950 730 2 1 950 925 2 144115188075856515 1 
-62.000000  8 2071 1 1224979098644774912 4 0 31 2 1224979098644774912 144115188075856515 2133 2 144115188075856189 -1 902 1 0 2319 1 1 2060 1 14 3 0 


prsnt_adv_diplomacy_preferences 0 236 3
-60.000000  301 2124 1 1000 902 1 999999 2319 1 0 910 3 1224979098644774912 0 8192 729 2 1 25 730 2 1 50 926 2 1224979098644774912 1 729 2 1 550 730 2 1 630 929 2 1224979098644774912 1 945 1 1224979098644774912 2133 2 1224979098644774913 50 2122 3 1224979098644774914 1224979098644774913 12 2121 3 1224979098644774915 1224979098644774914 8 6 3 1224979098644774916 0 12 500 3 2087 1224979098644774916 0 500 3 2088 1224979098644774916 0 500 3 2089 1224979098644774916 0 3 0 2133 2 1224979098644774917 0 729 2 1 50 729 2 2 450 729 2 3 500 730 2 3 100 729 2 4 480 730 2 4 640 729 2 6 375 730 2 6 500 729 2 5 700 730 2 5 800 910 3 72057594037927936 1585267068834415094 4096 730 2 1 1224979098644774914 926 2 72057594037927936 1 2106 2 1224979098644774914 1224979098644774913 500 3 2087 1224979098644774917 72057594037927936 918 3 72057594037927936 237 238 730 2 2 1224979098644774915 926 2 72057594037927936 2 2106 2 1224979098644774915 1224979098644774913 500 3 2088 1224979098644774917 72057594037927936 2121 3 1224979098644774918 1 144115188075856753 927 2 72057594037927936 1224979098644774918 945 1 -1 911 2 72057594037927936 134 925 2 72057594037927936 4 926 2 72057594037927936 3 500 3 2089 1224979098644774917 72057594037927936 2105 2 1224979098644774917 1 945 1 1224979098644774912 910 3 72057594037927936 1585267068834415095 4096 730 2 1 1224979098644774914 926 2 72057594037927936 1 2106 2 1224979098644774914 1224979098644774913 500 3 2087 1224979098644774917 72057594037927936 942 3 72057594037927936 0 31 730 2 2 1224979098644774915 926 2 72057594037927936 2 4 0 2147483681 3 144115188075856751 0 31 2133 2 144115188075856751 10 3 0 927 2 72057594037927936 144115188075856751 2106 2 1224979098644774915 1224979098644774913 500 3 2088 1224979098644774917 72057594037927936 945 1 -1 911 2 72057594037927936 91 945 1 1224979098644774912 925 2 72057594037927936 4 926 2 72057594037927936 3 500 3 2089 1224979098644774917 72057594037927936 2105 2 1224979098644774917 1 910 3 72057594037927936 1585267068834415096 4096 730 2 1 1224979098644774914 926 2 72057594037927936 1 2106 2 1224979098644774914 1224979098644774913 500 3 2087 1224979098644774917 72057594037927936 918 3 72057594037927936 237 238 730 2 2 1224979098644774915 926 2 72057594037927936 2 2106 2 1224979098644774915 1224979098644774913 500 3 2088 1224979098644774917 72057594037927936 4 0 31 2 144115188075856754 0 2133 2 1224979098644774918 1 5 0 2133 2 1224979098644774918 0 3 0 927 2 72057594037927936 1224979098644774918 945 1 -1 911 2 72057594037927936 92 926 2 72057594037927936 3 925 2 72057594037927936 4 500 3 2089 1224979098644774917 72057594037927936 2105 2 1224979098644774917 1 945 1 1224979098644774912 910 3 72057594037927936 1585267068834415097 4096 730 2 1 1224979098644774914 926 2 72057594037927936 1 2106 2 1224979098644774914 1224979098644774913 500 3 2087 1224979098644774917 72057594037927936 918 3 72057594037927936 237 238 730 2 2 1224979098644774915 926 2 72057594037927936 2 2106 2 1224979098644774915 1224979098644774913 500 3 2088 1224979098644774917 72057594037927936 4 0 31 2 144115188075856756 0 2133 2 1224979098644774918 1 5 0 2133 2 1224979098644774918 0 3 0 927 2 72057594037927936 1224979098644774918 945 1 -1 911 2 72057594037927936 87 945 1 1224979098644774912 925 2 72057594037927936 4 926 2 72057594037927936 3 500 3 2089 1224979098644774917 72057594037927936 2105 2 1224979098644774917 1 910 3 72057594037927936 1585267068834415098 4096 730 2 1 1224979098644774914 926 2 72057594037927936 1 500 3 2087 1224979098644774917 72057594037927936 2106 2 1224979098644774914 1224979098644774913 918 3 72057594037927936 237 238 729 2 2 450 730 2 2 1224979098644774915 926 2 72057594037927936 2 2106 2 1224979098644774915 1224979098644774913 500 3 2088 1224979098644774917 72057594037927936 4 0 31 2 144115188075856757 1 2133 2 1224979098644774918 1 5 0 2133 2 1224979098644774918 0 3 0 927 2 72057594037927936 1224979098644774918 945 1 -1 911 2 72057594037927936 83 945 1 1224979098644774912 926 2 72057594037927936 3 925 2 72057594037927936 4 500 3 2089 1224979098644774917 72057594037927936 2105 2 1224979098644774917 1 910 3 72057594037927936 1585267068834415099 4096 730 2 1 1224979098644774914 926 2 72057594037927936 1 500 3 2087 1224979098644774917 72057594037927936 2106 2 1224979098644774914 1224979098644774913 916 1 72057594037927936 500 3 2088 1224979098644774917 72057594037927936 729 2 2 485 2106 2 1224979098644774915 8 730 2 2 1224979098644774915 926 2 72057594037927936 2 925 2 72057594037927936 5 931 2 72057594037927936 216172782113783833 931 2 72057594037927936 216172782113788766 931 2 72057594037927936 216172782113788769 931 2 72057594037927936 216172782113788783 729 2 2 450 2105 2 1224979098644774915 8 2106 2 1224979098644774915 1224979098644774913 2123 3 1224979098644774918 144115188075856211 2 4 0 31 2 1224979098644774918 2 927 2 72057594037927936 0 5 0 2147483678 2 1224979098644774918 0 927 2 72057594037927936 1 5 0 31 2 1224979098644774918 1 927 2 72057594037927936 2 5 0 927 2 72057594037927936 3 3 0 2133 2 72057594037927937 144115188075856211 1106 1 1585267068834415100 945 1 -1 911 2 72057594037927936 86 945 1 1224979098644774912 925 2 72057594037927936 4 926 2 72057594037927936 3 500 3 2089 1224979098644774917 72057594037927936 2105 2 1224979098644774917 1 910 3 72057594037927936 1585267068834415101 4096 730 2 1 1224979098644774914 926 2 72057594037927936 1 500 3 2087 1224979098644774917 72057594037927936 2106 2 1224979098644774914 1224979098644774913 918 3 72057594037927936 237 238 730 2 2 1224979098644774915 926 2 72057594037927936 2 2106 2 1224979098644774915 1224979098644774913 500 3 2088 1224979098644774917 72057594037927936 927 2 72057594037927936 144115188075856758 945 1 -1 911 2 72057594037927936 103 945 1 1224979098644774912 926 2 72057594037927936 3 925 2 72057594037927936 6 500 3 2089 1224979098644774917 72057594037927936 2105 2 1224979098644774917 1 910 3 72057594037927936 1585267068834415102 4096 730 2 1 1224979098644774914 926 2 72057594037927936 1 500 3 2087 1224979098644774917 72057594037927936 2106 2 1224979098644774914 1224979098644774913 918 3 72057594037927936 237 238 730 2 2 1224979098644774915 926 2 72057594037927936 2 2106 2 1224979098644774915 1224979098644774913 500 3 2088 1224979098644774917 72057594037927936 927 2 72057594037927936 144115188075856759 945 1 -1 911 2 72057594037927936 103 945 1 1224979098644774912 926 2 72057594037927936 3 925 2 72057594037927936 6 500 3 2089 1224979098644774917 72057594037927936 2105 2 1224979098644774917 1 910 3 72057594037927936 1585267068834415103 4096 730 2 1 1224979098644774914 926 2 72057594037927936 1 500 3 2087 1224979098644774917 72057594037927936 2106 2 1224979098644774914 1224979098644774913 918 3 72057594037927936 237 238 730 2 2 1224979098644774915 926 2 72057594037927936 2 2106 2 1224979098644774915 1224979098644774913 500 3 2088 1224979098644774917 72057594037927936 927 2 72057594037927936 144115188075856755 945 1 -1 911 2 72057594037927936 143 945 1 1224979098644774912 926 2 72057594037927936 3 925 2 72057594037927936 4 500 3 2089 1224979098644774917 72057594037927936 2105 2 1224979098644774917 1 910 3 72057594037927936 1585267068834415104 4096 730 2 1 1224979098644774914 926 2 72057594037927936 1 500 3 2087 1224979098644774917 72057594037927936 2106 2 1224979098644774914 1224979098644774913 918 3 72057594037927936 237 238 730 2 2 1224979098644774915 926 2 72057594037927936 2 2106 2 1224979098644774915 1224979098644774913 500 3 2088 1224979098644774917 72057594037927936 927 2 72057594037927936 144115188075856752 945 1 -1 911 2 72057594037927936 134 945 1 1224979098644774912 926 2 72057594037927936 3 925 2 72057594037927936 6 500 3 2089 1224979098644774917 72057594037927936 2105 2 1224979098644774917 1 945 1 -1 910 3 72057594037927936 1585267068834415105 65552 921 2 72057594037927936 4294967295 729 2 1 800 730 2 1 600 926 2 72057594037927936 1 729 2 1 2000 730 2 1 2000 925 2 72057594037927936 1 2320 2 0 216172782113788772 910 3 72057594037927936 0 10240 729 2 1 650 730 2 1 400 926 2 72057594037927936 1 729 2 1 800 730 2 1 800 925 2 72057594037927936 1 729 2 1 300 730 2 1 150 929 2 72057594037927936 1 2133 2 144115188075856603 72057594037927936 729 2 1 900 4 0 31 2 144115188075856754 0 730 2 1 125 940 3 72057594037927936 216172782113786576 16 926 2 72057594037927936 1 2133 2 144115188075856620 72057594037927936 5 0 2133 2 144115188075856620 -1 3 0 730 2 1 75 940 3 72057594037927936 216172782113786652 16 926 2 72057594037927936 1 2133 2 144115188075856460 72057594037927936 730 2 1 25 940 3 72057594037927936 216172782113786653 16 926 2 72057594037927936 1 2133 2 144115188075856461 72057594037927936 6 3 1224979098644774916 0 1224979098644774917 520 3 1224979098644774919 2089 1224979098644774916 32 2 1224979098644774919 0 947 2 1224979098644774919 0 3 0 
-62.000000  73 2071 1 1224979098644774912 2072 1 1224979098644774913 4 0 31 2 1224979098644774912 144115188075856460 2133 2 144115188075856193 0 2133 2 144115188075856752 1 2133 2 144115188075856753 0 2133 2 144115188075856754 0 2133 2 144115188075856751 10 2133 2 144115188075856632 1 2133 2 144115188075856755 1 2133 2 144115188075856231 0 2133 2 144115188075856756 0 2133 2 144115188075856757 1 2133 2 144115188075856211 0 2133 2 144115188075856758 0 2133 2 144115188075856759 0 900 1 43 5 0 31 2 1224979098644774912 144115188075856461 1 1 1064 2133 2 144115188075856143 -1 900 1 44 5 0 31 2 1224979098644774912 144115188075856620 2133 2 144115188075856143 32 900 1 32 5 0 540 3 2088 0 1224979098644774912 2121 3 144115188075856753 1 1224979098644774913 5 0 540 3 2088 1 1224979098644774912 2133 2 144115188075856751 1224979098644774913 5 0 540 3 2088 2 1224979098644774912 2121 3 144115188075856754 1 1224979098644774913 900 1 43 5 0 540 3 2088 3 1224979098644774912 2121 3 144115188075856756 1224979098644774913 1 5 0 540 3 2088 4 1224979098644774912 2121 3 144115188075856757 1224979098644774913 1 5 0 540 3 2088 5 1224979098644774912 4 0 31 2 1224979098644774913 3 2133 2 144115188075856211 0 5 0 31 2 1224979098644774913 2 2133 2 144115188075856211 2 5 0 31 2 1224979098644774913 1 2133 2 144115188075856211 -2 5 0 31 2 1224979098644774913 0 2133 2 144115188075856211 4 3 0 5 0 540 3 2088 6 1224979098644774912 2133 2 144115188075856758 1224979098644774913 2133 2 144115188075855885 0 5 0 540 3 2088 7 1224979098644774912 2133 2 144115188075856759 1224979098644774913 5 0 540 3 2088 8 1224979098644774912 2133 2 144115188075856755 1224979098644774913 2133 2 144115188075856231 0 5 0 540 3 2088 9 1224979098644774912 2133 2 144115188075856752 1224979098644774913 3 0 
-63.000000  31 2071 1 1224979098644774912 2072 1 1224979098644774913 4 0 31 2 1224979098644774913 0 32 2 1224979098644774912 0 2133 2 1224979098644774914 12 2133 2 1224979098644774915 -1 6 3 1224979098644774916 0 1224979098644774914 1073742364 3 2087 1224979098644774916 1224979098644774912 540 3 2088 1224979098644774916 1224979098644774912 2120 3 1224979098644774917 216172782113788773 1224979098644774916 920 2 144115188075856603 1224979098644774917 2133 2 1224979098644774914 -1 2133 2 1224979098644774915 1224979098644774916 3 0 4 0 31 2 1224979098644774915 -1 920 2 144115188075856603 216172782113788772 5 0 6 3 1224979098644774916 0 12 520 3 1224979098644774918 2089 1224979098644774916 32 2 1224979098644774918 0 4 0 31 2 1224979098644774916 1224979098644774915 947 2 1224979098644774918 1 5 0 947 2 1224979098644774918 0 3 0 3 0 3 0 3 0 


prsnt_vc_options 0 236 4
-60.000000  374 4 0 255 0 1106 2 1585267068834415106 15785267 3 0 902 1 999999 2124 1 1000 911 2 72057594037927936 193 729 2 1 -1 730 2 1 -1 926 2 72057594037927936 1 729 2 1 1002 730 2 1 1002 925 2 72057594037927936 1 730 2 1 25 940 2 144115188075856512 216172782113788756 729 2 1 825 926 2 144115188075856512 1 940 2 144115188075856513 1585267068834415107 729 2 1 625 926 2 144115188075856513 1 940 2 144115188075856516 1585267068834415108 729 2 1 425 926 2 144115188075856516 1 4 0 31 2 72057594037927996 1 940 2 144115188075856760 216172782113786675 729 2 1 225 926 2 144115188075856760 1 3 0 4 0 31 2 72057594037927996 1 910 3 72057594037927937 1585267068834415109 65552 921 2 72057594037927937 127 729 2 1 250 730 2 1 670 926 2 72057594037927937 1 729 2 1 1200 730 2 1 1200 925 2 72057594037927937 1 3 0 910 3 72057594037927937 1585267068834415110 65552 921 2 72057594037927937 8398162 729 2 1 250 730 2 1 645 926 2 72057594037927937 1 729 2 1 1200 730 2 1 1200 925 2 72057594037927937 1 916 1 144115188075856761 729 2 1 250 730 2 1 605 926 2 144115188075856761 1 4 0 31 2 72057594037927996 0 922 2 144115188075856761 160 4 0 31 2 144115188075856787 1 931 2 144115188075856761 1585267068834415111 5 0 31 2 144115188075856787 2 931 2 144115188075856761 1585267068834415112 5 0 931 2 144115188075856761 1585267068834415113 3 0 5 0 931 2 144115188075856761 1585267068834415112 931 2 144115188075856761 1585267068834415111 931 2 144115188075856761 1585267068834415113 4 0 31 2 144115188075856787 2 927 2 144115188075856761 0 5 0 31 2 144115188075856787 1 927 2 144115188075856761 1 5 0 927 2 144115188075856761 2 3 0 3 0 4 0 560 3 2131 0 1 910 3 72057594037927937 1585267068834415114 65552 921 2 72057594037927937 8398162 729 2 1 250 730 2 1 555 926 2 72057594037927937 1 729 2 1 1200 730 2 1 1200 925 2 72057594037927937 1 916 1 144115188075856762 729 2 1 250 730 2 1 515 926 2 144115188075856762 1 4 0 31 2 72057594037927996 0 922 2 144115188075856762 160 4 0 31 2 144115188075856788 3 931 2 144115188075856762 1585267068834415115 5 0 31 2 144115188075856788 0 931 2 144115188075856762 1585267068834415116 5 0 31 2 144115188075856788 1 931 2 144115188075856762 1585267068834415117 5 0 31 2 144115188075856788 2 931 2 144115188075856762 1585267068834415118 3 0 5 0 931 2 144115188075856762 1585267068834415116 931 2 144115188075856762 1585267068834415117 931 2 144115188075856762 1585267068834415118 931 2 144115188075856762 1585267068834415115 4 0 31 2 144115188075856788 0 927 2 144115188075856762 0 5 0 31 2 144115188075856788 1 927 2 144115188075856762 1 5 0 31 2 144115188075856788 2 927 2 144115188075856762 2 5 0 31 2 144115188075856788 3 927 2 144115188075856762 3 3 0 3 0 3 0 910 3 72057594037927937 1585267068834415119 65552 921 2 72057594037927937 8398162 729 2 1 250 730 2 1 465 926 2 72057594037927937 1 729 2 1 1200 730 2 1 1200 925 2 72057594037927937 1 916 1 144115188075856517 729 2 1 250 730 2 1 425 926 2 144115188075856517 1 931 2 144115188075856517 1585267068834415120 931 2 144115188075856517 1585267068834415121 931 2 144115188075856517 1585267068834415122 931 2 144115188075856517 1585267068834415123 931 2 144115188075856517 1585267068834415124 4 0 31 2 144115188075856159 15 927 2 144115188075856517 0 5 0 31 2 144115188075856159 14 927 2 144115188075856517 1 5 0 31 2 144115188075856159 13 927 2 144115188075856517 2 5 0 31 2 144115188075856159 12 927 2 144115188075856517 3 5 0 31 2 144115188075856159 11 927 2 144115188075856517 4 3 0 910 3 72057594037927937 1585267068834414602 65552 921 2 72057594037927937 8398162 729 2 1 750 730 2 1 650 926 2 72057594037927937 1 729 2 2 1200 730 2 2 1200 925 2 72057594037927937 2 2319 1 0 910 3 144115188075856603 0 8192 729 2 1 575 730 2 1 90 926 2 144115188075856603 1 729 2 1 350 730 2 1 535 929 2 144115188075856603 1 945 1 144115188075856603 729 2 1 0 730 2 1 1100 4 0 31 2 72057594037927996 1 727 2 1224979098644774912 1 2105 2 1224979098644774912 35 730 2 1 1224979098644774912 910 3 72057594037927937 1585267068834415125 10256 700 2 2 1 926 2 72057594037927937 2 729 2 2 350 730 2 2 60 929 2 72057594037927937 2 729 2 2 900 730 2 2 900 925 2 72057594037927937 2 727 2 1224979098644774912 1 2106 2 1224979098644774912 35 730 2 1 1224979098644774912 3 0 910 3 72057594037927937 216172782113788792 0 1 1 674 931 2 72057594037927938 1585267068834415126 931 2 72057594037927938 1585267068834415127 931 2 72057594037927938 216172782113787759 260 1 72057594037927944 927 2 72057594037927938 72057594037927944 2133 2 144115188075856763 72057594037927938 910 3 72057594037927937 216172782113788793 0 1 1 674 931 2 72057594037927938 1585267068834415128 931 2 72057594037927938 1585267068834415129 931 2 72057594037927938 216172782113787759 262 1 72057594037927944 927 2 72057594037927938 72057594037927944 2133 2 144115188075856764 72057594037927938 1 1 676 910 3 72057594037927937 216172782113788794 0 1 1 674 931 2 72057594037927938 216172782113788786 931 2 72057594037927938 216172782113787759 931 2 72057594037927938 216172782113788785 264 1 72057594037927944 927 2 72057594037927938 72057594037927944 2133 2 144115188075856765 72057594037927938 910 3 72057594037927937 216172782113788796 0 1 1 674 931 2 72057594037927938 1585267068834415130 931 2 72057594037927938 1585267068834415131 931 2 72057594037927938 216172782113787759 931 2 72057594037927938 1585267068834415132 931 2 72057594037927938 1585267068834415133 268 1 72057594037927944 927 2 72057594037927938 72057594037927944 2133 2 144115188075856766 72057594037927938 910 3 72057594037927937 216172782113788795 0 1 1 674 931 2 72057594037927938 216172782113788786 931 2 72057594037927938 216172782113787759 931 2 72057594037927938 216172782113788785 266 1 72057594037927944 927 2 72057594037927938 72057594037927944 2133 2 144115188075856767 72057594037927938 1 1 676 910 3 72057594037927937 1585267068834415134 0 1 1 673 927 2 72057594037927938 144115188075856161 2133 2 144115188075856587 72057594037927938 910 3 72057594037927937 1585267068834415135 0 1 1 673 927 2 72057594037927938 144115188075856162 2133 2 144115188075856588 72057594037927938 910 3 72057594037927937 1585267068834415136 0 1 1 673 927 2 72057594037927938 144115188075856163 2133 2 144115188075856604 72057594037927938 910 3 72057594037927937 1585267068834415137 0 1 1 673 927 2 72057594037927938 144115188075856164 2133 2 144115188075856768 72057594037927938 910 3 72057594037927937 216172782113788805 0 1 1 673 927 2 72057594037927938 144115188075856165 2133 2 144115188075856769 72057594037927938 910 3 72057594037927937 216172782113788787 0 1 1 673 927 2 72057594037927938 144115188075856166 2133 2 144115188075856589 72057594037927938 910 3 72057594037927937 1585267068834415138 0 1 1 673 927 2 72057594037927938 144115188075856167 2133 2 144115188075856770 72057594037927938 910 3 72057594037927937 1585267068834415139 0 1 1 673 927 2 72057594037927938 144115188075856169 2133 2 144115188075856771 72057594037927938 1 1 676 910 3 72057594037927937 1585267068834415140 0 1 1 673 927 2 72057594037927938 144115188075856170 2133 2 144115188075856772 72057594037927938 910 3 72057594037927937 1585267068834415141 0 1 1 673 927 2 72057594037927938 144115188075856171 2133 2 144115188075856773 72057594037927938 910 3 72057594037927937 1585267068834415142 0 1 1 673 927 2 72057594037927938 144115188075856172 2133 2 144115188075856774 72057594037927938 910 3 72057594037927937 1585267068834415143 0 1 1 673 927 2 72057594037927938 144115188075856173 2133 2 144115188075856521 72057594037927938 910 3 72057594037927937 1585267068834415144 0 1 1 673 927 2 72057594037927938 144115188075856174 2133 2 144115188075856520 72057594037927938 910 3 72057594037927937 1585267068834415145 0 1 1 673 927 2 72057594037927938 144115188075856175 2133 2 144115188075856775 72057594037927938 910 3 72057594037927937 1585267068834415146 0 1 1 673 927 2 72057594037927938 144115188075856176 2133 2 144115188075856776 72057594037927938 1 1 676 910 3 72057594037927937 216172782113788797 0 1 1 675 270 1 72057594037927944 927 2 72057594037927938 72057594037927944 2133 2 144115188075856777 72057594037927938 1 1 676 910 3 72057594037927937 216172782113788788 0 1 1 673 927 2 72057594037927938 144115188075856783 2133 2 144115188075856778 72057594037927938 910 3 72057594037927937 216172782113788789 0 1 1 673 927 2 72057594037927938 144115188075856160 2133 2 144115188075856779 72057594037927938 1 1 676 910 3 72057594037927937 216172782113788806 0 1 1 674 6 3 1224979098644774913 -1 9 4 0 31 2 1224979098644774913 -1 931 2 72057594037927938 216172782113788807 5 0 2346 2 7 1224979098644774913 931 2 72057594037927938 7 3 0 3 0 927 2 72057594037927938 144115188075856786 2133 2 144115188075856780 72057594037927938 910 3 72057594037927937 216172782113788790 0 1 1 673 927 2 72057594037927938 144115188075856784 2133 2 144115188075856781 72057594037927938 910 3 72057594037927937 216172782113788791 0 1 1 673 927 2 72057594037927938 144115188075856785 2133 2 144115188075856782 72057594037927938 945 1 -1 910 3 72057594037927937 216172782113783809 16 729 2 1 250 730 2 1 370 926 2 72057594037927937 1 729 2 1 1200 730 2 1 1200 925 2 72057594037927937 1 2133 2 144115188075856514 72057594037927937 910 3 72057594037927937 216172782113783809 10256 729 2 1 75 730 2 1 100 926 2 72057594037927937 1 729 2 1 350 730 2 1 260 929 2 72057594037927937 1 729 2 1 900 730 2 1 900 925 2 72057594037927937 1 2133 2 144115188075856518 72057594037927937 2320 2 3 216172782113788756 910 3 72057594037927937 1585267068834415147 75792 729 2 1 75 730 2 1 90 926 2 72057594037927937 1 729 2 1 350 730 2 1 70 929 2 72057594037927937 1 729 2 1 900 730 2 1 900 925 2 72057594037927937 1 921 2 72057594037927937 16733525 2133 2 144115188075856515 72057594037927937 947 2 144115188075856515 0 
-63.000000  229 2071 1 1224979098644774912 2072 1 1224979098644774913 2319 1 2 2319 1 3 2319 1 4 921 2 144115188075856514 0 4 0 31 2 1224979098644774913 1 5 0 31 2 1224979098644774912 144115188075856517 2320 2 2 1585267068834415148 5 0 2120 3 1224979098644774914 1224979098644774912 1 1073741855 2 1224979098644774914 144115188075856521 31 2 1224979098644774912 144115188075856521 2320 2 2 1585267068834415149 2320 2 3 216172782113788896 2320 2 4 1585267068834415150 947 2 144115188075856515 0 5 0 1073741855 2 1224979098644774914 144115188075856587 31 2 1224979098644774912 144115188075856587 2320 2 2 1585267068834415134 2320 2 3 216172782113788897 2320 2 8 1585267068834415151 2320 2 4 1585267068834415152 947 2 144115188075856515 0 5 0 1073741855 2 1224979098644774914 144115188075856588 31 2 1224979098644774912 144115188075856588 2320 2 2 1585267068834415153 2320 2 3 216172782113788897 2320 2 8 1585267068834415154 2320 2 4 1585267068834415155 947 2 144115188075856515 0 5 0 1073741855 2 1224979098644774914 144115188075856589 31 2 1224979098644774912 144115188075856589 2320 2 2 216172782113788787 2320 2 3 216172782113788799 2320 2 4 1585267068834415156 947 2 144115188075856515 0 5 0 1073741855 2 1224979098644774914 144115188075856778 31 2 1224979098644774912 144115188075856778 2320 2 2 216172782113788788 2320 2 3 216172782113788800 2320 2 4 1585267068834415157 947 2 144115188075856515 0 5 0 1073741855 2 1224979098644774914 144115188075856779 31 2 1224979098644774912 144115188075856779 2320 2 2 216172782113788789 2320 2 3 216172782113788800 2320 2 4 1585267068834415158 947 2 144115188075856515 0 5 0 1073741855 2 1224979098644774914 144115188075856604 31 2 1224979098644774912 144115188075856604 2320 2 2 1585267068834415136 2320 2 3 216172782113788896 2320 2 4 1585267068834415159 947 2 144115188075856515 0 5 0 1073741855 2 1224979098644774914 144115188075856781 31 2 1224979098644774912 144115188075856781 2320 2 2 216172782113788790 2320 2 3 216172782113788801 2320 2 4 1585267068834415160 947 2 144115188075856515 0 5 0 1073741855 2 1224979098644774914 144115188075856782 31 2 1224979098644774912 144115188075856782 2320 2 2 216172782113788791 2320 2 3 216172782113788801 2320 2 4 1585267068834415161 947 2 144115188075856515 0 5 0 1073741855 2 1224979098644774914 144115188075856763 31 2 1224979098644774912 144115188075856763 2320 2 2 216172782113788792 2320 2 3 216172782113788798 2320 2 4 1585267068834415162 947 2 144115188075856515 0 5 0 1073741855 2 1224979098644774914 144115188075856764 31 2 1224979098644774912 144115188075856764 2320 2 2 216172782113788793 2320 2 3 216172782113788798 2320 2 4 1585267068834415163 947 2 144115188075856515 0 5 0 1073741855 2 1224979098644774914 144115188075856765 31 2 1224979098644774912 144115188075856765 2320 2 2 216172782113788794 2320 2 3 216172782113788798 2320 2 4 1585267068834415164 947 2 144115188075856515 0 5 0 1073741855 2 1224979098644774914 144115188075856767 31 2 1224979098644774912 144115188075856767 2320 2 2 216172782113788795 2320 2 3 216172782113788798 2320 2 4 1585267068834420322 947 2 144115188075856515 0 5 0 1073741855 2 1224979098644774914 144115188075856766 31 2 1224979098644774912 144115188075856766 2320 2 2 216172782113788796 2320 2 3 216172782113788798 2320 2 8 216172782113788804 2320 2 4 1585267068834415166 947 2 144115188075856515 0 5 0 1073741855 2 1224979098644774914 144115188075856777 31 2 1224979098644774912 144115188075856777 2320 2 2 216172782113788797 2320 2 3 216172782113788802 1 1 677 2320 2 2 1585267068834415167 2320 2 4 216172782113788803 947 2 144115188075856515 0 4 0 32 2 72057594037927936 300 921 2 144115188075856514 16711680 3 0 5 0 1073741855 2 1224979098644774914 144115188075856768 31 2 1224979098644774912 144115188075856768 2320 2 2 1585267068834415137 2320 2 3 1585267068834415168 2320 2 4 1585267068834415169 947 2 144115188075856515 0 5 0 1073741855 2 1224979098644774914 144115188075856773 31 2 1224979098644774912 144115188075856773 2320 2 2 1585267068834415141 2320 2 3 216172782113788896 2320 2 4 1585267068834415170 947 2 144115188075856515 0 5 0 1073741855 2 1224979098644774914 144115188075856769 31 2 1224979098644774912 144115188075856769 2320 2 2 216172782113788805 2320 2 3 216172782113788799 2320 2 4 1585267068834415171 947 2 144115188075856515 0 5 0 1073741855 2 1224979098644774914 144115188075856780 31 2 1224979098644774912 144115188075856780 2320 2 2 216172782113788806 2320 2 3 216172782113788801 2320 2 4 1585267068834415172 947 2 144115188075856515 0 5 0 1073741855 2 1224979098644774914 144115188075856774 31 2 1224979098644774912 144115188075856774 2320 2 2 1585267068834415173 2320 2 3 216172782113788896 2320 2 4 1585267068834415174 947 2 144115188075856515 0 5 0 1073741855 2 1224979098644774914 144115188075856520 31 2 1224979098644774912 144115188075856520 2320 2 2 1585267068834415175 2320 2 3 216172782113788896 2320 2 4 1585267068834415176 947 2 144115188075856515 0 5 0 1073741855 2 1224979098644774914 144115188075856770 31 2 1224979098644774912 144115188075856770 2320 2 2 1585267068834415138 2320 2 3 216172782113788896 2320 2 4 1585267068834419539 947 2 144115188075856515 0 5 0 1073741855 2 1224979098644774914 144115188075856772 31 2 1224979098644774912 144115188075856772 2320 2 2 1585267068834415140 2320 2 3 216172782113788896 2320 2 4 1585267068834415178 947 2 144115188075856515 0 5 0 1073741855 2 1224979098644774914 144115188075856775 31 2 1224979098644774912 144115188075856775 2320 2 2 1585267068834415179 2320 2 3 216172782113788896 2320 2 4 1585267068834415180 947 2 144115188075856515 0 5 0 1073741855 2 1224979098644774914 144115188075856771 31 2 1224979098644774912 144115188075856771 2320 2 2 1585267068834415139 2320 2 3 216172782113788799 2320 2 4 1585267068834415181 947 2 144115188075856515 0 5 0 1073741855 2 1224979098644774914 144115188075856776 31 2 1224979098644774912 144115188075856776 2320 2 2 1585267068834415182 2320 2 3 216172782113788896 2320 2 4 1585267068834415183 947 2 144115188075856515 0 5 0 1073741855 2 1224979098644774914 144115188075856761 31 2 1224979098644774912 144115188075856761 2320 2 2 1585267068834415184 2320 2 3 216172782113788896 2320 2 4 1585267068834415185 947 2 144115188075856515 0 4 0 31 2 72057594037927996 1 947 2 144115188075856515 1 3 0 5 0 1073741855 2 1224979098644774914 144115188075856762 31 2 1224979098644774912 144115188075856762 2320 2 2 1585267068834415114 2320 2 3 1585267068834415186 2320 2 4 1585267068834415187 947 2 144115188075856515 0 4 0 31 2 72057594037927996 1 947 2 144115188075856515 1 3 0 3 0 2320 2 3 1585267068834415188 920 2 144115188075856514 2 920 2 144115188075856518 3 
-62.000000  271 2071 1 1224979098644774912 2072 1 1224979098644774913 921 2 144115188075856514 0 4 0 31 2 1224979098644774912 144115188075856512 902 1 0 4 0 31 2 144115188075856166 0 501 3 0 195 0 3 0 1 1 1064 4 0 31 2 72057594037927996 0 2060 1 23 5 0 4 0 1073741855 2 144115188075856788 0 1073741855 2 144115188075856788 2 31 2 144115188075856788 1 2060 1 8 5 0 2060 1 7 3 0 3 0 5 0 31 2 1224979098644774912 144115188075856513 900 1 43 5 0 31 2 1224979098644774912 144115188075856516 900 1 45 5 0 31 2 1224979098644774912 144115188075856760 2060 1 9 5 0 31 2 1224979098644774912 144115188075856517 4 0 31 2 1224979098644774913 0 2133 2 144115188075856159 15 2133 2 144115188075856160 1 2133 2 144115188075856161 1 2133 2 144115188075856162 0 2133 2 144115188075856163 0 2133 2 144115188075856164 1 2133 2 144115188075856165 1 2133 2 144115188075856166 1 2133 2 144115188075856167 0 2133 2 144115188075856169 1 2133 2 144115188075856170 1 2133 2 144115188075856171 1 2133 2 144115188075856172 1 2133 2 144115188075856173 1 2133 2 144115188075856174 1 2133 2 144115188075856175 1 2133 2 144115188075856176 1 261 1 2 263 1 2 265 1 0 267 1 0 269 1 4 5 0 31 2 1224979098644774913 1 2133 2 144115188075856159 14 2133 2 144115188075856161 1 2133 2 144115188075856160 1 2133 2 144115188075856162 1 2133 2 144115188075856163 1 2133 2 144115188075856164 1 2133 2 144115188075856165 1 2133 2 144115188075856166 1 2133 2 144115188075856167 1 2133 2 144115188075856169 1 2133 2 144115188075856170 1 2133 2 144115188075856171 0 2133 2 144115188075856172 1 2133 2 144115188075856173 1 2133 2 144115188075856174 1 2133 2 144115188075856175 0 2133 2 144115188075856176 1 261 1 2 263 1 2 265 1 1 267 1 1 269 1 3 5 0 31 2 1224979098644774913 2 2133 2 144115188075856159 13 2133 2 144115188075856160 1 2133 2 144115188075856161 1 2133 2 144115188075856162 1 2133 2 144115188075856163 1 2133 2 144115188075856164 1 2133 2 144115188075856165 0 2133 2 144115188075856166 1 2133 2 144115188075856167 1 2133 2 144115188075856169 0 2133 2 144115188075856170 1 2133 2 144115188075856171 0 2133 2 144115188075856172 0 2133 2 144115188075856173 1 2133 2 144115188075856174 1 2133 2 144115188075856175 0 2133 2 144115188075856176 0 261 1 1 263 1 1 265 1 1 267 1 1 269 1 2 5 0 31 2 1224979098644774913 3 2133 2 144115188075856159 12 2133 2 144115188075856160 0 2133 2 144115188075856161 0 2133 2 144115188075856162 1 2133 2 144115188075856163 1 2133 2 144115188075856164 0 2133 2 144115188075856165 0 2133 2 144115188075856166 0 2133 2 144115188075856167 1 2133 2 144115188075856169 0 2133 2 144115188075856170 1 2133 2 144115188075856171 0 2133 2 144115188075856172 0 2133 2 144115188075856173 1 2133 2 144115188075856174 1 2133 2 144115188075856175 0 2133 2 144115188075856176 0 261 1 0 263 1 0 265 1 2 267 1 2 269 1 0 5 0 31 2 1224979098644774913 4 2133 2 144115188075856159 11 3 0 260 1 72057594037927944 927 2 144115188075856763 72057594037927944 262 1 72057594037927944 927 2 144115188075856764 72057594037927944 264 1 72057594037927944 927 2 144115188075856765 72057594037927944 268 1 72057594037927944 927 2 144115188075856766 72057594037927944 266 1 72057594037927944 927 2 144115188075856767 72057594037927944 927 2 144115188075856587 144115188075856161 927 2 144115188075856588 144115188075856162 927 2 144115188075856604 144115188075856163 927 2 144115188075856768 144115188075856164 927 2 144115188075856773 144115188075856171 927 2 144115188075856774 144115188075856172 927 2 144115188075856589 144115188075856166 927 2 144115188075856769 144115188075856165 927 2 144115188075856778 144115188075856783 927 2 144115188075856779 144115188075856160 927 2 144115188075856771 144115188075856169 927 2 144115188075856776 144115188075856176 927 2 144115188075856775 144115188075856175 927 2 144115188075856520 144115188075856174 927 2 144115188075856772 144115188075856170 927 2 144115188075856774 144115188075856172 927 2 144115188075856521 144115188075856173 5 0 2133 2 144115188075856159 11 927 2 144115188075856517 4 927 2 1224979098644774912 1224979098644774913 31 2 1224979098644774912 144115188075856521 2133 2 144115188075856173 1224979098644774913 5 0 31 2 1224979098644774912 144115188075856587 2133 2 144115188075856161 1224979098644774913 5 0 31 2 1224979098644774912 144115188075856588 2133 2 144115188075856162 1224979098644774913 5 0 31 2 1224979098644774912 144115188075856589 2133 2 144115188075856166 1224979098644774913 5 0 31 2 1224979098644774912 144115188075856778 2133 2 144115188075856783 1224979098644774913 5 0 31 2 1224979098644774912 144115188075856779 2133 2 144115188075856160 1224979098644774913 5 0 31 2 1224979098644774912 144115188075856604 2133 2 144115188075856163 1224979098644774913 5 0 31 2 1224979098644774912 144115188075856781 2133 2 144115188075856784 1224979098644774913 5 0 31 2 1224979098644774912 144115188075856782 2133 2 144115188075856785 1224979098644774913 5 0 31 2 1224979098644774912 144115188075856776 2133 2 144115188075856176 1224979098644774913 5 0 31 2 1224979098644774912 144115188075856763 261 1 1224979098644774913 5 0 31 2 1224979098644774912 144115188075856764 263 1 1224979098644774913 5 0 31 2 1224979098644774912 144115188075856765 265 1 1224979098644774913 5 0 31 2 1224979098644774912 144115188075856767 267 1 1224979098644774913 1 1 76 5 0 31 2 1224979098644774912 144115188075856766 269 1 1224979098644774913 5 0 31 2 1224979098644774912 144115188075856769 2133 2 144115188075856165 1224979098644774913 5 0 31 2 1224979098644774912 144115188075856777 271 1 1224979098644774913 2320 2 2 216172782113788797 2320 2 3 216172782113788802 1 1 677 2320 2 2 1585267068834415167 2320 2 4 216172782113788803 2320 2 3 1585267068834415188 920 2 144115188075856514 2 920 2 144115188075856518 3 4 0 32 2 72057594037927936 300 921 2 144115188075856514 16711680 3 0 5 0 31 2 1224979098644774912 144115188075856768 2133 2 144115188075856164 1224979098644774913 5 0 31 2 1224979098644774912 144115188075856773 2133 2 144115188075856171 1224979098644774913 5 0 31 2 1224979098644774912 144115188075856780 2133 2 144115188075856786 1224979098644774913 5 0 31 2 1224979098644774912 144115188075856774 2133 2 144115188075856172 1224979098644774913 5 0 31 2 1224979098644774912 144115188075856520 2133 2 144115188075856174 1224979098644774913 5 0 31 2 1224979098644774912 144115188075856770 2133 2 144115188075856167 1224979098644774913 5 0 31 2 1224979098644774912 144115188075856772 2133 2 144115188075856170 1224979098644774913 5 0 31 2 1224979098644774912 144115188075856775 2133 2 144115188075856175 1224979098644774913 5 0 31 2 1224979098644774912 144115188075856771 2133 2 144115188075856169 1224979098644774913 5 0 31 2 1224979098644774912 144115188075856761 4 0 31 2 1224979098644774913 2 2133 2 144115188075856787 0 5 0 31 2 1224979098644774913 1 2133 2 144115188075856787 1 5 0 2133 2 144115188075856787 2 3 0 5 0 31 2 1224979098644774912 144115188075856762 2133 2 144115188075856788 1224979098644774913 3 0 
-61.000000  32 4 0 71 1 241 902 1 0 4 0 31 2 144115188075856166 0 501 3 0 195 0 3 0 1 1 1064 4 0 31 2 72057594037927996 0 2060 1 23 5 0 4 0 1073741855 2 144115188075856788 0 1073741855 2 144115188075856788 2 31 2 144115188075856788 1 2060 1 8 5 0 2060 1 7 3 0 3 0 5 0 71 1 242 902 1 0 1 1 1064 4 0 31 2 72057594037927996 0 2060 1 23 5 0 2060 1 9 3 0 3 0 


prsnt_moral_tweaks 0 236 3
-60.000000  170 902 1 999999 2124 1 1000 911 2 72057594037927936 193 729 2 1 -1 730 2 1 -1 926 2 72057594037927936 1 729 2 1 1002 730 2 1 1002 925 2 72057594037927936 1 730 2 1 25 940 2 144115188075856512 1585267068834415189 729 2 1 825 926 2 144115188075856512 1 910 3 72057594037927937 1585267068834415190 16 729 2 1 250 730 2 1 650 926 2 72057594037927937 1 729 2 1 1200 730 2 1 1200 925 2 72057594037927937 1 729 2 1 450 730 2 1 500 910 3 72057594037927937 1585267068834415191 0 926 2 72057594037927937 1 729 2 2 900 730 2 2 900 925 2 72057594037927937 2 700 2 2 1 726 2 1224979098644774912 2 2105 2 1224979098644774912 300 729 2 2 1224979098644774912 914 3 144115188075856522 1 10000 926 2 144115188075856522 2 729 2 2 700 730 2 2 700 925 2 144115188075856522 2 727 2 1224979098644774913 1 2106 2 1224979098644774913 40 730 2 1 1224979098644774913 927 2 144115188075856522 144115188075856789 910 3 72057594037927937 1585267068834415192 0 926 2 72057594037927937 1 729 2 2 900 730 2 2 900 925 2 72057594037927937 2 700 2 2 1 726 2 1224979098644774912 2 2105 2 1224979098644774912 300 729 2 2 1224979098644774912 914 3 144115188075856586 5 75 926 2 144115188075856586 2 729 2 2 700 730 2 2 700 925 2 144115188075856586 2 727 2 1224979098644774913 1 2106 2 1224979098644774913 40 730 2 1 1224979098644774913 927 2 144115188075856586 144115188075856790 910 3 72057594037927937 1585267068834415193 0 926 2 72057594037927937 1 729 2 2 900 730 2 2 900 925 2 72057594037927937 2 700 2 2 1 726 2 1224979098644774912 2 2105 2 1224979098644774912 300 729 2 2 1224979098644774912 914 3 144115188075856776 1 50 926 2 144115188075856776 2 729 2 2 700 730 2 2 700 925 2 144115188075856776 2 727 2 1224979098644774913 1 2106 2 1224979098644774913 40 730 2 1 1224979098644774913 927 2 144115188075856776 144115188075856791 910 3 72057594037927937 1585267068834415194 0 926 2 72057594037927937 1 729 2 2 900 730 2 2 900 925 2 72057594037927937 2 700 2 2 1 726 2 1224979098644774912 2 2105 2 1224979098644774912 300 729 2 2 1224979098644774912 914 3 144115188075856604 0 20 926 2 144115188075856604 2 729 2 2 700 730 2 2 700 925 2 144115188075856604 2 727 2 1224979098644774913 1 2106 2 1224979098644774913 40 730 2 1 1224979098644774913 927 2 144115188075856604 144115188075856792 910 3 72057594037927937 1585267068834415195 0 926 2 72057594037927937 1 729 2 2 900 730 2 2 900 925 2 72057594037927937 2 700 2 2 1 726 2 1224979098644774912 2 2105 2 1224979098644774912 300 729 2 2 1224979098644774912 914 3 144115188075856760 -20 0 926 2 144115188075856760 2 729 2 2 700 730 2 2 700 925 2 144115188075856760 2 727 2 1224979098644774913 1 2106 2 1224979098644774913 40 730 2 1 1224979098644774913 927 2 144115188075856760 144115188075856793 910 3 72057594037927937 1585267068834415196 0 926 2 72057594037927937 1 729 2 2 900 730 2 2 900 925 2 72057594037927937 2 700 2 2 1 726 2 1224979098644774912 2 2105 2 1224979098644774912 300 729 2 2 1224979098644774912 914 3 144115188075856770 2 50 926 2 144115188075856770 2 729 2 2 700 730 2 2 700 925 2 144115188075856770 2 727 2 1224979098644774913 1 2106 2 1224979098644774913 40 730 2 1 1224979098644774913 927 2 144115188075856770 144115188075856794 910 3 72057594037927937 1585267068834415197 0 1 1 673 927 2 72057594037927938 144115188075856795 2133 2 144115188075856773 72057594037927938 910 3 72057594037927937 1585267068834415198 0 1 1 673 927 2 72057594037927938 144115188075856796 2133 2 144115188075856768 72057594037927938 910 3 72057594037927937 1585267068834415199 0 1 1 673 927 2 72057594037927938 144115188075856797 2133 2 144115188075856777 72057594037927938 910 3 72057594037927937 1585267068834415200 0 1 1 673 927 2 72057594037927938 144115188075856798 2133 2 144115188075856766 72057594037927938 910 3 72057594037927937 1585267068834415201 0 1 1 673 2121 3 1224979098644774914 144115188075856799 1 927 2 72057594037927938 1224979098644774914 2133 2 144115188075856762 72057594037927938 910 3 72057594037927937 216172782113783809 16 729 2 1 250 730 2 1 370 926 2 72057594037927937 1 729 2 1 1200 730 2 1 1200 925 2 72057594037927937 1 2133 2 144115188075856514 72057594037927937 910 3 72057594037927937 216172782113783809 10256 729 2 1 75 730 2 1 100 926 2 72057594037927937 1 729 2 1 350 730 2 1 260 929 2 72057594037927937 1 729 2 1 900 730 2 1 900 925 2 72057594037927937 1 2133 2 144115188075856518 72057594037927937 
-63.000000  85 2071 1 1224979098644774912 2072 1 1224979098644774913 2319 1 2 2319 1 3 2319 1 4 921 2 144115188075856514 0 4 0 31 2 1224979098644774913 1 5 0 2120 3 1224979098644774914 1224979098644774912 1 1073741855 2 1224979098644774914 144115188075856522 31 2 1224979098644774912 144115188075856522 2133 2 72057594037927936 144115188075856789 2320 2 2 1585267068834415202 2320 2 3 1585267068834415203 2320 2 4 1585267068834415204 5 0 1073741855 2 1224979098644774914 144115188075856586 31 2 1224979098644774912 144115188075856586 2133 2 72057594037927936 144115188075856790 2320 2 2 1585267068834415205 2320 2 3 1585267068834415203 2320 2 4 1585267068834415206 5 0 1073741855 2 1224979098644774914 144115188075856776 31 2 1224979098644774912 144115188075856776 2133 2 72057594037927936 144115188075856791 2320 2 2 1585267068834415207 2320 2 3 1585267068834415203 2320 2 4 1585267068834415208 5 0 1073741855 2 1224979098644774914 144115188075856604 31 2 1224979098644774912 144115188075856604 2133 2 72057594037927936 144115188075856792 2320 2 2 1585267068834415209 2320 2 3 1585267068834415203 2320 2 4 1585267068834415210 5 0 1073741855 2 1224979098644774914 144115188075856760 31 2 1224979098644774912 144115188075856760 2133 2 72057594037927936 144115188075856793 2320 2 2 1585267068834415211 2320 2 3 1585267068834415203 2320 2 4 1585267068834415212 5 0 1073741855 2 1224979098644774914 144115188075856770 31 2 1224979098644774912 144115188075856770 2133 2 72057594037927936 144115188075856794 2320 2 2 1585267068834415213 2320 2 3 1585267068834415203 2320 2 4 1585267068834415214 5 0 1073741855 2 1224979098644774914 144115188075856773 31 2 1224979098644774912 144115188075856773 2320 2 2 1585267068834415215 2320 2 3 216172782113788799 2320 2 4 1585267068834415216 5 0 1073741855 2 1224979098644774914 144115188075856768 31 2 1224979098644774912 144115188075856768 2320 2 2 1585267068834415217 2320 2 3 216172782113788799 2320 2 4 1585267068834415218 5 0 1073741855 2 1224979098644774914 144115188075856777 31 2 1224979098644774912 144115188075856777 2320 2 2 1585267068834415199 2320 2 3 1585267068834415203 2320 2 4 1585267068834415219 5 0 1073741855 2 1224979098644774914 144115188075856766 31 2 1224979098644774912 144115188075856766 2320 2 2 1585267068834415220 2320 2 3 1585267068834415221 2320 2 4 1585267068834415222 5 0 1073741855 2 1224979098644774914 144115188075856762 31 2 1224979098644774912 144115188075856762 2320 2 2 1585267068834415201 2320 2 3 1585267068834415203 2320 2 4 1585267068834415223 3 0 2320 2 3 1585267068834415188 920 2 144115188075856514 2 920 2 144115188075856518 3 
-62.000000  41 2071 1 1224979098644774912 2072 1 1224979098644774913 921 2 144115188075856514 0 4 0 31 2 1224979098644774912 144115188075856512 900 1 44 5 0 31 2 1224979098644774912 144115188075856522 2133 2 144115188075856789 1224979098644774913 5 0 31 2 1224979098644774912 144115188075856586 2133 2 144115188075856790 1224979098644774913 5 0 31 2 1224979098644774912 144115188075856776 2133 2 144115188075856791 1224979098644774913 5 0 31 2 1224979098644774912 144115188075856604 2133 2 144115188075856792 1224979098644774913 5 0 31 2 1224979098644774912 144115188075856760 2133 2 144115188075856793 1224979098644774913 5 0 31 2 1224979098644774912 144115188075856770 2133 2 144115188075856794 1224979098644774913 5 0 31 2 1224979098644774912 144115188075856773 2133 2 144115188075856795 1224979098644774913 5 0 31 2 1224979098644774912 144115188075856768 2133 2 144115188075856796 1224979098644774913 5 0 31 2 1224979098644774912 144115188075856777 2133 2 144115188075856797 1224979098644774913 5 0 31 2 1224979098644774912 144115188075856766 2133 2 144115188075856798 1224979098644774913 5 0 31 2 1224979098644774912 144115188075856762 2105 2 1224979098644774913 1 2133 2 144115188075856799 1224979098644774913 3 0 


prsnt_barracks 0 236 3
-60.000000  498 902 1 999999 2124 1 1000 911 2 72057594037927936 194 729 2 1 -1 730 2 1 -1 926 2 72057594037927936 1 729 2 1 1002 730 2 1 1002 925 2 72057594037927936 1 910 3 72057594037927937 1585267068834415224 4 729 2 1 530 730 2 1 700 926 2 72057594037927937 1 910 3 72057594037927937 1585267068834415225 4 729 2 1 530 730 2 1 670 926 2 72057594037927937 1 729 2 1 875 730 2 1 875 925 2 72057594037927937 1 921 2 72057594037927937 255 910 3 144115188075856767 1585267068834415226 4 729 2 1 40 730 2 1 700 926 2 144115188075856767 1 729 2 1 1000 730 2 1 1000 925 2 144115188075856767 1 2157 2 72057594037927937 0 1 2 176 0 2133 2 72057594037927938 72057594037927936 1 2 32 0 2133 2 1224979098644774912 72057594037927936 2133 2 72057594037927939 1224979098644774912 2149 2 72057594037927940 0 910 3 144115188075856765 1585267068834420206 4 729 2 1 40 730 2 1 660 926 2 144115188075856765 1 729 2 1 920 730 2 1 920 925 2 144115188075856765 1 4 0 542 3 144115188075856150 9 13 2320 2 12 1585267068834415228 5 0 2320 2 12 1585267068834415229 3 0 521 3 1224979098644774913 144115188075856177 152 4 0 30 2 1224979098644774913 1000 2133 2 1224979098644774913 0 501 3 144115188075856177 152 1224979098644774913 1106 1 1585267068834419612 3 0 2133 2 72057594037927938 1224979098644774913 910 3 72057594037927937 1585267068834415230 4 729 2 1 40 730 2 1 625 926 2 72057594037927937 1 729 2 1 920 730 2 1 920 925 2 72057594037927937 1 521 3 1224979098644774914 144115188075856177 83 4 0 30 2 1224979098644774914 1000 2133 2 1224979098644774914 0 501 3 144115188075856177 83 1224979098644774914 1106 1 1585267068834419613 3 0 2133 2 72057594037927938 1224979098644774914 910 3 72057594037927937 1585267068834415231 4 729 2 1 40 730 2 1 610 926 2 72057594037927937 1 729 2 1 920 730 2 1 920 925 2 72057594037927937 1 2133 2 144115188075856800 25 2110 2 144115188075856800 1224979098644774912 4 0 1 2 780 144115188075855933 2110 2 144115188075856800 1224979098644774913 5 0 2110 2 144115188075856800 1224979098644774914 3 0 2133 2 144115188075856801 0 2122 3 72057594037927938 144115188075855933 2 939 4 72057594037927937 -1 5 72057594037927938 927 2 72057594037927937 144115188075855933 729 2 1 200 730 2 1 350 926 2 72057594037927937 1 500 3 2087 0 144115188075855933 729 2 1 400 730 2 1 350 925 2 72057594037927937 1 729 2 2 1100 730 2 2 1100 2322 2 2 144115188075855933 910 3 72057594037927937 1585267068834415232 16 729 2 1 320 730 2 1 330 926 2 72057594037927937 1 925 2 72057594037927937 2 913 3 72057594037927946 466 466 926 2 72057594037927946 1 925 2 72057594037927946 2 922 2 72057594037927946 0 921 2 72057594037927946 14540253 500 3 2088 0 72057594037927946 1 3 18 144115188075855933 0 2133 2 72057594037927976 72057594037927936 1 2 20 144115188075855933 2133 2 72057594037927977 72057594037927936 910 3 72057594037927937 1585267068834420207 16 729 2 1 320 730 2 1 290 926 2 72057594037927937 1 925 2 72057594037927937 2 2133 2 1224979098644774915 1 2133 2 1224979098644774916 1 4 0 31 2 144115188075855928 1 2319 1 0 910 3 144115188075856603 0 8192 729 2 1 575 730 2 1 50 926 2 144115188075856603 1 729 2 1 350 730 2 1 575 929 2 144115188075856603 1 945 1 144115188075856603 729 2 1 0 730 2 1 1040 729 2 2 920 730 2 2 920 910 3 72057594037927937 1585267068834415234 0 921 2 72057594037927937 0 926 2 72057594037927937 1 925 2 72057594037927937 2 1 1 676 6 3 1224979098644774917 113 401 2173 2 1224979098644774918 1224979098644774917 542 3 144115188075856150 9 1224979098644774918 1 2 780 1224979098644774917 2322 2 1 1224979098644774917 910 3 72057594037927937 1 0 927 2 72057594037927937 1224979098644774917 921 2 72057594037927937 0 926 2 72057594037927937 1 925 2 72057594037927937 2 913 3 72057594037927946 466 466 926 2 72057594037927946 1 925 2 72057594037927946 2 922 2 72057594037927946 0 921 2 72057594037927946 14540253 727 2 1224979098644774919 1 2106 2 1224979098644774919 40 730 2 1 1224979098644774919 500 3 2087 1224979098644774915 1224979098644774917 500 3 2088 1224979098644774916 72057594037927946 2105 2 1224979098644774915 1 2105 2 1224979098644774916 1 2105 2 144115188075856801 1 3 0 910 3 72057594037927937 1585267068834415235 0 921 2 72057594037927937 0 926 2 72057594037927937 1 925 2 72057594037927937 2 1 1 676 6 3 1224979098644774917 113 401 2173 2 1224979098644774918 1224979098644774917 542 3 144115188075856150 9 1224979098644774918 1 2 782 1224979098644774917 2322 2 1 1224979098644774917 910 3 72057594037927937 1 0 927 2 72057594037927937 1224979098644774917 921 2 72057594037927937 0 926 2 72057594037927937 1 925 2 72057594037927937 2 913 3 72057594037927946 466 466 926 2 72057594037927946 1 925 2 72057594037927946 2 922 2 72057594037927946 0 921 2 72057594037927946 14540253 727 2 1224979098644774919 1 2106 2 1224979098644774919 40 730 2 1 1224979098644774919 500 3 2087 1224979098644774915 1224979098644774917 500 3 2088 1224979098644774916 72057594037927946 2105 2 1224979098644774915 1 2105 2 1224979098644774916 1 2105 2 144115188075856801 1 3 0 945 1 -1 5 0 31 2 144115188075855928 3 2319 1 0 910 3 144115188075856603 0 8192 729 2 1 575 730 2 1 50 926 2 144115188075856603 1 729 2 1 350 730 2 1 575 929 2 144115188075856603 1 945 1 144115188075856603 2133 2 1224979098644774915 1 2133 2 1224979098644774916 1 729 2 1 0 730 2 1 1040 729 2 2 920 730 2 2 920 910 3 72057594037927937 1585267068834415236 0 921 2 72057594037927937 0 926 2 72057594037927937 1 925 2 72057594037927937 2 727 2 1224979098644774919 1 2106 2 1224979098644774919 40 730 2 1 1224979098644774919 6 3 1224979098644774917 2352 2426 2133 2 1224979098644774920 0 4 0 540 3 2349 1 1 541 3 144115188075856177 7 0 1073741855 2 1224979098644774917 2358 1073741855 2 1224979098644774917 2360 1073741855 2 1224979098644774917 2356 1073741855 2 1224979098644774917 2354 31 2 1224979098644774917 2352 2133 2 1224979098644774920 1 5 0 540 3 2350 1 1 541 3 144115188075856177 7 0 1073741855 2 1224979098644774917 2366 1073741855 2 1224979098644774917 2364 1073741855 2 1224979098644774917 2370 1073741855 2 1224979098644774917 2368 31 2 1224979098644774917 2362 2133 2 1224979098644774920 1 5 0 540 3 2351 1 1 541 3 144115188075856177 7 0 1073741855 2 1224979098644774917 2380 1073741855 2 1224979098644774917 2382 1073741855 2 1224979098644774917 2378 1073741855 2 1224979098644774917 2376 1073741855 2 1224979098644774917 2374 31 2 1224979098644774917 2372 2133 2 1224979098644774920 1 5 0 540 3 2346 1 1 541 3 144115188075856177 7 0 1073741855 2 1224979098644774917 2384 1073741855 2 1224979098644774917 2390 1073741855 2 1224979098644774917 2392 1073741855 2 1224979098644774917 2394 1073741855 2 1224979098644774917 2396 1073741855 2 1224979098644774917 2398 1073741855 2 1224979098644774917 2400 1073741855 2 1224979098644774917 2422 31 2 1224979098644774917 2402 2133 2 1224979098644774920 1 5 0 540 3 2348 1 1 1073741855 2 1224979098644774917 2404 1073741855 2 1224979098644774917 2412 1073741855 2 1224979098644774917 2410 1073741855 2 1224979098644774917 2424 1073741855 2 1224979098644774917 2418 31 2 1224979098644774917 2420 2133 2 1224979098644774920 1 5 0 540 3 2347 1 1 1073741855 2 1224979098644774917 2408 1073741855 2 1224979098644774917 2406 1073741855 2 1224979098644774917 2414 31 2 1224979098644774917 2416 2133 2 1224979098644774920 1 3 0 31 2 1224979098644774920 1 2322 2 1 1224979098644774917 910 3 72057594037927937 1 0 927 2 72057594037927937 1224979098644774917 921 2 72057594037927937 0 926 2 72057594037927937 1 925 2 72057594037927937 2 913 3 72057594037927946 466 466 926 2 72057594037927946 1 925 2 72057594037927946 2 922 2 72057594037927946 0 921 2 72057594037927946 14540253 727 2 1224979098644774919 1 2106 2 1224979098644774919 40 730 2 1 1224979098644774919 500 3 2087 1224979098644774915 1224979098644774917 500 3 2088 1224979098644774916 72057594037927946 2105 2 1224979098644774915 1 2105 2 1224979098644774916 1 2105 2 144115188075856801 1 3 0 945 1 -1 5 0 31 2 144115188075855928 2 521 3 1224979098644774921 144115188075856177 7 521 3 1224979098644774922 144115188075856177 255 4 0 30 2 1224979098644774921 0 520 3 1224979098644774923 1224979098644774921 178 5 0 2133 2 1224979098644774923 -1 3 0 4 0 30 2 1224979098644774921 1 30 2 1224979098644774923 1 2147483679 2 1224979098644774923 13 2120 3 1224979098644774924 400 1224979098644774923 2120 3 1224979098644774925 481 1224979098644774923 2120 3 1224979098644774926 412 1224979098644774923 2120 3 1224979098644774927 424 1224979098644774923 5 0 2133 2 1224979098644774924 -1 2133 2 1224979098644774926 -1 2133 2 1224979098644774927 -1 3 0 4 0 30 2 1224979098644774922 1 2106 2 1224979098644774922 247 2105 2 1224979098644774922 453 5 0 2133 2 1224979098644774922 -1 3 0 4 0 31 2 1224979098644774922 462 2133 2 1224979098644774928 469 5 0 31 2 1224979098644774922 460 2133 2 1224979098644774928 471 5 0 2133 2 1224979098644774928 -1 3 0 2319 1 0 910 3 144115188075856603 0 8192 729 2 1 575 730 2 1 50 926 2 144115188075856603 1 729 2 1 350 730 2 1 575 929 2 144115188075856603 1 945 1 144115188075856603 729 2 1 0 730 2 1 1040 729 2 2 920 730 2 2 920 910 3 72057594037927937 1585267068834415237 0 921 2 72057594037927937 0 926 2 72057594037927937 1 925 2 72057594037927937 2 727 2 1224979098644774919 1 2106 2 1224979098644774919 20 730 2 1 1224979098644774919 1 1 676 6 3 1224979098644774917 412 449 1073741855 2 1224979098644774917 1224979098644774926 1073741855 2 1224979098644774917 1224979098644774927 33 3 1224979098644774917 437 449 2133 2 72057594037927938 1 4 0 31 2 1224979098644774917 446 541 3 144115188075856177 7 0 2147483679 2 144115188075856856 1 2133 2 72057594037927938 0 5 0 31 2 1224979098644774917 446 2147483679 2 1224979098644774921 0 2147483679 2 1224979098644774923 12 2133 2 72057594037927938 0 3 0 31 2 72057594037927938 1 2322 2 1 1224979098644774917 910 3 72057594037927937 1 0 927 2 72057594037927937 1224979098644774917 921 2 72057594037927937 0 926 2 72057594037927937 1 925 2 72057594037927937 2 913 3 72057594037927946 466 466 926 2 72057594037927946 1 925 2 72057594037927946 2 922 2 72057594037927946 0 921 2 72057594037927946 14540253 727 2 1224979098644774919 1 2106 2 1224979098644774919 40 730 2 1 1224979098644774919 500 3 2087 1224979098644774915 1224979098644774917 500 3 2088 1224979098644774916 72057594037927946 2105 2 1224979098644774915 1 2105 2 1224979098644774916 1 2105 2 144115188075856801 1 3 0 910 3 72057594037927937 1585267068834415235 0 921 2 72057594037927937 0 926 2 72057594037927937 1 925 2 72057594037927937 2 1 1 676 727 2 1224979098644774919 1 2106 2 1224979098644774919 20 730 2 1 1224979098644774919 6 3 1224979098644774917 25 506 1073741855 2 1224979098644774917 1224979098644774924 1073741855 2 1224979098644774917 1224979098644774925 1073741855 2 1224979098644774917 1224979098644774922 1073741855 2 1224979098644774917 1224979098644774928 1073741855 2 1224979098644774917 473 1073741855 2 1224979098644774917 481 1073741857 3 1224979098644774917 449 453 33 3 1224979098644774917 474 478 2133 2 72057594037927938 1 4 0 31 2 1224979098644774917 473 2147483679 2 144115188075856177 42 2147483679 2 144115188075856177 67 2147483679 2 144115188075856177 114 2147483679 2 144115188075856177 112 2133 2 72057594037927938 0 3 0 31 2 72057594037927938 1 2133 2 72057594037927938 1 4 0 1073741855 2 1224979098644774917 63 1073741855 2 1224979098644774917 64 31 2 1224979098644774917 62 2147484188 3 2131 37 1 2133 2 72057594037927938 0 3 0 31 2 72057594037927938 1 2133 2 72057594037927938 1 4 0 1073741855 2 1224979098644774917 451 31 2 1224979098644774917 452 541 3 144115188075856177 7 0 2147483679 2 144115188075856856 1 2133 2 72057594037927938 0 5 0 1073741855 2 1224979098644774917 451 31 2 1224979098644774917 452 2147483679 2 1224979098644774923 12 2147483679 2 1224979098644774921 0 2133 2 72057594037927938 0 3 0 31 2 72057594037927938 1 2322 2 1 1224979098644774917 910 3 72057594037927937 1 0 927 2 72057594037927937 1224979098644774917 921 2 72057594037927937 0 926 2 72057594037927937 1 925 2 72057594037927937 2 913 3 72057594037927946 466 466 926 2 72057594037927946 1 925 2 72057594037927946 2 922 2 72057594037927946 0 921 2 72057594037927946 14540253 727 2 1224979098644774919 1 2106 2 1224979098644774919 40 730 2 1 1224979098644774919 500 3 2087 1224979098644774915 1224979098644774917 500 3 2088 1224979098644774916 72057594037927946 2105 2 1224979098644774915 1 2105 2 1224979098644774916 1 2105 2 144115188075856801 1 3 0 945 1 -1 3 0 940 3 144115188075856802 216172782113786653 16 729 2 1 400 730 2 1 24 926 2 144115188075856802 1 2110 2 72057594037927979 144115188075856800 2112 3 72057594037927979 0 1000 2122 3 72057594037927980 72057594037927979 72057594037927977 910 3 144115188075856766 1585267068834420208 16 729 2 1 200 730 2 1 200 926 2 144115188075856766 1 729 2 1 1100 730 2 1 1100 925 2 144115188075856766 1 914 3 144115188075856777 0 144115188075856800 729 2 2 225 730 2 2 150 926 2 144115188075856777 2 729 2 2 700 730 2 2 700 925 2 144115188075856777 2 927 2 144115188075856777 72057594037927979 940 3 144115188075856186 1585267068834415239 16 729 2 1 200 730 2 1 24 926 2 144115188075856186 1 
-61.000000  12 4 0 71 1 1 902 1 0 2060 1 166 5 0 71 1 57 2124 1 1000 75 1 31 726 2 72057594037927967 31 727 2 72057594037927968 31 1106 1 1585267068834414774 3 0 
-62.000000  65 2071 1 1224979098644774912 2072 1 1224979098644774913 4 0 31 2 1224979098644774912 144115188075856802 902 1 0 2060 1 144115188075855934 5 0 31 2 1224979098644774912 144115188075856186 2149 2 1224979098644774914 0 2133 2 1224979098644774915 83 4 0 1 2 780 144115188075855933 2133 2 1224979098644774915 152 3 0 521 3 1224979098644774916 144115188075856177 1224979098644774915 4 0 30 2 1224979098644774916 72057594037927979 105 1 72057594037927979 30 2 1224979098644774914 72057594037927980 1610 3 0 144115188075855933 72057594037927979 1529 2 0 72057594037927980 900 1 46 2106 2 1224979098644774916 72057594037927979 501 3 144115188075856177 1224979098644774915 1224979098644774916 2324 3 35 144115188075855933 72057594037927979 1106 1 1585267068834419590 5 0 2147483678 2 1224979098644774916 72057594037927979 1106 1 1585267068834415240 5 0 1106 1 1585267068834420209 3 0 5 0 31 2 1224979098644774912 144115188075856777 2133 2 72057594037927979 1224979098644774913 2112 3 72057594037927979 0 1000 2122 3 72057594037927980 72057594037927979 72057594037927977 920 2 144115188075856766 1585267068834420208 5 0 2133 2 1224979098644774917 -1 2133 2 1224979098644774918 0 2120 3 1224979098644774918 144115188075856801 1 6 3 1224979098644774919 0 1224979098644774918 540 3 2088 1224979098644774919 1224979098644774912 520 3 1224979098644774917 2087 1224979098644774919 2133 2 1224979098644774918 0 3 0 4 0 2133 2 144115188075855914 1 31 2 144115188075855933 1224979098644774917 4 0 33 3 144115188075855933 2352 2426 2133 2 144115188075856143 46 1 2 691 144115188075855933 5 0 2133 2 144115188075856143 46 900 1 47 3 0 5 0 33 3 1224979098644774917 113 2426 2147483679 1 113 2133 2 144115188075855933 1224979098644774917 900 1 46 3 0 3 0 


prsnt_troop_detail 0 236 5
-60.000000  24 902 1 999999 2124 1 1000 2133 2 1224979098644774912 144115188075855933 911 2 72057594037927936 194 729 2 1 -1 730 2 1 -1 926 2 72057594037927936 1 729 2 1 1002 730 2 1 1002 925 2 72057594037927936 1 1 1 678 1 2 679 1224979098644774912 1 2 680 1224979098644774912 4 0 31 2 144115188075855914 1 1 2 682 1224979098644774912 5 0 31 2 144115188075855914 2 1 1 683 3 0 4 0 30 2 144115188075856193 1 912 2 144115188075856125 1585267068834415242 3 0 
-62.000000  15 2071 1 1224979098644774912 2072 1 1224979098644774913 4 0 31 2 1224979098644774912 144115188075856976 1073741855 2 144115188075855921 1 1073741855 2 144115188075855921 2 31 2 144115188075855921 3 900 1 144115188075856143 5 0 31 2 1224979098644774912 144115188075856512 1 2 687 144115188075855933 5 0 31 2 1224979098644774912 144115188075856977 2133 2 144115188075856803 1224979098644774913 3 0 
-63.000000  1 1 1 684 
-64.000000  3 31 2 144115188075855914 2 2071 1 1224979098644774912 1 3 685 144115188075855933 1224979098644774912 
-61.000000  5 4 0 71 1 1 902 1 0 2040 1 0 3 0 


prsnt_upgrade_tree_1 0 236 3
-60.000000  53 902 1 999999 2124 1 1000 1 2 710 6 2319 1 0 910 3 72057594037927979 0 131072 729 2 1 50 730 2 1 70 926 2 72057594037927979 1 729 2 1 970 730 2 1 527 929 2 72057594037927979 1 945 1 72057594037927979 1 5 711 0 238 60 710 1 5 711 1 239 210 710 1 5 711 2 240 360 710 1 5 711 3 241 60 510 1 5 711 4 242 210 510 1 5 711 5 243 360 510 1 5 711 6 244 60 310 1 5 711 7 245 210 310 1 5 711 8 246 360 310 1 5 711 9 259 560 710 1 5 711 10 260 710 710 1 5 711 11 261 860 710 1 5 711 12 256 560 510 1 5 711 13 257 710 510 1 5 711 14 258 860 510 1 5 711 15 247 560 310 1 5 711 16 248 710 310 1 5 711 17 249 860 310 1 5 711 18 253 60 110 1 5 711 19 254 210 110 1 5 711 20 255 360 110 1 5 711 21 250 560 110 1 5 711 22 251 710 110 1 5 711 23 252 860 110 1 5 712 25 4 115 810 1 5 712 25 4 260 810 1 5 712 25 4 115 610 1 5 712 25 4 260 610 1 5 712 25 4 115 410 1 5 712 25 4 260 410 1 5 712 25 4 615 810 1 5 712 25 4 760 810 1 5 712 25 4 615 610 1 5 712 25 4 760 610 1 5 712 25 4 615 410 1 5 712 25 4 760 410 1 5 712 25 4 115 210 1 5 712 25 4 260 210 1 5 712 25 4 615 210 1 5 712 25 4 760 210 945 1 -1 
-63.000000  11 2071 1 1224979098644774912 2072 1 1224979098644774913 4 0 1073741855 2 1224979098644774912 144115188075856512 31 2 1224979098644774912 144115188075856514 947 2 144115188075856514 1224979098644774913 5 0 1073741855 2 1224979098644774912 144115188075856513 31 2 1224979098644774912 144115188075856515 947 2 144115188075856515 1224979098644774913 3 0 
-62.000000  2 2071 1 1224979098644774912 1 3 713 1224979098644774912 6 


prsnt_upgrade_tree_2 0 236 4
-60.000000  48 902 1 999999 2124 1 1000 1 2 710 7 2319 1 0 910 3 72057594037927979 0 131072 729 2 1 50 730 2 1 70 926 2 72057594037927979 1 729 2 1 970 730 2 1 527 929 2 72057594037927979 1 945 1 72057594037927979 1 5 711 0 196 60 710 1 5 711 1 197 210 710 1 5 711 2 198 360 710 1 5 711 3 199 60 510 1 5 711 4 200 210 510 1 5 711 5 201 360 510 1 5 711 6 202 60 310 1 5 711 7 203 210 310 1 5 711 8 204 360 310 1 5 711 9 205 560 710 1 5 711 10 206 710 710 1 5 711 11 207 860 710 1 5 711 12 208 560 510 1 5 711 13 209 710 510 1 5 711 14 210 860 510 1 5 711 15 211 560 310 1 5 711 16 212 710 310 1 5 711 17 213 860 310 1 5 711 18 214 60 110 1 5 711 19 215 210 110 1 5 711 20 216 360 110 1 5 712 25 4 115 810 1 5 712 25 4 260 810 1 5 712 25 4 115 610 1 5 712 25 4 260 610 1 5 712 25 4 115 410 1 5 712 25 4 260 410 1 5 712 25 4 615 810 1 5 712 25 4 760 810 1 5 712 25 4 615 610 1 5 712 25 4 760 610 1 5 712 25 4 615 410 1 5 712 25 4 760 410 1 5 712 25 4 115 210 1 5 712 25 4 260 210 945 1 -1 
-61.000000  11 4 0 71 1 1 902 1 0 5 0 71 1 57 2124 1 1000 75 1 31 726 2 72057594037927967 31 727 2 72057594037927968 31 1106 1 1585267068834414774 3 0 
-63.000000  11 2071 1 1224979098644774912 2072 1 1224979098644774913 4 0 1073741855 2 1224979098644774912 144115188075856512 31 2 1224979098644774912 144115188075856514 947 2 144115188075856514 1224979098644774913 5 0 1073741855 2 1224979098644774912 144115188075856513 31 2 1224979098644774912 144115188075856515 947 2 144115188075856515 1224979098644774913 3 0 
-62.000000  2 2071 1 1224979098644774912 1 3 713 1224979098644774912 7 


prsnt_upgrade_tree_2_1 0 236 4
-60.000000  48 902 1 999999 2124 1 1000 1 2 710 8 2319 1 0 910 3 72057594037927979 0 131072 729 2 1 50 730 2 1 70 926 2 72057594037927979 1 729 2 1 970 730 2 1 527 929 2 72057594037927979 1 945 1 72057594037927979 1 5 711 0 217 60 710 1 5 711 1 218 210 710 1 5 711 2 219 360 710 1 5 711 3 220 60 510 1 5 711 4 221 210 510 1 5 711 5 222 360 510 1 5 711 6 223 60 310 1 5 711 7 224 210 310 1 5 711 8 225 360 310 1 5 711 9 226 560 710 1 5 711 10 227 710 710 1 5 711 11 228 860 710 1 5 711 12 229 560 510 1 5 711 13 230 710 510 1 5 711 14 231 860 510 1 5 711 15 232 560 310 1 5 711 16 233 710 310 1 5 711 17 234 860 310 1 5 711 18 235 60 110 1 5 711 19 236 210 110 1 5 711 20 237 360 110 1 5 712 25 4 115 810 1 5 712 25 4 260 810 1 5 712 25 4 115 610 1 5 712 25 4 260 610 1 5 712 25 4 115 410 1 5 712 25 4 260 410 1 5 712 25 4 615 810 1 5 712 25 4 760 810 1 5 712 25 4 615 610 1 5 712 25 4 760 610 1 5 712 25 4 615 410 1 5 712 25 4 760 410 1 5 712 25 4 115 210 1 5 712 25 4 260 210 945 1 -1 
-61.000000  11 4 0 71 1 1 902 1 0 5 0 71 1 57 2124 1 1000 75 1 31 726 2 72057594037927967 31 727 2 72057594037927968 31 1106 1 1585267068834414774 3 0 
-63.000000  11 2071 1 1224979098644774912 2072 1 1224979098644774913 4 0 1073741855 2 1224979098644774912 144115188075856512 31 2 1224979098644774912 144115188075856514 947 2 144115188075856514 1224979098644774913 5 0 1073741855 2 1224979098644774912 144115188075856513 31 2 1224979098644774912 144115188075856515 947 2 144115188075856515 1224979098644774913 3 0 
-62.000000  2 2071 1 1224979098644774912 1 3 713 1224979098644774912 8 


prsnt_upgrade_tree_3 0 236 4
-60.000000  48 902 1 999999 2124 1 1000 1 2 710 9 2319 1 0 910 3 72057594037927979 0 131072 729 2 1 50 730 2 1 70 926 2 72057594037927979 1 729 2 1 970 730 2 1 527 929 2 72057594037927979 1 945 1 72057594037927979 1 5 711 0 296 60 710 1 5 711 1 297 210 710 1 5 711 2 298 360 710 1 5 711 3 299 60 510 1 5 711 4 300 210 510 1 5 711 5 301 360 510 1 5 711 6 302 60 310 1 5 711 7 303 210 310 1 5 711 8 304 360 310 1 5 711 9 305 560 710 1 5 711 10 306 710 710 1 5 711 11 307 860 710 1 5 711 12 311 560 510 1 5 711 13 312 710 510 1 5 711 14 313 860 510 1 5 711 15 314 560 310 1 5 711 16 315 710 310 1 5 711 17 316 860 310 1 5 711 18 308 60 110 1 5 711 19 309 210 110 1 5 711 20 310 360 110 1 5 712 25 4 115 810 1 5 712 25 4 260 810 1 5 712 25 4 115 610 1 5 712 25 4 260 610 1 5 712 25 4 115 410 1 5 712 25 4 260 410 1 5 712 25 4 615 810 1 5 712 25 4 760 810 1 5 712 25 4 615 610 1 5 712 25 4 760 610 1 5 712 25 4 615 410 1 5 712 25 4 760 410 1 5 712 25 4 115 210 1 5 712 25 4 260 210 945 1 -1 
-61.000000  11 4 0 71 1 1 902 1 0 5 0 71 1 57 2124 1 1000 75 1 31 726 2 72057594037927967 31 727 2 72057594037927968 31 1106 1 1585267068834414774 3 0 
-63.000000  11 2071 1 1224979098644774912 2072 1 1224979098644774913 4 0 1073741855 2 1224979098644774912 144115188075856512 31 2 1224979098644774912 144115188075856514 947 2 144115188075856514 1224979098644774913 5 0 1073741855 2 1224979098644774912 144115188075856513 31 2 1224979098644774912 144115188075856515 947 2 144115188075856515 1224979098644774913 3 0 
-62.000000  2 2071 1 1224979098644774912 1 3 713 1224979098644774912 9 


prsnt_upgrade_tree_4 0 236 4
-60.000000  54 902 1 999999 2124 1 1000 1 2 710 10 2319 1 0 910 3 72057594037927979 0 131072 729 2 1 50 730 2 1 70 926 2 72057594037927979 1 729 2 1 970 730 2 1 527 929 2 72057594037927979 1 945 1 72057594037927979 1 5 711 0 171 60 910 1 5 711 1 172 210 910 1 5 711 2 173 360 910 1 5 711 3 174 60 710 1 5 711 4 175 210 710 1 5 711 5 176 360 710 1 5 711 6 187 60 510 1 5 711 7 188 210 510 1 5 711 8 189 360 510 1 5 711 9 177 560 910 1 5 711 10 178 710 910 1 5 711 11 179 860 910 1 5 711 12 180 560 710 1 5 711 13 181 710 710 1 5 711 14 182 860 710 1 5 711 15 183 560 510 1 5 711 16 184 710 510 1 5 711 17 185 860 510 1 5 711 18 190 60 310 1 5 711 19 191 210 310 1 5 711 20 192 360 310 1 5 711 21 193 560 310 1 5 711 22 194 710 310 1 5 711 23 195 860 310 1 5 711 24 186 400 110 1 5 712 25 4 115 1010 1 5 712 25 4 260 1010 1 5 712 25 4 115 810 1 5 712 25 4 260 810 1 5 712 25 4 115 610 1 5 712 25 4 260 610 1 5 712 25 4 615 1010 1 5 712 25 4 760 1010 1 5 712 25 4 615 810 1 5 712 25 4 760 810 1 5 712 25 4 615 610 1 5 712 25 4 760 610 1 5 712 25 4 115 410 1 5 712 25 4 260 410 1 5 712 25 4 615 410 1 5 712 25 4 760 410 945 1 -1 
-61.000000  11 4 0 71 1 1 902 1 0 5 0 71 1 57 2124 1 1000 75 1 31 726 2 72057594037927967 31 727 2 72057594037927968 31 1106 1 1585267068834414774 3 0 
-63.000000  11 2071 1 1224979098644774912 2072 1 1224979098644774913 4 0 1073741855 2 1224979098644774912 144115188075856512 31 2 1224979098644774912 144115188075856514 947 2 144115188075856514 1224979098644774913 5 0 1073741855 2 1224979098644774912 144115188075856513 31 2 1224979098644774912 144115188075856515 947 2 144115188075856515 1224979098644774913 3 0 
-62.000000  2 2071 1 1224979098644774912 1 3 713 1224979098644774912 10 


prsnt_upgrade_tree_5 0 236 4
-60.000000  63 902 1 999999 2124 1 1000 1 2 710 11 2319 1 0 910 3 72057594037927979 0 131072 729 2 1 50 730 2 1 70 926 2 72057594037927979 1 729 2 1 970 730 2 1 527 929 2 72057594037927979 1 945 1 72057594037927979 1 5 711 0 371 60 910 1 5 711 1 372 210 910 1 5 711 2 373 360 910 1 5 711 3 377 60 710 1 5 711 4 378 210 710 1 5 711 5 379 360 710 1 5 711 6 380 60 510 1 5 711 7 381 210 510 1 5 711 8 382 360 510 1 5 711 9 383 560 910 1 5 711 10 384 710 910 1 5 711 11 385 860 910 1 5 711 12 386 560 710 1 5 711 13 387 710 710 1 5 711 14 388 860 710 1 5 711 15 389 560 510 1 5 711 16 390 710 510 1 5 711 17 391 860 510 1 5 711 18 374 60 310 1 5 711 19 375 210 310 1 5 711 20 376 360 310 1 5 711 21 392 560 310 1 5 711 22 393 710 310 1 5 711 23 394 860 310 1 5 711 24 395 60 110 1 5 711 25 396 210 110 1 5 711 26 397 360 110 1 5 711 27 398 560 110 1 5 711 28 399 710 110 1 5 711 29 400 860 110 1 5 712 25 4 115 1010 1 5 712 25 4 260 1010 1 5 712 25 4 115 810 1 5 712 25 4 260 810 1 5 712 25 4 115 610 1 5 712 25 4 260 610 1 5 712 25 4 615 1010 1 5 712 25 4 760 1010 1 5 712 25 4 615 810 1 5 712 25 4 760 810 1 5 712 25 4 615 610 1 5 712 25 4 760 610 1 5 712 25 4 115 410 1 5 712 25 4 260 410 1 5 712 25 4 615 410 1 5 712 25 4 760 410 1 5 712 25 4 115 210 1 5 712 25 4 260 210 1 5 712 25 4 615 210 1 5 712 25 4 760 210 945 1 -1 
-61.000000  11 4 0 71 1 1 902 1 0 5 0 71 1 57 2124 1 1000 75 1 31 726 2 72057594037927967 31 727 2 72057594037927968 31 1106 1 1585267068834414774 3 0 
-63.000000  11 2071 1 1224979098644774912 2072 1 1224979098644774913 4 0 1073741855 2 1224979098644774912 144115188075856512 31 2 1224979098644774912 144115188075856514 947 2 144115188075856514 1224979098644774913 5 0 1073741855 2 1224979098644774912 144115188075856513 31 2 1224979098644774912 144115188075856515 947 2 144115188075856515 1224979098644774913 3 0 
-62.000000  2 2071 1 1224979098644774912 1 3 713 1224979098644774912 11 


prsnt_upgrade_tree_6 0 236 4
-60.000000  78 902 1 999999 2124 1 1000 1 2 710 12 2319 1 0 910 3 72057594037927979 0 131072 729 2 1 50 730 2 1 70 926 2 72057594037927979 1 729 2 1 970 730 2 1 527 929 2 72057594037927979 1 945 1 72057594037927979 1 5 711 36 347 60 1310 1 5 711 37 348 210 1310 1 5 711 38 349 360 1310 1 5 711 30 335 60 1110 1 5 711 31 336 210 1110 1 5 711 32 337 360 1110 1 5 711 33 341 560 1110 1 5 711 34 342 710 1110 1 5 711 35 343 860 1110 1 5 711 0 317 60 910 1 5 711 1 318 210 910 1 5 711 2 319 360 910 1 5 711 3 320 60 710 1 5 711 4 321 210 710 1 5 711 5 322 360 710 1 5 711 6 323 60 510 1 5 711 7 324 210 510 1 5 711 8 325 360 510 1 5 711 9 326 560 910 1 5 711 10 327 710 910 1 5 711 11 328 860 910 1 5 711 12 329 560 710 1 5 711 13 330 710 710 1 5 711 14 331 860 710 1 5 711 15 332 560 510 1 5 711 16 333 710 510 1 5 711 17 334 860 510 1 5 711 18 338 60 310 1 5 711 19 339 210 310 1 5 711 20 340 360 310 1 5 711 21 344 560 310 1 5 711 22 345 710 310 1 5 711 23 346 860 310 1 5 711 24 350 60 110 1 5 711 25 351 210 110 1 5 711 26 352 360 110 1 5 711 27 353 560 110 1 5 711 28 354 710 110 1 5 711 29 355 860 110 1 5 712 25 4 115 1410 1 5 712 25 4 260 1410 1 5 712 25 4 115 1210 1 5 712 25 4 260 1210 1 5 712 25 4 115 1010 1 5 712 25 4 260 1010 1 5 712 25 4 115 810 1 5 712 25 4 260 810 1 5 712 25 4 115 610 1 5 712 25 4 260 610 1 5 712 25 4 615 1210 1 5 712 25 4 760 1210 1 5 712 25 4 615 1010 1 5 712 25 4 760 1010 1 5 712 25 4 615 810 1 5 712 25 4 760 810 1 5 712 25 4 615 610 1 5 712 25 4 760 610 1 5 712 25 4 115 410 1 5 712 25 4 260 410 1 5 712 25 4 615 410 1 5 712 25 4 760 410 1 5 712 25 4 115 210 1 5 712 25 4 260 210 1 5 712 25 4 615 210 1 5 712 25 4 760 210 945 1 -1 
-61.000000  11 4 0 71 1 1 902 1 0 5 0 71 1 57 2124 1 1000 75 1 31 726 2 72057594037927967 31 727 2 72057594037927968 31 1106 1 1585267068834414774 3 0 
-63.000000  11 2071 1 1224979098644774912 2072 1 1224979098644774913 4 0 1073741855 2 1224979098644774912 144115188075856512 31 2 1224979098644774912 144115188075856514 947 2 144115188075856514 1224979098644774913 5 0 1073741855 2 1224979098644774912 144115188075856513 31 2 1224979098644774912 144115188075856515 947 2 144115188075856515 1224979098644774913 3 0 
-62.000000  2 2071 1 1224979098644774912 1 3 713 1224979098644774912 12 


prsnt_upgrade_tree_7 0 236 4
-60.000000  54 902 1 999999 2124 1 1000 1 2 710 13 2319 1 0 910 3 72057594037927979 0 131072 729 2 1 50 730 2 1 70 926 2 72057594037927979 1 729 2 1 970 730 2 1 527 929 2 72057594037927979 1 945 1 72057594037927979 1 5 711 2 477 560 1510 1 5 711 37 475 60 1510 1 5 711 36 474 210 1510 1 5 711 35 472 360 1510 1 5 711 34 471 560 1310 1 5 711 33 470 710 1310 1 5 711 32 469 860 1310 1 5 711 31 473 60 1310 1 5 711 30 468 210 1310 1 5 711 29 467 360 1310 1 5 711 28 466 560 1110 1 5 711 27 465 710 1110 1 5 711 26 464 860 1110 1 5 711 25 463 60 1110 1 5 711 24 462 210 1110 1 5 711 23 461 360 1110 1 5 711 22 460 560 910 1 5 711 21 459 710 910 1 5 711 20 458 860 910 1 5 711 19 456 60 910 1 5 711 18 457 210 910 1 5 711 17 476 360 910 1 5 711 16 455 60 710 1 5 711 15 454 210 710 1 5 711 14 453 360 710 1 5 711 13 449 560 710 1 5 711 12 450 710 710 1 5 711 11 444 60 510 1 5 711 10 445 210 510 1 5 711 38 443 360 510 1 5 711 8 444 560 510 1 5 711 7 447 710 510 1 5 711 6 448 860 510 1 5 711 5 478 60 310 1 5 711 4 479 210 310 1 5 711 3 480 360 310 1 5 712 25 4 115 410 1 5 712 25 4 260 410 1 5 711 9 446 60 110 1 5 711 1 451 210 110 1 5 711 0 452 360 110 945 1 -1 
-61.000000  11 4 0 71 1 1 902 1 0 5 0 71 1 57 2124 1 1000 75 1 31 726 2 72057594037927967 31 727 2 72057594037927968 31 1106 1 1585267068834414774 3 0 
-63.000000  11 2071 1 1224979098644774912 2072 1 1224979098644774913 4 0 1073741855 2 1224979098644774912 144115188075856512 31 2 1224979098644774912 144115188075856514 947 2 144115188075856514 1224979098644774913 5 0 1073741855 2 1224979098644774912 144115188075856513 31 2 1224979098644774912 144115188075856515 947 2 144115188075856515 1224979098644774913 3 0 
-62.000000  2 2071 1 1224979098644774912 1 3 713 1224979098644774912 13 


prsnt_upgrade_tree_8 0 236 4
-60.000000  103 902 1 999999 2124 1 1000 1 2 710 14 2319 1 0 910 3 72057594037927979 0 131072 729 2 1 50 730 2 1 70 926 2 72057594037927979 1 729 2 1 970 730 2 1 527 929 2 72057594037927979 1 945 1 72057594037927979 1 5 711 63 441 60 2110 1 5 711 64 442 210 2110 1 5 711 65 439 360 2110 1 5 711 0 401 60 1910 1 5 711 1 482 210 1910 1 5 711 2 494 360 1910 1 5 711 3 402 60 1710 1 5 711 4 483 210 1710 1 5 711 5 495 360 1710 1 5 711 6 403 60 1510 1 5 711 7 484 210 1510 1 5 711 8 496 360 1510 1 5 711 60 438 560 2110 1 5 711 61 437 710 2110 1 5 711 62 440 860 2110 1 5 711 9 404 560 1910 1 5 711 10 485 710 1910 1 5 711 11 497 860 1910 1 5 711 12 405 560 1710 1 5 711 13 486 710 1710 1 5 711 14 498 860 1710 1 5 711 15 406 560 1510 1 5 711 16 487 710 1510 1 5 711 17 499 860 1510 1 5 711 18 407 60 1310 1 5 711 19 488 210 1310 1 5 711 20 500 360 1310 1 5 711 21 408 560 1310 1 5 711 22 489 710 1310 1 5 711 23 501 860 1310 1 5 711 24 409 60 1110 1 5 711 25 490 210 1110 1 5 711 26 502 360 1110 1 5 711 27 410 560 1110 1 5 711 28 491 710 1110 1 5 711 29 503 860 1110 1 5 711 30 411 60 910 1 5 711 31 492 210 910 1 5 711 32 504 360 910 1 5 711 33 412 560 910 1 5 711 34 493 710 910 1 5 711 35 505 860 910 1 5 711 36 413 60 710 1 5 711 37 414 210 710 1 5 711 38 415 360 710 1 5 711 39 416 560 710 1 5 711 40 417 710 710 1 5 711 41 418 860 710 1 5 711 42 419 60 510 1 5 711 43 420 210 510 1 5 711 44 421 360 510 1 5 711 45 422 560 510 1 5 711 46 423 710 510 1 5 711 47 424 860 510 1 5 711 48 425 60 310 1 5 711 49 426 210 310 1 5 711 50 427 360 310 1 5 711 51 428 560 310 1 5 711 52 429 710 310 1 5 711 53 430 860 310 1 5 711 54 431 60 110 1 5 711 55 432 210 110 1 5 711 56 433 360 110 1 5 711 57 434 560 110 1 5 711 58 435 710 110 1 5 711 59 436 860 110 1 5 712 25 4 115 1810 1 5 712 25 4 260 1810 1 5 712 25 4 115 2010 1 5 712 25 4 260 2010 1 5 712 25 4 115 1610 1 5 712 25 4 260 1610 1 5 712 25 4 115 1410 1 5 712 25 4 260 1410 1 5 712 25 4 115 1210 1 5 712 25 4 260 1210 1 5 712 25 4 115 1010 1 5 712 25 4 260 1010 1 5 712 25 4 615 1810 1 5 712 25 4 760 1810 1 5 712 25 4 615 2010 1 5 712 25 4 760 2010 1 5 712 25 4 615 1610 1 5 712 25 4 760 1610 1 5 712 25 4 615 1410 1 5 712 25 4 760 1410 1 5 712 25 4 615 1210 1 5 712 25 4 760 1210 1 5 712 25 4 615 1010 1 5 712 25 4 760 1010 945 1 -1 
-61.000000  11 4 0 71 1 1 902 1 0 5 0 71 1 57 2124 1 1000 75 1 31 726 2 72057594037927967 31 727 2 72057594037927968 31 1106 1 1585267068834414774 3 0 
-63.000000  11 2071 1 1224979098644774912 2072 1 1224979098644774913 4 0 1073741855 2 1224979098644774912 144115188075856512 31 2 1224979098644774912 144115188075856514 947 2 144115188075856514 1224979098644774913 5 0 1073741855 2 1224979098644774912 144115188075856513 31 2 1224979098644774912 144115188075856515 947 2 144115188075856515 1224979098644774913 3 0 
-62.000000  2 2071 1 1224979098644774912 1 3 713 1224979098644774912 14 


prsnt_upgrade_tree_9 0 236 3
-60.000000  54 902 1 999999 2124 1 1000 1 2 710 15 2319 1 0 910 3 72057594037927979 0 131072 729 2 1 50 730 2 1 70 926 2 72057594037927979 1 729 2 1 970 730 2 1 527 929 2 72057594037927979 1 945 1 72057594037927979 1 5 711 24 155 60 910 1 5 711 23 156 210 910 1 5 711 0 134 60 710 1 5 711 1 135 210 710 1 5 711 2 136 360 710 1 5 711 3 137 60 510 1 5 711 4 138 210 510 1 5 711 5 139 360 510 1 5 711 6 149 60 310 1 5 711 7 150 210 310 1 5 711 8 151 360 310 1 5 711 22 157 560 910 1 5 711 21 158 710 910 1 5 711 9 143 560 710 1 5 711 10 144 710 710 1 5 711 11 145 860 710 1 5 711 12 146 560 510 1 5 711 13 147 710 510 1 5 711 14 148 860 510 1 5 711 15 140 560 310 1 5 711 16 141 710 310 1 5 711 17 142 860 310 1 5 711 18 152 60 110 1 5 711 19 153 210 110 1 5 711 20 154 360 110 1 5 712 25 4 115 1010 1 5 712 25 4 115 810 1 5 712 25 4 260 810 1 5 712 25 4 115 610 1 5 712 25 4 260 610 1 5 712 25 4 115 410 1 5 712 25 4 260 410 1 5 712 25 4 615 1010 1 5 712 25 4 615 810 1 5 712 25 4 760 810 1 5 712 25 4 615 610 1 5 712 25 4 760 610 1 5 712 25 4 615 410 1 5 712 25 4 760 410 1 5 712 25 4 115 210 1 5 712 25 4 260 210 945 1 -1 
-63.000000  11 2071 1 1224979098644774912 2072 1 1224979098644774913 4 0 1073741855 2 1224979098644774912 144115188075856512 31 2 1224979098644774912 144115188075856514 947 2 144115188075856514 1224979098644774913 5 0 1073741855 2 1224979098644774912 144115188075856513 31 2 1224979098644774912 144115188075856515 947 2 144115188075856515 1224979098644774913 3 0 
-62.000000  2 2071 1 1224979098644774912 1 3 713 1224979098644774912 15 


prsnt_upgrade_tree_10 0 236 4
-60.000000  33 902 1 999999 2124 1 1000 1 2 710 16 2319 1 0 910 3 72057594037927979 0 131072 729 2 1 50 730 2 1 70 926 2 72057594037927979 1 729 2 1 970 730 2 1 527 929 2 72057594037927979 1 945 1 72057594037927979 1 5 711 0 168 560 310 1 5 711 1 169 710 310 1 5 711 2 170 860 310 1 5 711 3 165 60 310 1 5 711 4 166 210 310 1 5 711 5 167 360 310 1 5 711 6 162 560 110 1 5 711 7 163 710 110 1 5 711 8 164 860 110 1 5 711 9 159 60 110 1 5 711 10 160 210 110 1 5 711 11 161 360 110 1 5 712 25 4 615 410 1 5 712 25 4 760 410 1 5 712 25 4 115 410 1 5 712 25 4 260 410 1 5 712 25 4 615 210 1 5 712 25 4 760 210 1 5 712 25 4 115 210 1 5 712 25 4 260 210 945 1 -1 
-61.000000  11 4 0 71 1 1 902 1 0 5 0 71 1 57 2124 1 1000 75 1 31 726 2 72057594037927967 31 727 2 72057594037927968 31 1106 1 1585267068834414774 3 0 
-63.000000  11 2071 1 1224979098644774912 2072 1 1224979098644774913 4 0 1073741855 2 1224979098644774912 144115188075856512 31 2 1224979098644774912 144115188075856514 947 2 144115188075856514 1224979098644774913 5 0 1073741855 2 1224979098644774912 144115188075856513 31 2 1224979098644774912 144115188075856515 947 2 144115188075856515 1224979098644774913 3 0 
-62.000000  2 2071 1 1224979098644774912 1 3 713 1224979098644774912 16 


prsnt_upgrade_tree_11 0 236 3
-60.000000  60 902 1 999999 2124 1 1000 1 2 710 17 2319 1 0 910 3 72057594037927979 0 131072 729 2 1 50 730 2 1 70 926 2 72057594037927979 1 729 2 1 970 730 2 1 527 929 2 72057594037927979 1 945 1 72057594037927979 1 5 711 46 101 560 2310 1 5 711 45 66 210 2310 1 5 711 44 92 60 2310 1 5 711 43 90 210 2110 1 5 711 42 91 60 2110 1 5 711 41 86 710 2110 1 5 711 40 87 560 2110 1 5 711 39 105 710 1910 1 5 711 38 104 560 1910 1 5 711 37 103 210 1910 1 5 711 36 106 60 1910 1 5 711 35 111 560 1710 1 5 711 34 112 710 1710 1 5 711 33 77 210 1710 1 5 711 32 78 60 1710 1 5 711 28 85 60 1510 1 5 711 29 84 210 1510 1 5 711 30 69 560 1510 1 5 711 31 70 710 1510 1 5 711 24 93 60 1310 1 5 711 25 94 210 1310 1 5 711 26 81 560 1310 1 5 711 27 80 710 1310 1 5 711 0 99 60 1110 1 5 711 1 100 210 1110 1 5 711 2 73 560 1110 1 5 711 3 74 710 1110 1 5 711 4 88 60 910 1 5 711 5 89 210 910 1 5 711 6 107 560 910 1 5 711 7 110 710 910 1 5 711 8 56 60 710 1 5 711 9 57 210 710 1 5 711 14 60 560 710 1 5 711 15 61 710 710 1 5 711 10 67 60 510 1 5 711 11 102 210 510 1 5 711 16 82 560 510 1 5 711 17 83 710 510 1 5 711 12 65 60 310 1 5 711 13 68 210 310 1 5 711 18 71 560 310 1 5 711 19 72 710 310 1 5 711 20 75 60 110 1 5 711 21 76 210 110 1 5 711 22 58 560 110 1 5 711 23 59 710 110 945 1 -1 
-63.000000  11 2071 1 1224979098644774912 2072 1 1224979098644774913 4 0 1073741855 2 1224979098644774912 144115188075856512 31 2 1224979098644774912 144115188075856514 947 2 144115188075856514 1224979098644774913 5 0 1073741855 2 1224979098644774912 144115188075856513 31 2 1224979098644774912 144115188075856515 947 2 144115188075856515 1224979098644774913 3 0 
-62.000000  2 2071 1 1224979098644774912 1 3 713 1224979098644774912 17 


prsnt_upgrade_tree_12 0 236 3
-60.000000  45 902 1 999999 2124 1 1000 1 2 710 18 2319 1 0 910 3 72057594037927979 0 131072 729 2 1 50 730 2 1 70 926 2 72057594037927979 1 729 2 1 970 730 2 1 527 929 2 72057594037927979 1 945 1 72057594037927979 1 5 711 1 55 60 1510 1 5 711 2 54 210 1510 1 5 711 3 53 560 1510 1 5 711 4 52 710 1510 1 5 711 5 51 60 1310 1 5 711 6 50 210 1310 1 5 711 7 49 560 1310 1 5 711 8 39 710 1310 1 5 711 25 38 60 1110 1 5 711 26 37 210 1110 1 5 711 27 36 560 1110 1 5 711 28 34 710 1110 1 5 711 29 48 60 910 1 5 711 30 47 210 910 1 5 711 31 46 560 910 1 5 711 32 45 710 910 1 5 711 21 44 60 710 1 5 711 22 43 210 710 1 5 711 23 42 560 710 1 5 711 24 41 710 710 1 5 711 9 38 60 510 1 5 711 10 35 210 510 1 5 711 11 40 560 510 1 5 711 12 33 710 510 1 5 711 13 32 60 310 1 5 711 14 31 210 310 1 5 711 15 30 560 310 1 5 711 16 29 710 310 1 5 711 17 28 60 110 1 5 711 18 27 210 110 1 5 711 19 26 560 110 1 5 711 20 25 710 110 945 1 -1 
-63.000000  11 2071 1 1224979098644774912 2072 1 1224979098644774913 4 0 1073741855 2 1224979098644774912 144115188075856512 31 2 1224979098644774912 144115188075856514 947 2 144115188075856514 1224979098644774913 5 0 1073741855 2 1224979098644774912 144115188075856513 31 2 1224979098644774912 144115188075856515 947 2 144115188075856515 1224979098644774913 3 0 
-62.000000  2 2071 1 1224979098644774912 1 3 713 1224979098644774912 18 


prsnt_upgrade_tree_13 0 236 3
-60.000000  102 902 1 999999 2124 1 1000 1 2 710 19 2319 1 0 910 3 72057594037927979 0 131072 729 2 1 50 730 2 1 70 926 2 72057594037927979 1 729 2 1 970 730 2 1 527 929 2 72057594037927979 1 945 1 72057594037927979 1 5 711 56 551 210 1410 1 5 711 55 527 60 1410 1 5 712 25 4 115 1510 1 5 711 54 552 710 1410 1 5 711 53 528 560 1410 1 5 712 25 4 615 1510 1 5 711 52 539 210 1610 1 5 711 51 515 60 1610 1 5 712 25 4 115 1710 1 5 711 50 540 710 1610 1 5 711 49 516 560 1610 1 5 712 25 4 615 1710 1 5 711 48 541 210 1810 1 5 711 47 517 60 1810 1 5 712 25 4 115 1910 1 5 711 46 547 710 1810 1 5 711 45 523 560 1810 1 5 712 25 4 615 1910 1 5 711 44 542 210 2010 1 5 711 43 518 60 2010 1 5 712 25 4 115 2110 1 5 711 42 555 710 2010 1 5 711 41 531 560 2010 1 5 712 25 4 615 2110 1 5 711 40 545 210 2210 1 5 711 39 521 60 2210 1 5 712 25 4 115 2310 1 5 711 39 546 710 2210 1 5 711 38 522 560 2210 1 5 712 25 4 615 2310 1 5 711 37 554 210 2410 1 5 711 36 530 60 2410 1 5 712 25 4 115 2510 1 5 711 35 532 710 2410 1 5 711 34 508 560 2410 1 5 712 25 4 615 2510 1 5 711 33 533 210 2610 1 5 711 32 509 60 2610 1 5 712 25 4 115 2710 1 5 711 31 534 710 2610 1 5 711 30 510 560 2610 1 5 712 25 4 615 2710 1 5 711 29 544 210 2810 1 5 711 28 520 60 2810 1 5 712 25 4 115 2910 1 5 711 27 549 710 2810 1 5 711 26 525 560 2810 1 5 712 25 4 615 2910 1 5 711 25 535 210 3010 1 5 711 24 511 60 3010 1 5 712 25 4 115 3110 1 5 711 23 536 710 3010 1 5 711 22 512 560 3010 1 5 712 25 4 615 3110 1 5 711 60 548 210 3210 1 5 711 59 524 60 3210 1 5 712 25 4 115 3310 1 5 711 58 550 710 3210 1 5 711 57 526 560 3210 1 5 712 25 4 615 3310 1 5 711 21 537 710 1210 1 5 711 20 513 560 1210 1 5 712 25 4 615 1310 1 5 711 19 507 210 1210 1 5 711 18 506 60 1210 1 5 712 25 4 115 1310 1 5 711 17 561 60 1210 1 5 711 16 562 60 1010 1 5 711 15 560 210 1010 1 5 711 14 559 560 1010 1 5 711 13 551 710 1010 1 5 711 12 109 60 810 1 5 711 11 110 210 810 1 5 711 10 566 560 810 1 5 711 9 567 710 810 1 5 712 25 4 615 910 1 5 711 8 95 60 610 1 5 711 7 96 210 610 1 5 711 6 97 560 610 1 5 711 5 98 710 610 1 5 711 4 557 255 200 1 5 711 3 556 365 200 1 5 711 2 135 515 350 1 5 711 1 138 515 50 1 5 712 25 4 300 290 1 5 712 25 4 420 290 1 5 712 25 4 445 440 1 5 712 25 4 445 140 1 5 712 4 304 443 140 945 1 -1 
-63.000000  11 2071 1 1224979098644774912 2072 1 1224979098644774913 4 0 1073741855 2 1224979098644774912 144115188075856512 31 2 1224979098644774912 144115188075856514 947 2 144115188075856514 1224979098644774913 5 0 1073741855 2 1224979098644774912 144115188075856513 31 2 1224979098644774912 144115188075856515 947 2 144115188075856515 1224979098644774913 3 0 
-62.000000  2 2071 1 1224979098644774912 1 3 713 1224979098644774912 19 


prsnt_upgrade_tree_13_1 0 236 3
-60.000000  118 902 1 999999 2124 1 1000 1 2 710 20 2319 1 0 910 3 72057594037927979 0 131072 729 2 1 50 730 2 1 70 926 2 72057594037927979 1 729 2 1 970 730 2 1 527 929 2 72057594037927979 1 945 1 72057594037927979 1 5 712 25 4 565 2220 1 5 712 25 4 715 2220 1 5 712 25 4 115 2220 1 5 712 25 4 265 2220 1 5 711 29 618 60 2110 1 5 711 30 568 210 2110 1 5 711 31 593 360 2110 1 5 712 25 4 115 2020 1 5 712 25 4 265 2020 1 5 711 103 672 510 2110 1 5 711 104 569 660 2110 1 5 711 105 594 810 2110 1 5 712 25 4 565 2020 1 5 712 25 4 715 2020 1 5 711 106 674 60 1910 1 5 711 107 570 210 1910 1 5 711 108 595 360 1910 1 5 712 25 4 115 1820 1 5 712 25 4 265 1820 1 5 711 109 676 510 1910 1 5 711 110 571 660 1910 1 5 711 111 596 810 1910 1 5 712 25 4 565 1820 1 5 712 25 4 715 1820 1 5 711 112 678 60 1710 1 5 711 113 572 210 1710 1 5 711 114 597 360 1710 1 5 712 25 4 115 1620 1 5 712 25 4 265 1620 1 5 711 115 680 510 1710 1 5 711 116 573 660 1710 1 5 711 117 598 810 1710 1 5 712 25 4 565 1620 1 5 712 25 4 715 1620 1 5 711 118 682 60 1510 1 5 711 119 574 210 1510 1 5 711 120 599 360 1510 1 5 712 25 4 115 1420 1 5 712 25 4 265 1420 1 5 711 121 684 510 1510 1 5 711 122 575 660 1510 1 5 711 123 600 810 1510 1 5 712 25 4 565 1420 1 5 712 25 4 715 1420 1 5 711 127 688 510 1310 1 5 711 128 577 660 1310 1 5 711 129 602 810 1310 1 5 712 25 4 565 1220 1 5 712 25 4 715 1220 1 5 711 130 690 60 1310 1 5 711 131 578 210 1310 1 5 711 132 603 360 1310 1 5 712 25 4 115 1220 1 5 712 25 4 265 1220 1 5 711 133 692 510 1110 1 5 711 134 579 660 1110 1 5 711 135 604 810 1110 1 5 712 25 4 565 1020 1 5 712 25 4 715 1020 1 5 711 136 694 60 1110 1 5 711 137 580 210 1110 1 5 711 138 605 360 1110 1 5 712 25 4 115 1020 1 5 712 25 4 265 1020 1 5 711 139 696 510 910 1 5 711 140 581 660 910 1 5 711 141 606 810 910 1 5 712 25 4 565 820 1 5 712 25 4 715 820 1 5 711 142 698 60 910 1 5 711 143 582 210 910 1 5 711 144 607 360 910 1 5 712 25 4 115 820 1 5 712 25 4 265 820 1 5 711 145 700 510 710 1 5 711 146 583 660 710 1 5 711 147 608 810 710 1 5 712 25 4 565 620 1 5 712 25 4 715 620 1 5 711 148 702 60 710 1 5 711 149 584 210 710 1 5 711 150 609 360 710 1 5 712 25 4 115 620 1 5 712 25 4 265 620 1 5 711 151 704 510 510 1 5 711 152 585 660 510 1 5 711 153 610 810 510 1 5 712 25 4 565 420 1 5 712 25 4 715 420 1 5 711 154 706 60 510 1 5 711 155 586 210 510 1 5 711 156 611 360 510 1 5 712 25 4 115 420 1 5 712 25 4 265 420 1 5 711 157 708 510 310 1 5 711 158 587 660 310 1 5 711 159 612 810 310 1 5 711 160 710 60 310 1 5 711 161 588 210 310 1 5 711 162 613 360 310 1 5 712 25 4 115 220 1 5 712 25 4 265 220 1 5 711 124 686 60 110 1 5 711 125 576 210 110 1 5 711 126 601 360 110 945 1 -1 
-63.000000  11 2071 1 1224979098644774912 2072 1 1224979098644774913 4 0 1073741855 2 1224979098644774912 144115188075856512 31 2 1224979098644774912 144115188075856514 947 2 144115188075856514 1224979098644774913 5 0 1073741855 2 1224979098644774912 144115188075856513 31 2 1224979098644774912 144115188075856515 947 2 144115188075856515 1224979098644774913 3 0 
-62.000000  2 2071 1 1224979098644774912 1 3 713 1224979098644774912 20 


prsnt_upgrade_tree_14 0 236 4
-60.000000  38 902 1 999999 2124 1 1000 1 2 710 21 2319 1 0 910 3 72057594037927979 0 131072 729 2 1 50 730 2 1 70 926 2 72057594037927979 1 729 2 1 970 730 2 1 527 929 2 72057594037927979 1 945 1 72057594037927979 1 5 711 1 368 560 510 1 5 711 2 369 710 510 1 5 711 3 370 860 510 1 5 711 4 365 60 310 1 5 711 5 366 210 310 1 5 711 6 367 360 310 1 5 711 7 362 560 310 1 5 711 8 363 710 310 1 5 711 9 364 860 310 1 5 711 10 359 60 110 1 5 711 11 360 210 110 1 5 711 12 361 360 110 1 5 711 13 356 560 110 1 5 711 14 357 710 110 1 5 711 15 358 860 110 1 5 712 25 4 615 610 1 5 712 25 4 760 610 1 5 712 25 4 115 410 1 5 712 25 4 260 410 1 5 712 25 4 615 410 1 5 712 25 4 760 410 1 5 712 25 4 115 210 1 5 712 25 4 260 210 1 5 712 25 4 615 210 1 5 712 25 4 760 210 945 1 -1 
-61.000000  11 4 0 71 1 1 902 1 0 5 0 71 1 57 2124 1 1000 75 1 31 726 2 72057594037927967 31 727 2 72057594037927968 31 1106 1 1585267068834414774 3 0 
-63.000000  11 2071 1 1224979098644774912 2072 1 1224979098644774913 4 0 1073741855 2 1224979098644774912 144115188075856512 31 2 1224979098644774912 144115188075856514 947 2 144115188075856514 1224979098644774913 5 0 1073741855 2 1224979098644774912 144115188075856513 31 2 1224979098644774912 144115188075856515 947 2 144115188075856515 1224979098644774913 3 0 
-62.000000  2 2071 1 1224979098644774912 1 3 713 1224979098644774912 21 


prsnt_taragoth_lords_report 0 236 2
-60.000000  134 902 1 999999 2124 1 1000 1652 3 1224979098644774912 144115188075856848 0 910 3 72057594037927936 1585267068834415243 65540 729 2 1 80 730 2 1 655 926 2 72057594037927936 1 729 2 1 1500 730 2 1 1500 925 2 72057594037927936 1 1 3 917 1000 50 2106 2 72057594037927957 1 2133 2 1224979098644774913 72057594037927957 2133 2 1224979098644774914 72057594037927959 1 2 918 1224979098644774913 526 3 72057594037927938 113 13 2120 3 72057594037927939 72057594037927938 75 910 3 72057594037927937 1585267068834415244 75776 729 2 1 400 730 2 1 415 926 2 72057594037927937 1 729 2 1 1000 730 2 1 1000 925 2 72057594037927937 1 729 2 1 325 730 2 1 250 929 2 72057594037927937 1 921 2 72057594037927937 15785267 2133 2 1224979098644774915 35 2133 2 1224979098644774916 615 729 2 1 50 2322 2 19 1224979098644774912 910 3 72057594037927936 1585267068834415245 4 730 2 1 1224979098644774916 926 2 72057594037927936 1 2106 2 1224979098644774916 1224979098644774915 1 2 206 1224979098644774912 910 3 72057594037927937 1585267068834415246 4 730 2 1 1224979098644774916 926 2 72057594037927937 1 2106 2 1224979098644774916 1224979098644774915 520 3 1224979098644774917 1224979098644774912 178 2120 3 1224979098644774918 216172782113788581 1224979098644774917 2320 2 20 1224979098644774918 910 3 72057594037927937 1585267068834415247 4 730 2 1 1224979098644774916 926 2 72057594037927937 1 2106 2 1224979098644774916 1224979098644774915 1 1 724 910 3 72057594037927936 1585267068834415248 4 730 2 1 1224979098644774916 926 2 72057594037927936 1 2106 2 1224979098644774916 1224979098644774915 526 3 72057594037927986 113 10 910 3 72057594037927936 1585267068834415249 4 730 2 1 1224979098644774916 926 2 72057594037927936 1 2106 2 1224979098644774916 1224979098644774915 526 3 72057594037927936 113 14 526 3 72057594037927937 113 13 2320 2 1 1585267068834415250 910 3 72057594037927936 1585267068834415251 4 730 2 1 1224979098644774916 926 2 72057594037927936 1 2106 2 1224979098644774916 1224979098644774915 2133 2 72057594037927957 1224979098644774913 2133 2 72057594037927959 1224979098644774914 910 3 72057594037927936 1585267068834415252 4 730 2 1 1224979098644774916 926 2 72057594037927936 1 2106 2 1224979098644774916 1224979098644774915 526 3 1224979098644774919 113 12 2133 2 72057594037927956 1224979098644774919 910 3 72057594037927936 1585267068834415253 4 730 2 1 1224979098644774916 926 2 72057594037927936 1 2106 2 1224979098644774916 1224979098644774915 526 3 72057594037927959 113 15 2107 2 72057594037927959 20 4 0 566 3 113 11 2 2107 2 72057594037927959 2 3 0 910 3 72057594037927936 1585267068834420210 4 730 2 1 1224979098644774916 926 2 72057594037927936 1 2106 2 1224979098644774916 1224979098644774915 2340 2 25 144115188075855872 910 3 72057594037927936 1585267068834415255 4 730 2 1 1224979098644774916 926 2 72057594037927936 1 2106 2 1224979098644774916 1224979098644774915 910 3 72057594037927936 1585267068834415256 65540 729 2 1 650 730 2 1 435 926 2 72057594037927936 1 2157 2 1224979098644774920 144115188075856848 2133 2 72057594037927962 1224979098644774920 910 3 72057594037927936 1585267068834415257 4 729 2 1 585 730 2 1 405 926 2 72057594037927936 1 729 2 1 900 730 2 1 900 925 2 72057594037927936 1 911 2 72057594037927936 87 729 2 1 450 730 2 1 380 926 2 72057594037927936 1 729 2 1 500 730 2 1 500 925 2 72057594037927936 1 911 2 72057594037927936 110 729 2 1 180 730 2 1 130 926 2 72057594037927936 1 729 2 1 500 730 2 1 500 925 2 72057594037927936 1 2319 1 0 910 3 144115188075856580 0 131072 729 2 1 560 730 2 1 100 926 2 144115188075856580 1 729 2 1 400 730 2 1 300 929 2 144115188075856580 1 945 1 144115188075856580 1 4 908 144115188075856848 25 325 945 1 -1 940 3 144115188075856501 1585267068834415258 16 729 2 1 500 730 2 1 25 926 2 144115188075856501 1 
-62.000000  5 2071 1 1224979098644774912 4 0 31 2 1224979098644774912 144115188075856501 902 1 0 3 0 


prsnt_game_concepts_tutorial 0 236 2
-60.000000  23 902 1 999999 2124 1 1000 940 2 144115188075856512 216172782113788756 729 2 1 900 730 2 1 25 926 2 144115188075856512 1 911 2 72057594037927936 193 729 2 1 -1 730 2 1 -1 926 2 72057594037927936 1 729 2 1 1002 730 2 1 1002 925 2 72057594037927936 1 910 3 72057594037927937 216172782113789247 10256 729 2 1 55 730 2 1 120 926 2 72057594037927937 1 729 2 1 400 730 2 1 460 929 2 72057594037927937 1 729 2 1 1000 730 2 1 1000 925 2 72057594037927937 1 
-62.000000  6 2071 1 1224979098644774912 4 0 31 2 1224979098644774912 144115188075856512 902 1 0 2053 2 5 0 3 0 


prsnt_fief_management 0 453 3
-60.000000  253 902 1 999999 2124 1 1000 910 3 72057594037927937 1585267068834415259 16 729 2 1 500 730 2 1 685 926 2 72057594037927937 1 729 2 1 1500 730 2 1 1500 925 2 72057594037927937 1 910 3 72057594037927937 1585267068834415260 4 729 2 1 700 730 2 1 680 926 2 72057594037927937 1 921 2 72057594037927937 16746496 729 2 1 900 730 2 1 900 925 2 72057594037927937 1 940 2 72057594037927937 216172782113789079 729 2 1 500 730 2 1 23 926 2 72057594037927937 1 2133 2 144115188075856597 72057594037927937 2319 1 0 2319 1 20 2319 1 21 2319 1 23 2319 1 24 910 3 72057594037927937 0 131072 729 2 1 50 730 2 1 70 926 2 72057594037927937 1 729 2 1 860 730 2 1 527 929 2 72057594037927937 1 910 3 72057594037927936 1585267068834414755 65540 729 2 1 50 730 2 1 615 926 2 72057594037927936 1 729 2 2 1200 730 2 2 1200 925 2 72057594037927936 2 910 3 72057594037927936 1585267068834414756 65540 729 2 1 200 730 2 1 595 926 2 72057594037927936 1 729 2 2 1200 730 2 2 1200 925 2 72057594037927936 2 910 3 72057594037927936 1585267068834414757 65540 729 2 1 200 730 2 1 615 926 2 72057594037927936 1 729 2 2 1200 730 2 2 1200 925 2 72057594037927936 2 910 3 72057594037927936 1585267068834414758 65540 729 2 1 300 730 2 1 615 926 2 72057594037927936 1 729 2 2 1200 730 2 2 1200 925 2 72057594037927936 2 910 3 72057594037927936 1585267068834414759 65540 729 2 1 500 730 2 1 615 926 2 72057594037927936 1 729 2 2 1200 730 2 2 1200 925 2 72057594037927936 2 910 3 72057594037927936 1585267068834415261 65540 729 2 1 700 730 2 1 615 926 2 72057594037927936 1 729 2 2 1200 730 2 2 1200 925 2 72057594037927936 2 2133 2 1224979098644774912 1 2133 2 72057594037928001 0 7 3 1224979098644774913 21 408 521 3 1224979098644774914 1224979098644774913 7 31 2 1224979098644774914 0 2105 2 1224979098644774912 1 500 3 2087 72057594037928001 -1 500 3 2088 72057594037928001 1224979098644774913 2105 2 72057594037928001 1 3 0 729 2 1 0 2122 3 1224979098644774915 150 1224979098644774912 729 2 2 900 730 2 2 900 2133 2 1224979098644774916 0 945 1 72057594037927937 7 3 1224979098644774917 21 408 521 3 1224979098644774914 1224979098644774917 7 31 2 1224979098644774914 0 2133 2 1224979098644774918 0 911 2 72057594037927937 239 921 2 72057594037927937 0 729 2 3 180000 730 2 3 50 925 2 72057594037927937 3 729 2 3 0 2120 3 1224979098644774919 1224979098644774915 16 730 2 3 1224979098644774919 926 2 72057594037927937 3 2330 2 20 1224979098644774917 910 3 72057594037927936 1585267068834414762 4 729 2 1 1224979098644774918 730 2 1 1224979098644774915 926 2 72057594037927936 1 921 2 72057594037927936 45824 925 2 72057594037927936 2 913 3 72057594037927946 466 466 926 2 72057594037927946 1 925 2 72057594037927946 2 922 2 72057594037927946 0 921 2 72057594037927946 14540253 500 3 2087 1224979098644774916 72057594037927946 2105 2 1224979098644774916 1 2105 2 1224979098644774918 150 1602 2 72057594037927937 1224979098644774917 910 3 72057594037927936 1585267068834414749 4 730 2 1 1224979098644774915 729 2 1 1224979098644774918 926 2 72057594037927936 1 925 2 72057594037927936 2 2157 2 72057594037927937 1224979098644774917 2121 3 1224979098644774920 1224979098644774915 14 910 3 72057594037927936 1585267068834414764 4 730 2 1 1224979098644774920 729 2 1 1224979098644774918 926 2 72057594037927936 1 925 2 72057594037927936 2 2105 2 1224979098644774918 90 2319 1 10 2319 1 11 2319 1 20 2319 1 21 2133 2 1224979098644774921 0 2133 2 1224979098644774922 0 7 3 1224979098644774923 271 305 521 3 1224979098644774924 1224979098644774917 1224979098644774923 30 2 1224979098644774924 1 1 3 354 1224979098644774923 1224979098644774917 2321 2 20 0 4 0 31 2 1224979098644774923 303 521 3 1224979098644774925 1224979098644774917 305 2120 3 1224979098644774926 216172782113788659 1224979098644774925 2320 2 21 1224979098644774926 2320 2 20 1585267068834414765 3 0 4 0 2119 3 1224979098644774927 1224979098644774921 2 32 2 1224979098644774921 1 31 2 1224979098644774927 0 2320 2 10 1585267068834414766 2106 2 1224979098644774922 14 5 0 2320 2 10 1585267068834414767 3 0 2105 2 1224979098644774921 1 3 0 2120 3 1224979098644774920 1224979098644774915 1224979098644774922 910 3 72057594037927936 1585267068834414768 4 730 2 1 1224979098644774920 729 2 1 1224979098644774918 926 2 72057594037927936 1 925 2 72057594037927936 2 2105 2 1224979098644774918 210 2319 1 10 2319 1 11 2319 1 20 2133 2 1224979098644774921 0 2133 2 1224979098644774928 0 2133 2 72057594037927946 0 2270 1 1224979098644774929 6 3 1224979098644774923 271 305 521 3 1224979098644774930 1224979098644774917 109 521 3 1224979098644774931 1224979098644774917 306 1073741855 2 1224979098644774930 1224979098644774923 31 2 1224979098644774931 1224979098644774923 1 3 354 1224979098644774923 1224979098644774917 2321 2 20 0 4 0 31 2 1224979098644774923 303 521 3 1224979098644774925 1224979098644774917 305 2120 3 1224979098644774926 216172782113788659 1224979098644774925 2320 2 21 1224979098644774926 2320 2 20 1585267068834414765 3 0 4 0 31 2 1224979098644774930 1224979098644774923 521 3 72057594037927946 1224979098644774917 110 5 0 31 2 1224979098644774931 1224979098644774923 521 3 72057594037927946 1224979098644774917 307 3 0 2106 2 72057594037927946 1224979098644774929 2108 2 72057594037927946 24 2111 2 72057594037927946 1 4 0 30 2 1224979098644774921 1 2320 2 11 1585267068834414769 2106 2 1224979098644774928 14 5 0 2320 2 11 1585267068834414770 3 0 2105 2 1224979098644774921 1 3 0 2120 3 1224979098644774920 1224979098644774915 1224979098644774928 910 3 72057594037927936 1585267068834414771 4 730 2 1 1224979098644774920 729 2 1 1224979098644774918 926 2 72057594037927936 1 925 2 72057594037927936 2 2105 2 1224979098644774918 200 2319 1 30 2319 1 3 2133 2 1224979098644774921 0 2133 2 1224979098644774932 0 7 3 1224979098644774933 264 270 561 3 1224979098644774917 1224979098644774933 1 1 2 355 1224979098644774933 4 0 30 2 1224979098644774921 1 2320 2 3 1585267068834415262 2106 2 1224979098644774932 14 5 0 2320 2 3 1585267068834415263 3 0 2105 2 1224979098644774921 1 3 0 910 3 72057594037927936 1585267068834414750 4 2120 3 1224979098644774920 1224979098644774915 1224979098644774932 730 2 1 1224979098644774920 729 2 1 1224979098644774918 926 2 72057594037927936 1 925 2 72057594037927936 2 4 0 2147483678 2 1224979098644774922 1224979098644774932 2147483678 2 1224979098644774922 1224979098644774928 2105 2 1224979098644774915 1224979098644774922 5 0 2147483678 2 1224979098644774928 1224979098644774932 2147483678 2 1224979098644774928 1224979098644774922 2105 2 1224979098644774915 1224979098644774928 5 0 2105 2 1224979098644774915 1224979098644774932 3 0 2106 2 1224979098644774915 40 3 0 945 1 -1 
-62.000000  15 2071 1 1224979098644774912 4 0 31 2 1224979098644774912 144115188075856597 902 1 0 2060 1 1125 5 0 6 3 1224979098644774913 0 72057594037928001 540 3 2087 1224979098644774913 1224979098644774912 520 3 144115188075855925 2088 1224979098644774913 2133 2 144115188075855934 1124 902 1 0 2133 2 72057594037927999 0 2060 1 145 3 0 3 0 
-61.000000  12 4 0 71 1 1 902 1 0 2060 1 14 5 0 71 1 57 2124 1 1000 75 1 31 726 2 72057594037927967 31 727 2 72057594037927968 31 1106 1 1585267068834414774 3 0 


prsnt_select_auxiliar_cohort 0 0 3
-60.000000  170 902 1 999999 2124 1 1000 911 2 72057594037927936 236 729 2 1 -1 730 2 1 -1 926 2 72057594037927936 1 729 2 1 1002 730 2 1 1002 925 2 72057594037927936 1 2320 2 20 216172782113788807 4 0 33 3 144115188075855913 246 261 2121 3 1224979098644774912 144115188075855913 246 2105 2 1224979098644774912 216172782113789941 2320 2 20 1224979098644774912 3 0 910 3 72057594037927937 1585267068834415264 16 729 2 1 500 730 2 1 685 926 2 72057594037927937 1 729 2 1 1500 730 2 1 1500 925 2 72057594037927937 1 910 3 72057594037927937 1585267068834415265 16 921 2 72057594037927937 127 729 2 1 500 730 2 1 645 926 2 72057594037927937 1 729 2 1 900 730 2 1 900 925 2 72057594037927937 1 4 0 32 2 144115188075855933 0 910 3 72057594037927937 1585267068834415266 16 921 2 72057594037927937 13397248 729 2 1 600 730 2 1 600 926 2 72057594037927937 1 729 2 1 1400 730 2 1 1400 925 2 72057594037927937 1 2122 3 72057594037927938 144115188075855933 2 939 4 72057594037927937 -1 5 72057594037927938 927 2 72057594037927937 144115188075855933 729 2 1 500 730 2 1 200 926 2 72057594037927937 1 729 2 1 500 730 2 1 500 925 2 72057594037927937 1 3 0 940 2 72057594037927937 216172782113786653 729 2 1 500 730 2 1 23 926 2 72057594037927937 1 2133 2 144115188075856597 72057594037927937 2319 1 0 2319 1 20 2319 1 21 2319 1 23 2319 1 24 910 3 72057594037927937 0 131072 729 2 1 50 730 2 1 70 926 2 72057594037927937 1 729 2 1 250 730 2 1 527 929 2 72057594037927937 1 910 3 72057594037927936 1585267068834415267 4 921 2 72057594037927936 13397248 729 2 1 50 730 2 1 615 926 2 72057594037927936 1 729 2 2 1400 730 2 2 1400 925 2 72057594037927936 2 2133 2 1224979098644774913 0 7 3 1224979098644774914 246 261 500 3 2087 1224979098644774914 0 2105 2 1224979098644774913 1 3 0 729 2 1 0 2122 3 1224979098644774915 40 1224979098644774913 729 2 2 1200 730 2 2 1200 2133 2 1224979098644774914 0 945 1 72057594037927937 7 3 1224979098644774914 246 261 2133 2 1224979098644774916 0 1 2 825 1224979098644774914 910 3 72057594037927936 1585267068834415006 4 729 2 1 1224979098644774916 730 2 1 1224979098644774915 926 2 72057594037927936 1 2133 2 1224979098644774917 0 4 0 31 2 1224979098644774914 246 31 2 144115188075855933 477 2133 2 1224979098644774917 1 5 0 31 2 1224979098644774914 247 31 2 144115188075855933 453 2133 2 1224979098644774917 1 5 0 31 2 1224979098644774914 248 31 2 144115188075855933 455 2133 2 1224979098644774917 1 5 0 31 2 1224979098644774914 249 31 2 144115188075855933 457 2133 2 1224979098644774917 1 5 0 31 2 1224979098644774914 251 31 2 144115188075855933 460 2133 2 1224979098644774917 1 5 0 31 2 1224979098644774914 252 31 2 144115188075855933 462 2133 2 1224979098644774917 1 5 0 31 2 1224979098644774914 253 31 2 144115188075855933 464 2133 2 1224979098644774917 1 5 0 31 2 1224979098644774914 250 31 2 144115188075855933 458 2133 2 1224979098644774917 1 5 0 31 2 1224979098644774914 254 31 2 144115188075855933 466 2133 2 1224979098644774917 1 5 0 31 2 1224979098644774914 255 31 2 144115188075855933 468 2133 2 1224979098644774917 1 5 0 31 2 1224979098644774914 256 31 2 144115188075855933 469 2133 2 1224979098644774917 1 5 0 31 2 1224979098644774914 257 31 2 144115188075855933 470 2133 2 1224979098644774917 1 5 0 31 2 1224979098644774914 258 31 2 144115188075855933 471 2133 2 1224979098644774917 1 5 0 31 2 1224979098644774914 259 31 2 144115188075855933 472 2133 2 1224979098644774917 1 5 0 31 2 1224979098644774914 260 31 2 144115188075855933 449 2133 2 1224979098644774917 1 3 0 4 0 31 2 1224979098644774917 1 921 2 72057594037927936 3978097 3 0 925 2 72057594037927936 2 913 3 72057594037927946 466 466 926 2 72057594037927946 1 925 2 72057594037927946 2 922 2 72057594037927946 0 921 2 72057594037927946 14540253 500 3 2087 1224979098644774914 72057594037927946 2106 2 1224979098644774915 40 3 0 945 1 -1 
-62.000000  88 2071 1 1224979098644774912 4 0 31 2 1224979098644774912 144115188075856597 4 0 33 3 144115188075855913 246 261 2121 3 1224979098644774913 144115188075855913 246 2105 2 1224979098644774913 250 520 3 1224979098644774914 2090 1224979098644774913 4 0 32 2 1224979098644774914 -1 1 4 788 1224979098644774914 179 -1 1 2 849 1224979098644774914 3 0 1 4 788 0 179 144115188075855913 1 2 95 0 1675 2 0 144115188075855913 501 3 0 10 144115188075855913 4 0 33 3 144115188075855913 246 256 2121 3 1224979098644774915 144115188075855913 246 2105 2 1224979098644774915 268 1675 2 0 1224979098644774915 501 3 0 11 1224979098644774915 5 0 31 2 144115188075855913 263 1675 2 0 278 501 3 0 11 278 3 0 902 1 0 2060 1 14 5 0 1106 2 1585267068834415268 16764108 3 0 5 0 2133 2 1224979098644774916 261 7 3 1224979098644774913 246 1224979098644774916 540 3 2087 1224979098644774913 1224979098644774912 2133 2 144115188075855913 1224979098644774913 2133 2 1224979098644774916 -1 3 0 4 0 31 2 144115188075855913 246 2133 2 144115188075855933 477 5 0 31 2 144115188075855913 247 2133 2 144115188075855933 453 5 0 31 2 144115188075855913 248 2133 2 144115188075855933 455 5 0 31 2 144115188075855913 249 2133 2 144115188075855933 457 5 0 31 2 144115188075855913 251 2133 2 144115188075855933 460 5 0 31 2 144115188075855913 252 2133 2 144115188075855933 462 5 0 31 2 144115188075855913 253 2133 2 144115188075855933 464 5 0 31 2 144115188075855913 250 2133 2 144115188075855933 458 5 0 31 2 144115188075855913 254 2133 2 144115188075855933 466 5 0 31 2 144115188075855913 255 2133 2 144115188075855933 468 5 0 31 2 144115188075855913 256 2133 2 144115188075855933 469 5 0 31 2 144115188075855913 257 2133 2 144115188075855933 470 5 0 31 2 144115188075855913 258 2133 2 144115188075855933 471 5 0 31 2 144115188075855913 259 2133 2 144115188075855933 472 5 0 31 2 144115188075855913 260 2133 2 144115188075855933 449 3 0 900 1 67 3 0 
-61.000000  8 4 0 71 1 57 2124 1 1000 75 1 31 726 2 72057594037927967 31 727 2 72057594037927968 31 1106 1 1585267068834414774 3 0 


prsnt_select_legion_command 0 0 3
-60.000000  116 902 1 999999 2124 1 1000 911 2 72057594037927936 236 729 2 1 -1 730 2 1 -1 926 2 72057594037927936 1 729 2 1 1002 730 2 1 1002 925 2 72057594037927936 1 2320 2 20 216172782113788807 4 0 33 3 144115188075855913 1 12 2120 3 1224979098644774912 216172782113788582 144115188075855913 2106 2 1224979098644774912 1 2320 2 20 1224979098644774912 3 0 910 3 72057594037927937 1585267068834415269 16 729 2 1 500 730 2 1 685 926 2 72057594037927937 1 729 2 1 1500 730 2 1 1500 925 2 72057594037927937 1 910 3 72057594037927937 1585267068834415270 16 921 2 72057594037927937 127 729 2 1 500 730 2 1 645 926 2 72057594037927937 1 729 2 1 900 730 2 1 900 925 2 72057594037927937 1 4 0 32 2 144115188075855933 0 910 3 72057594037927937 1585267068834415266 16 921 2 72057594037927937 13397248 729 2 1 600 730 2 1 600 926 2 72057594037927937 1 729 2 1 1400 730 2 1 1400 925 2 72057594037927937 1 2122 3 72057594037927938 144115188075855933 2 939 4 72057594037927937 -1 5 72057594037927938 927 2 72057594037927937 144115188075855933 729 2 1 500 730 2 1 200 926 2 72057594037927937 1 729 2 1 500 730 2 1 500 925 2 72057594037927937 1 3 0 940 2 72057594037927937 216172782113786653 729 2 1 500 730 2 1 23 926 2 72057594037927937 1 2133 2 144115188075856597 72057594037927937 2319 1 0 2319 1 20 2319 1 21 2319 1 23 2319 1 24 910 3 72057594037927937 0 131072 729 2 1 50 730 2 1 70 926 2 72057594037927937 1 729 2 1 250 730 2 1 527 929 2 72057594037927937 1 910 3 72057594037927936 1585267068834415271 4 921 2 72057594037927936 13397248 729 2 1 50 730 2 1 615 926 2 72057594037927936 1 729 2 2 1400 730 2 2 1400 925 2 72057594037927936 2 2133 2 1224979098644774913 0 7 3 1224979098644774914 1 12 500 3 2087 1224979098644774914 0 2105 2 1224979098644774913 1 3 0 729 2 1 0 2122 3 1224979098644774915 40 1224979098644774913 729 2 2 1200 730 2 2 1200 945 1 72057594037927937 7 3 1224979098644774916 1 12 2133 2 1224979098644774917 0 2121 3 1224979098644774912 216172782113788582 1 2105 2 1224979098644774912 1224979098644774916 2320 2 20 1224979098644774912 910 3 72057594037927936 1585267068834414762 4 729 2 1 1224979098644774917 730 2 1 1224979098644774915 926 2 72057594037927936 1 2133 2 1224979098644774918 0 2121 3 72057594037927958 1224979098644774916 1 2120 3 1224979098644774919 482 72057594037927958 4 0 31 2 144115188075855933 1224979098644774919 2133 2 1224979098644774918 1 3 0 4 0 31 2 1224979098644774918 1 921 2 72057594037927936 3978097 3 0 925 2 72057594037927936 2 913 3 72057594037927946 466 466 926 2 72057594037927946 1 925 2 72057594037927946 2 922 2 72057594037927946 0 921 2 72057594037927946 14540253 500 3 2087 1224979098644774916 72057594037927946 2106 2 1224979098644774915 40 3 0 945 1 -1 
-62.000000  60 2071 1 1224979098644774912 4 0 31 2 1224979098644774912 144115188075856597 4 0 33 3 144115188075855913 1 12 520 3 1224979098644774913 0 179 4 0 32 2 1224979098644774913 -1 1 4 788 0 179 -1 1 3 884 1224979098644774913 144115188075856921 3 0 2120 3 1224979098644774914 215 144115188075855913 520 3 1224979098644774915 2090 1224979098644774914 4 0 32 2 1224979098644774915 -1 1 4 788 1224979098644774915 178 -1 1 2 849 1224979098644774915 2322 2 10 1224979098644774915 1105 2 1585267068834415272 15785267 1 3 208 1224979098644774915 -15 3 0 1 4 788 0 178 144115188075855913 902 1 0 2060 1 14 2121 3 1224979098644774916 233 1 2105 2 1224979098644774916 144115188075855913 2121 3 1224979098644774917 220 1 2105 2 1224979098644774917 144115188075855913 2133 2 1224979098644774918 266 4 0 31 2 144115188075855913 13 2133 2 1224979098644774918 267 3 0 501 3 0 10 1224979098644774917 501 3 0 11 1224979098644774916 501 3 0 12 1224979098644774916 501 3 0 13 1224979098644774916 501 3 0 14 1224979098644774916 501 3 0 15 1224979098644774918 1 2 95 0 1675 2 0 1224979098644774917 1675 2 0 1224979098644774916 1675 2 0 1224979098644774916 1675 2 0 1224979098644774916 1675 2 0 1224979098644774916 1675 2 0 1224979098644774918 5 0 1106 2 1585267068834415268 16764108 3 0 5 0 2133 2 1224979098644774919 12 7 3 1224979098644774914 1 1224979098644774919 540 3 2087 1224979098644774914 1224979098644774912 2133 2 144115188075855913 1224979098644774914 2133 2 1224979098644774919 -1 3 0 2121 3 144115188075855933 482 1 2105 2 144115188075855933 144115188075855913 900 1 68 3 0 
-61.000000  8 4 0 71 1 57 2124 1 1000 75 1 31 726 2 72057594037927967 31 727 2 72057594037927968 31 1106 1 1585267068834414774 3 0 


prsnt_household_management 0 0 3
-60.000000  739 902 1 999999 2124 1 1000 911 2 72057594037927936 236 729 2 1 -1 730 2 1 -1 926 2 72057594037927936 1 729 2 1 1002 730 2 1 1002 925 2 72057594037927936 1 910 3 72057594037927937 1585267068834419708 65552 729 2 1 475 730 2 1 695 926 2 72057594037927937 1 729 2 1 1500 730 2 1 1500 925 2 72057594037927937 1 921 2 72057594037927937 15785267 910 3 72057594037927937 1585267068834420383 65552 921 2 72057594037927937 127 729 2 1 620 730 2 1 695 926 2 72057594037927937 1 729 2 1 1000 730 2 1 1000 925 2 72057594037927937 1 520 3 72057594037927946 0 7 1 1 952 2133 2 72057594037927947 72057594037927936 1 1 954 2133 2 72057594037927948 72057594037927936 910 3 72057594037927937 1585267068834420384 8196 729 2 1 530 730 2 1 570 926 2 72057594037927937 1 729 2 1 900 730 2 1 900 925 2 72057594037927937 1 729 2 1 200 730 2 1 100 929 2 72057594037927937 1 910 3 72057594037927937 1585267068834419709 65552 921 2 72057594037927937 8398162 729 2 1 620 730 2 1 590 926 2 72057594037927937 1 729 2 1 1000 730 2 1 1000 925 2 72057594037927937 1 520 3 1224979098644774912 0 30 4 0 32 2 1224979098644774912 0 939 4 72057594037927936 -1 19 1224979098644774912 729 2 1 520 730 2 1 390 926 2 72057594037927936 1 729 2 1 500 730 2 1 500 925 2 72057594037927936 1 2323 2 0 1224979098644774912 910 3 72057594037927937 216172782113783815 16 729 2 1 620 730 2 1 360 926 2 72057594037927937 1 729 2 1 900 730 2 1 900 925 2 72057594037927937 1 3 0 911 2 72057594037927937 430 4 0 2147483680 2 1224979098644774912 0 950 2 72057594037927937 1585267068834419734 3 0 729 2 1 540 730 2 1 385 926 2 72057594037927937 1 729 2 1 1750 730 2 1 1850 925 2 72057594037927937 1 910 3 72057594037927937 1585267068834419735 65552 921 2 72057594037927937 127 729 2 1 620 730 2 1 330 926 2 72057594037927937 1 729 2 1 1000 730 2 1 1000 925 2 72057594037927937 1 2319 1 0 910 3 72057594037927937 0 8192 729 2 1 515 730 2 1 40 926 2 72057594037927937 1 729 2 1 220 730 2 1 280 929 2 72057594037927937 1 2133 2 1224979098644774913 25 945 1 72057594037927937 6 3 1224979098644774914 0 6 2120 3 1224979098644774915 1224979098644774914 216172782113790719 2320 2 0 1224979098644774915 910 3 72057594037927937 216172782113783815 0 729 2 1 800 730 2 1 800 925 2 72057594037927937 1 729 2 1 0 730 2 1 1224979098644774913 926 2 72057594037927937 1 2120 3 1224979098644774915 1224979098644774914 216172782113790725 2320 2 0 1224979098644774915 950 2 72057594037927937 216172782113783815 1 2 957 1224979098644774914 4 0 1073741855 2 1224979098644774914 1 31 2 1224979098644774914 0 2133 2 1224979098644774916 0 4 0 31 2 1224979098644774914 1 6 3 1224979098644774917 21 73 561 3 1224979098644774917 112 1 2105 2 1224979098644774916 1 3 0 5 0 31 2 1224979098644774914 0 520 3 1224979098644774916 2131 62 3 0 2133 2 72057594037927938 1224979098644774916 2320 2 0 1585267068834419838 5 0 2320 2 0 1585267068834419833 3 0 910 3 72057594037927937 216172782113783815 32776 4 0 1073741855 2 1224979098644774914 1 31 2 1224979098644774914 0 31 2 72057594037927936 0 921 2 72057594037927937 16724787 5 0 31 2 1224979098644774914 0 2147483678 2 72057594037927936 10 921 2 72057594037927937 13434828 5 0 31 2 1224979098644774914 1 2147483678 2 72057594037927936 5 921 2 72057594037927937 13434828 5 0 1073741855 2 1224979098644774914 1 31 2 1224979098644774914 0 921 2 72057594037927937 3407667 5 0 31 2 1224979098644774914 2 2147483680 2 72057594037927936 0 921 2 72057594037927937 3407667 5 0 31 2 1224979098644774914 2 32 2 72057594037927936 0 921 2 72057594037927937 16724787 5 0 2147483678 2 72057594037927936 0 921 2 72057594037927937 16724787 5 0 32 2 72057594037927936 0 921 2 72057594037927937 3407667 3 0 729 2 1 800 730 2 1 800 925 2 72057594037927937 1 729 2 1 220 730 2 1 1224979098644774913 926 2 72057594037927937 1 2105 2 1224979098644774913 27 3 0 910 3 72057594037927937 1585267068834419830 65536 921 2 72057594037927937 15785267 729 2 1 900 730 2 1 900 925 2 72057594037927937 1 729 2 1 0 730 2 1 1224979098644774913 2105 2 1224979098644774913 27 926 2 72057594037927937 1 2133 2 1224979098644774918 0 4 0 32 2 1224979098644774912 0 520 3 1224979098644774912 0 30 540 3 1224979098644774912 184 3 910 3 72057594037927937 1585267068834414677 0 729 2 1 800 730 2 1 800 925 2 72057594037927937 1 729 2 1 0 730 2 1 1224979098644774913 926 2 72057594037927937 1 2136 3 1224979098644774919 21000 22000 2107 2 1224979098644774919 -1 2133 2 72057594037927936 1224979098644774919 2105 2 1224979098644774918 72057594037927936 910 3 72057594037927937 216172782113786615 32776 921 2 72057594037927937 16722988 729 2 1 800 730 2 1 800 925 2 72057594037927937 1 729 2 1 220 730 2 1 1224979098644774913 926 2 72057594037927937 1 2105 2 1224979098644774913 27 3 0 4 0 32 2 144115188075855973 0 2322 2 1 144115188075855973 910 3 72057594037927937 1585267068834419740 0 729 2 1 800 730 2 1 800 925 2 72057594037927937 1 729 2 1 0 730 2 1 1224979098644774913 926 2 72057594037927937 1 2122 3 72057594037927936 1500 -1 2105 2 1224979098644774918 72057594037927936 910 3 72057594037927937 216172782113786615 32776 921 2 72057594037927937 16722988 729 2 1 800 730 2 1 800 925 2 72057594037927937 1 729 2 1 220 730 2 1 1224979098644774913 926 2 72057594037927937 1 2105 2 1224979098644774913 27 3 0 4 0 32 2 144115188075855971 0 2322 2 1 144115188075855971 910 3 72057594037927937 1585267068834419740 0 729 2 1 800 730 2 1 800 925 2 72057594037927937 1 729 2 1 0 730 2 1 1224979098644774913 926 2 72057594037927937 1 2122 3 72057594037927936 1500 -1 2105 2 1224979098644774918 72057594037927936 910 3 72057594037927937 216172782113786615 32776 921 2 72057594037927937 16722988 729 2 1 800 730 2 1 800 925 2 72057594037927937 1 729 2 1 220 730 2 1 1224979098644774913 926 2 72057594037927937 1 2105 2 1224979098644774913 27 3 0 4 0 32 2 144115188075855965 0 2322 2 1 144115188075855965 910 3 72057594037927937 1585267068834419740 0 729 2 1 800 730 2 1 800 925 2 72057594037927937 1 729 2 1 0 730 2 1 1224979098644774913 926 2 72057594037927937 1 2122 3 72057594037927936 2000 -1 2105 2 1224979098644774918 72057594037927936 910 3 72057594037927937 216172782113786615 32776 921 2 72057594037927937 16722988 729 2 1 800 730 2 1 800 925 2 72057594037927937 1 729 2 1 220 730 2 1 1224979098644774913 926 2 72057594037927937 1 2105 2 1224979098644774913 27 3 0 4 0 32 2 144115188075855985 0 2323 2 1 144115188075855985 910 3 72057594037927937 1585267068834419742 0 729 2 1 800 730 2 1 800 925 2 72057594037927937 1 729 2 1 0 730 2 1 1224979098644774913 926 2 72057594037927937 1 2122 3 72057594037927936 3000 -1 2105 2 1224979098644774918 72057594037927936 910 3 72057594037927937 216172782113786615 32776 921 2 72057594037927937 16722988 729 2 1 800 730 2 1 800 925 2 72057594037927937 1 729 2 1 220 730 2 1 1224979098644774913 926 2 72057594037927937 1 2105 2 1224979098644774913 27 3 0 4 0 2147483679 2 1224979098644774918 0 729 2 1 0 2120 3 1224979098644774920 1224979098644774913 -22 730 2 1 1224979098644774920 1 1 676 910 3 72057594037927937 1585267068834419741 65536 921 2 72057594037927937 15785267 729 2 1 900 730 2 1 900 925 2 72057594037927937 1 729 2 1 0 730 2 1 1224979098644774913 926 2 72057594037927937 1 2133 2 72057594037927936 1224979098644774918 2105 2 1224979098644774918 72057594037927936 910 3 72057594037927937 216172782113786615 32776 921 2 72057594037927937 16722988 729 2 1 900 730 2 1 900 925 2 72057594037927937 1 729 2 1 220 730 2 1 1224979098644774913 926 2 72057594037927937 1 2105 2 1224979098644774913 27 3 0 945 1 -1 910 3 72057594037927937 1585267068834419716 65552 921 2 72057594037927937 127 729 2 1 845 730 2 1 695 926 2 72057594037927937 1 729 2 1 1000 730 2 1 1000 925 2 72057594037927937 1 2319 1 0 910 3 72057594037927937 0 8192 729 2 1 745 730 2 1 40 926 2 72057594037927937 1 729 2 1 230 730 2 1 640 929 2 72057594037927937 1 2133 2 1224979098644774913 50 945 1 72057594037927937 6 3 1224979098644774921 2141 2145 2133 2 1224979098644774922 1224979098644774921 500 3 2087 1224979098644774922 -1 500 3 2088 1224979098644774922 -1 2319 1 22 2319 1 23 2133 2 1224979098644774923 0 2133 2 1224979098644774924 0 4 0 31 2 1224979098644774921 2141 2320 2 22 1585267068834419710 2320 2 23 1585267068834419728 4 0 31 2 144115188075855973 2141 2133 2 1224979098644774923 1 5 0 6 3 1224979098644774917 21 408 31 2 1224979098644774924 0 4 0 541 3 1224979098644774917 7 0 2133 2 1224979098644774924 1 5 0 521 3 1224979098644774925 1224979098644774917 263 32 2 1224979098644774925 0 132 1 1224979098644774925 2133 2 1224979098644774924 1 3 0 3 0 3 0 5 0 31 2 1224979098644774921 2142 2320 2 22 1585267068834419711 2320 2 23 1585267068834419729 4 0 31 2 144115188075855971 2142 2133 2 1224979098644774923 1 5 0 6 3 1224979098644774917 21 153 31 2 1224979098644774924 0 541 3 1224979098644774917 7 0 2133 2 1224979098644774924 1 3 0 3 0 5 0 31 2 1224979098644774921 2143 2320 2 22 1585267068834419712 2320 2 23 1585267068834419730 4 0 31 2 144115188075855965 2143 2133 2 1224979098644774923 1 5 0 6 3 1224979098644774917 21 73 31 2 1224979098644774924 0 541 3 1224979098644774917 7 0 2133 2 1224979098644774924 1 3 0 3 0 5 0 31 2 1224979098644774921 2144 2320 2 22 1585267068834416330 2320 2 23 1585267068834419731 32 2 144115188075855985 0 2133 2 1224979098644774921 144115188075855985 2133 2 1224979098644774923 1 3 0 911 2 72057594037927937 430 4 0 2147483679 2 1224979098644774923 1 950 2 72057594037927937 1585267068834415287 3 0 729 2 1 10 2121 3 1224979098644774920 1224979098644774913 -17 730 2 1 1224979098644774920 926 2 72057594037927937 1 729 2 1 1800 730 2 1 1800 925 2 72057594037927937 1 4 0 31 2 1224979098644774923 1 4 0 33 3 1224979098644774921 781 1209 2323 2 0 1224979098644774921 2320 2 22 1585267068834419714 3 0 910 3 72057594037927937 216172782113790996 16 729 2 1 115 730 2 1 1224979098644774913 2105 2 1224979098644774913 25 926 2 72057594037927937 1 729 2 1 900 730 2 1 900 925 2 72057594037927937 1 729 2 1 0 2120 3 1224979098644774926 1224979098644774913 -45 730 2 1 1224979098644774926 1 1 676 939 4 72057594037927936 -1 19 1224979098644774921 729 2 1 0 730 2 1 1224979098644774913 2105 2 1224979098644774913 180 926 2 72057594037927936 1 729 2 1 500 730 2 1 500 925 2 72057594037927936 1 4 0 31 2 1224979098644774922 2144 2320 2 22 1585267068834419722 5 0 2320 2 22 1585267068834419726 3 0 912 3 72057594037927937 216172782113790996 65552 921 2 72057594037927937 16724787 729 2 1 210 2120 3 1224979098644774926 1224979098644774913 -35 730 2 1 1224979098644774926 926 2 72057594037927937 1 729 2 1 900 730 2 1 900 925 2 72057594037927937 1 500 3 2087 1224979098644774922 72057594037927937 5 0 910 3 72057594037927937 1585267068834419715 16 729 2 1 115 730 2 1 1224979098644774913 926 2 72057594037927937 1 729 2 1 900 730 2 1 900 925 2 72057594037927937 1 2105 2 1224979098644774913 25 729 2 1 0 2120 3 1224979098644774926 1224979098644774913 -45 730 2 1 1224979098644774926 1 1 676 2105 2 1224979098644774913 180 4 0 31 2 1224979098644774924 1 912 3 72057594037927937 1585267068834419727 65552 500 3 2087 1224979098644774922 72057594037927937 921 2 72057594037927937 13434828 729 2 1 210 2120 3 1224979098644774926 1224979098644774913 -35 730 2 1 1224979098644774926 926 2 72057594037927937 1 729 2 1 1000 730 2 1 1000 925 2 72057594037927937 1 3 0 3 0 3 0 945 1 -1 910 3 72057594037927937 1585267068834419745 65552 921 2 72057594037927937 127 729 2 1 125 730 2 1 695 926 2 72057594037927937 1 729 2 1 1000 730 2 1 1000 925 2 72057594037927937 1 2319 1 0 910 3 72057594037927937 0 8192 729 2 1 10 730 2 1 40 926 2 72057594037927937 1 729 2 1 230 730 2 1 640 929 2 72057594037927937 1 2133 2 1224979098644774913 50 945 1 72057594037927937 2133 2 1224979098644774927 15 7 3 1224979098644774928 2587 2601 500 3 2087 1224979098644774928 -1 500 3 2088 1224979098644774928 -1 2106 2 1224979098644774927 1 520 3 1224979098644774929 1224979098644774928 10 911 2 72057594037927937 430 4 0 32 2 1224979098644774929 0 1 2 950 1224979098644774929 950 2 72057594037927937 216172782113783815 3 0 729 2 1 10 2121 3 1224979098644774920 1224979098644774913 -17 730 2 1 1224979098644774920 926 2 72057594037927937 1 729 2 1 1800 730 2 1 1800 925 2 72057594037927937 1 2133 2 1224979098644774924 1 4 0 32 2 1224979098644774929 0 2322 2 1 1224979098644774928 2322 2 2 1224979098644774929 910 3 72057594037927937 1585267068834419080 16 729 2 1 115 730 2 1 1224979098644774913 2105 2 1224979098644774913 25 926 2 72057594037927937 1 729 2 1 900 730 2 1 900 925 2 72057594037927937 1 729 2 1 0 2120 3 1224979098644774926 1224979098644774913 -45 730 2 1 1224979098644774926 1 1 676 939 4 72057594037927936 -1 19 1224979098644774928 729 2 1 0 730 2 1 1224979098644774913 2105 2 1224979098644774913 180 926 2 72057594037927936 1 729 2 1 500 730 2 1 500 925 2 72057594037927936 1 912 3 72057594037927937 1585267068834419750 65552 921 2 72057594037927937 16724787 729 2 1 210 2120 3 1224979098644774926 1224979098644774913 -35 730 2 1 1224979098644774926 926 2 72057594037927937 1 729 2 1 900 730 2 1 900 925 2 72057594037927937 1 500 3 2087 1224979098644774928 72057594037927937 912 3 72057594037927937 1585267068834419919 65552 921 2 72057594037927937 15785267 729 2 1 210 2120 3 1224979098644774926 1224979098644774913 -65 730 2 1 1224979098644774926 926 2 72057594037927937 1 729 2 1 900 730 2 1 900 925 2 72057594037927937 1 500 3 2088 1224979098644774928 72057594037927937 5 0 4 0 1 1 952 32 2 1224979098644774927 72057594037927936 1 2 953 1224979098644774927 2133 2 72057594037927938 1224979098644774927 2320 2 0 1585267068834420388 2133 2 1224979098644774924 0 5 0 2133 2 72057594037927938 1224979098644774927 2320 2 0 1585267068834419824 3 0 910 3 72057594037927937 216172782113783815 16 729 2 1 115 730 2 1 1224979098644774913 926 2 72057594037927937 1 729 2 1 900 730 2 1 900 925 2 72057594037927937 1 2105 2 1224979098644774913 25 729 2 1 0 2120 3 1224979098644774926 1224979098644774913 -45 730 2 1 1224979098644774926 1 1 676 2105 2 1224979098644774913 180 4 0 31 2 1224979098644774924 1 912 3 72057594037927937 1585267068834419727 65552 500 3 2087 1224979098644774928 72057594037927937 921 2 72057594037927937 13434828 729 2 1 210 2120 3 1224979098644774926 1224979098644774913 -35 730 2 1 1224979098644774926 926 2 72057594037927937 1 729 2 1 1000 730 2 1 1000 925 2 72057594037927937 1 3 0 3 0 3 0 945 1 -1 910 3 72057594037927937 1585267068834419753 65552 921 2 72057594037927937 127 729 2 1 350 730 2 1 695 926 2 72057594037927937 1 729 2 1 1000 730 2 1 1000 925 2 72057594037927937 1 2319 1 0 910 3 72057594037927937 0 8192 729 2 1 260 730 2 1 70 926 2 72057594037927937 1 729 2 1 230 730 2 1 610 929 2 72057594037927937 1 2133 2 1224979098644774913 50 945 1 72057594037927937 2133 2 1224979098644774930 7 7 3 1224979098644774931 2601 2607 500 3 2087 1224979098644774931 -1 500 3 2088 1224979098644774931 -1 2106 2 1224979098644774930 1 520 3 1224979098644774932 1224979098644774931 10 911 2 72057594037927937 430 4 0 32 2 1224979098644774932 0 1 2 950 1224979098644774932 950 2 72057594037927937 216172782113783815 3 0 729 2 1 10 2121 3 1224979098644774920 1224979098644774913 -17 730 2 1 1224979098644774920 926 2 72057594037927937 1 729 2 1 1800 730 2 1 1800 925 2 72057594037927937 1 2133 2 1224979098644774924 1 4 0 32 2 1224979098644774932 0 2322 2 1 1224979098644774931 2322 2 2 1224979098644774932 910 3 72057594037927937 1585267068834419080 16 729 2 1 115 730 2 1 1224979098644774913 2105 2 1224979098644774913 25 926 2 72057594037927937 1 729 2 1 900 730 2 1 900 925 2 72057594037927937 1 729 2 1 0 2120 3 1224979098644774926 1224979098644774913 -45 730 2 1 1224979098644774926 1 1 676 939 4 72057594037927936 -1 19 1224979098644774931 729 2 1 0 730 2 1 1224979098644774913 2105 2 1224979098644774913 180 926 2 72057594037927936 1 729 2 1 500 730 2 1 500 925 2 72057594037927936 1 912 3 72057594037927937 1585267068834419750 65552 921 2 72057594037927937 16724787 729 2 1 210 2120 3 1224979098644774926 1224979098644774913 -35 730 2 1 1224979098644774926 926 2 72057594037927937 1 729 2 1 900 730 2 1 900 925 2 72057594037927937 1 500 3 2087 1224979098644774931 72057594037927937 912 3 72057594037927937 1585267068834419919 65552 921 2 72057594037927937 15785267 729 2 1 210 2120 3 1224979098644774926 1224979098644774913 -65 730 2 1 1224979098644774926 926 2 72057594037927937 1 729 2 1 900 730 2 1 900 925 2 72057594037927937 1 500 3 2088 1224979098644774931 72057594037927937 5 0 4 0 1 1 954 32 2 1224979098644774930 72057594037927936 1 2 955 1224979098644774930 2133 2 72057594037927938 1224979098644774930 2320 2 0 1585267068834420386 2133 2 1224979098644774924 0 5 0 2133 2 72057594037927938 1224979098644774930 2320 2 0 1585267068834419824 3 0 910 3 72057594037927937 216172782113783815 16 729 2 1 115 730 2 1 1224979098644774913 926 2 72057594037927937 1 729 2 1 900 730 2 1 900 925 2 72057594037927937 1 2105 2 1224979098644774913 25 729 2 1 0 2120 3 1224979098644774926 1224979098644774913 -45 730 2 1 1224979098644774926 1 1 676 2105 2 1224979098644774913 180 4 0 31 2 1224979098644774924 1 912 3 72057594037927937 1585267068834419727 65552 500 3 2087 1224979098644774931 72057594037927937 921 2 72057594037927937 13434828 729 2 1 210 2120 3 1224979098644774926 1224979098644774913 -35 730 2 1 1224979098644774926 926 2 72057594037927937 1 729 2 1 1000 730 2 1 1000 925 2 72057594037927937 1 3 0 3 0 3 0 945 1 -1 940 2 72057594037927937 216172782113789079 729 2 1 500 730 2 1 23 926 2 72057594037927937 1 2133 2 144115188075856597 72057594037927937 
-62.000000  174 2071 1 1224979098644774912 4 0 31 2 1224979098644774912 144115188075856597 902 1 0 5 0 2133 2 1224979098644774913 1 6 3 1224979098644774914 2587 2607 540 3 2087 1224979098644774914 1224979098644774912 2133 2 1224979098644774913 0 4 0 520 3 1224979098644774915 1224979098644774914 10 4 0 32 2 1224979098644774915 0 500 3 1224979098644774914 10 0 4 0 106 1 1 1611 3 0 1224979098644774915 1 5 0 1106 2 1585267068834419756 15785267 3 0 900 1 69 5 0 33 3 1224979098644774914 2587 2601 2133 2 1224979098644774916 0 4 0 1651 2 1224979098644774917 0 32 2 1224979098644774917 0 6 3 1224979098644774918 0 1224979098644774917 1656 3 1224979098644774919 0 1224979098644774918 33 3 1224979098644774919 2146 2172 2133 2 1224979098644774917 -1 2133 2 1224979098644774916 1 3 0 3 0 4 0 31 2 1224979098644774916 0 6 3 1224979098644774920 21 408 541 3 1224979098644774920 7 0 1651 2 1224979098644774917 1224979098644774920 32 2 1224979098644774917 0 6 3 1224979098644774918 0 1224979098644774917 1656 3 1224979098644774919 1224979098644774920 1224979098644774918 33 3 1224979098644774919 2146 2172 2133 2 1224979098644774917 -1 2133 2 1224979098644774916 1 3 0 3 0 3 0 4 0 31 2 1224979098644774916 0 560 3 2131 81 1 2133 2 1224979098644774916 1 3 0 31 2 1224979098644774916 1 2133 2 144115188075855914 2 900 1 98 5 0 33 3 1224979098644774914 2601 2607 2133 2 1224979098644774916 0 4 0 1651 2 1224979098644774917 0 32 2 1224979098644774917 0 6 3 1224979098644774918 0 1224979098644774917 1656 3 1224979098644774919 0 1224979098644774918 33 3 1224979098644774919 2172 2197 2133 2 1224979098644774917 -1 2133 2 1224979098644774916 1 3 0 3 0 4 0 31 2 1224979098644774916 0 6 3 1224979098644774920 21 408 541 3 1224979098644774920 7 0 1651 2 1224979098644774917 1224979098644774920 32 2 1224979098644774917 0 6 3 1224979098644774918 0 1224979098644774917 1656 3 1224979098644774919 1224979098644774920 1224979098644774918 33 3 1224979098644774919 2172 2197 2133 2 1224979098644774917 -1 2133 2 1224979098644774916 1 3 0 3 0 3 0 4 0 31 2 1224979098644774916 0 560 3 2131 81 1 2133 2 1224979098644774916 1 3 0 31 2 1224979098644774916 1 2133 2 144115188075855914 1 900 1 98 5 0 1120 1 1585267068834420276 3 0 3 0 5 0 540 3 2088 1224979098644774914 1224979098644774912 2133 2 1224979098644774913 0 4 0 2147484189 3 0 39 1 2157 2 1224979098644774921 0 30 2 1224979098644774921 20 2133 2 1224979098644774922 860 5 0 1 1 544 2133 2 1224979098644774922 72057594037927936 3 0 1911 1 43 1261 1 1224979098644774922 1262 1 0 1263 2 2 0 1263 2 3 1224979098644774914 1910 1 1224979098644774922 2048 0 3 0 31 2 1224979098644774913 0 5 0 2133 2 1224979098644774913 1 6 3 1224979098644774923 2141 2145 540 3 2087 1224979098644774923 1224979098644774912 2133 2 1224979098644774913 0 4 0 31 2 1224979098644774923 2141 31 2 144115188075855973 2141 2133 2 144115188075855973 -1 2149 2 1224979098644774924 2086 1 2 989 1224979098644774924 1528 2 0 1224979098644774924 2322 2 22 1224979098644774923 1120 1 1585267068834419724 900 1 69 5 0 31 2 1224979098644774923 2142 31 2 144115188075855971 2142 2133 2 144115188075855971 -1 2322 2 22 1224979098644774923 1120 1 1585267068834419724 900 1 69 5 0 31 2 1224979098644774923 2143 31 2 144115188075855965 2143 2133 2 144115188075855965 -1 2322 2 22 1224979098644774923 1120 1 1585267068834419724 900 1 69 5 0 31 2 1224979098644774923 2141 2147483680 2 144115188075855973 0 1 1 1014 2322 2 22 1224979098644774923 1120 1 1585267068834419725 900 1 69 5 0 31 2 1224979098644774923 2142 2147483680 2 144115188075855971 0 1 1 1016 2322 2 22 1224979098644774923 1120 1 1585267068834419725 900 1 69 5 0 31 2 1224979098644774923 2143 2147483680 2 144115188075855965 0 1 1 1015 2322 2 22 1224979098644774923 1120 1 1585267068834419725 900 1 69 5 0 31 2 1224979098644774923 2144 32 2 144115188075855985 0 900 1 100 3 0 3 0 31 2 1224979098644774913 0 3 0 
-61.000000  12 4 0 71 1 1 902 1 0 960 1 1 5 0 71 1 57 2124 1 1000 75 1 31 726 2 72057594037927967 31 727 2 72057594037927968 31 1106 1 1585267068834414774 3 0 


prsnt_legion_management 0 0 3
-60.000000  508 902 1 999999 2124 1 1000 911 2 72057594037927936 236 729 2 1 -1 730 2 1 -1 926 2 72057594037927936 1 729 2 1 1002 730 2 1 1002 925 2 72057594037927936 1 910 3 72057594037927937 1585267068834415273 65552 729 2 1 500 730 2 1 685 926 2 72057594037927937 1 729 2 1 1500 730 2 1 1500 925 2 72057594037927937 1 921 2 72057594037927937 15785267 4 0 31 2 144115188075855922 1 31 2 144115188075856033 1 910 3 72057594037927937 1585267068834415274 16 921 2 72057594037927937 127 729 2 1 500 730 2 1 645 926 2 72057594037927937 1 729 2 1 900 730 2 1 900 925 2 72057594037927937 1 3 0 4 0 31 2 144115188075855922 0 31 2 144115188075856033 1 910 3 72057594037927937 1585267068834415275 16 921 2 72057594037927937 127 729 2 1 500 730 2 1 645 926 2 72057594037927937 1 729 2 1 900 730 2 1 900 925 2 72057594037927937 1 3 0 4 0 31 2 144115188075855922 0 31 2 144115188075856033 0 910 3 72057594037927937 1585267068834419583 16 921 2 72057594037927937 127 729 2 1 500 730 2 1 645 926 2 72057594037927937 1 729 2 1 900 730 2 1 900 925 2 72057594037927937 1 3 0 940 2 72057594037927937 216172782113789079 729 2 1 500 730 2 1 23 926 2 72057594037927937 1 2133 2 144115188075856597 72057594037927937 2319 1 0 2319 1 20 2319 1 21 2319 1 23 2319 1 24 910 3 72057594037927937 0 131072 729 2 1 50 730 2 1 70 926 2 72057594037927937 1 729 2 1 920 730 2 1 527 929 2 72057594037927937 1 910 3 72057594037927936 1585267068834415277 65540 729 2 1 50 730 2 1 615 926 2 72057594037927936 1 729 2 2 1200 730 2 2 1200 925 2 72057594037927936 2 910 3 72057594037927936 1585267068834415278 65540 729 2 1 220 730 2 1 615 926 2 72057594037927936 1 729 2 2 1200 730 2 2 1200 925 2 72057594037927936 2 910 3 72057594037927936 1585267068834414719 65540 729 2 1 425 730 2 1 615 926 2 72057594037927936 1 729 2 2 1200 730 2 2 1200 925 2 72057594037927936 2 910 3 72057594037927936 1585267068834415279 65540 729 2 1 525 730 2 1 615 926 2 72057594037927936 1 729 2 2 1200 730 2 2 1200 925 2 72057594037927936 2 910 3 72057594037927936 1585267068834415280 65540 729 2 1 645 730 2 1 615 926 2 72057594037927936 1 729 2 2 1200 730 2 2 1200 925 2 72057594037927936 2 910 3 72057594037927936 1585267068834415281 65540 729 2 1 770 730 2 1 615 926 2 72057594037927936 1 729 2 2 1200 730 2 2 1200 925 2 72057594037927936 2 2133 2 1224979098644774912 0 4 0 31 2 144115188075855922 0 2133 2 1224979098644774913 229 5 0 2133 2 1224979098644774913 227 3 0 7 3 1224979098644774914 216 230 500 3 2087 1224979098644774914 0 2122 3 1224979098644774915 1224979098644774914 2 500 3 2087 1224979098644774915 0 2122 3 1224979098644774916 1224979098644774914 3 500 3 2087 1224979098644774916 0 2147483678 2 1224979098644774914 1224979098644774913 2133 2 1224979098644774917 1 4 0 31 2 1224979098644774914 228 2147484188 3 2346 1 1 2133 2 1224979098644774917 0 3 0 31 2 1224979098644774917 1 2121 3 1224979098644774918 1224979098644774914 215 6 3 1224979098644774919 246 265 2106 2 1224979098644774919 246 2120 3 1224979098644774914 1224979098644774919 300 540 3 2090 1224979098644774914 1224979098644774918 2105 2 1224979098644774912 1 3 0 2105 2 1224979098644774912 1 3 0 729 2 1 0 2122 3 1224979098644774920 40 1224979098644774912 729 2 2 900 730 2 2 900 2133 2 1224979098644774914 0 945 1 72057594037927937 7 3 1224979098644774914 216 230 2147483678 2 1224979098644774914 1224979098644774913 2133 2 1224979098644774917 1 4 0 31 2 1224979098644774914 228 2147484188 3 2346 1 1 2133 2 1224979098644774917 0 3 0 31 2 1224979098644774917 1 2121 3 1224979098644774918 1224979098644774914 215 520 3 1224979098644774921 2090 1224979098644774914 2133 2 1224979098644774922 0 911 2 72057594037927937 239 921 2 72057594037927937 0 729 2 3 180000 730 2 3 50 925 2 72057594037927937 3 729 2 3 0 2120 3 1224979098644774923 1224979098644774920 16 730 2 3 1224979098644774923 926 2 72057594037927937 3 4 0 31 2 1224979098644774918 13 2323 2 20 2346 5 0 2120 3 1224979098644774924 1224979098644774918 216172782113788581 2320 2 20 1224979098644774924 3 0 910 3 72057594037927936 1585267068834414762 4 729 2 1 1224979098644774922 730 2 1 1224979098644774920 926 2 72057594037927936 1 921 2 72057594037927936 13403136 925 2 72057594037927936 2 2105 2 1224979098644774922 170 4 0 31 2 1224979098644774921 0 2320 2 20 1585267068834415282 5 0 32 2 1224979098644774921 0 2322 2 20 1224979098644774921 5 0 2320 2 20 216172782113788172 3 0 910 3 72057594037927936 1585267068834414762 4 730 2 1 1224979098644774920 729 2 1 1224979098644774922 926 2 72057594037927936 1 925 2 72057594037927936 2 4 0 32 2 1224979098644774921 -1 913 3 72057594037927946 466 466 926 2 72057594037927946 1 925 2 72057594037927946 2 922 2 72057594037927946 0 921 2 72057594037927946 14540253 500 3 2087 1224979098644774914 72057594037927946 3 0 2105 2 1224979098644774922 225 4 0 32 2 1224979098644774921 0 1 2 206 1224979098644774921 2320 2 20 216172782113786615 5 0 2320 2 20 216172782113788172 3 0 910 3 72057594037927937 20 4 4 0 32 2 1224979098644774921 0 1 2 206 1224979098644774921 30 2 72057594037927936 1 921 2 72057594037927937 45824 5 0 32 2 1224979098644774921 0 1 2 206 1224979098644774921 2147483678 2 72057594037927936 0 921 2 72057594037927937 16711680 3 0 730 2 1 1224979098644774920 729 2 1 1224979098644774922 926 2 72057594037927937 1 925 2 72057594037927937 2 2105 2 1224979098644774922 85 4 0 32 2 1224979098644774921 0 520 3 1224979098644774925 1224979098644774921 52 4 0 32 2 144115188075855965 0 2120 3 1224979098644774924 1224979098644774925 216172782113786203 2320 2 13 1224979098644774924 2320 2 22 1585267068834420336 5 0 2320 2 22 216172782113790997 3 0 5 0 31 2 1224979098644774921 0 1 1 922 2321 2 22 60 5 0 2320 2 22 216172782113788172 3 0 910 3 72057594037927936 216172782113790996 4 730 2 1 1224979098644774920 729 2 1 1224979098644774922 926 2 72057594037927936 1 925 2 72057594037927936 2 2105 2 1224979098644774922 115 2120 3 1224979098644774926 1224979098644774918 200 520 3 1224979098644774927 2090 1224979098644774926 4 0 2147483678 2 1224979098644774927 21 2320 2 22 216172782113788172 2133 2 1224979098644774928 -1 5 0 2330 2 22 1224979098644774927 2204 2 1224979098644774928 1224979098644774927 3 0 910 3 72057594037927936 216172782113790996 4 730 2 1 1224979098644774920 729 2 1 1224979098644774922 926 2 72057594037927936 1 925 2 72057594037927936 2 4 0 31 2 1224979098644774928 144115188075856921 921 2 72057594037927936 45824 5 0 921 2 72057594037927936 16711680 3 0 4 0 31 2 144115188075855922 0 33 3 1224979098644774927 21 153 913 3 72057594037927946 466 466 926 2 72057594037927946 1 925 2 72057594037927946 2 922 2 72057594037927946 0 921 2 72057594037927946 14540253 2122 3 1224979098644774916 1224979098644774914 3 500 3 2087 1224979098644774916 72057594037927946 3 0 2105 2 1224979098644774922 110 4 0 32 2 1224979098644774921 -1 520 3 1224979098644774929 1224979098644774921 10 4 0 2147483780 1 1224979098644774929 2320 2 22 1585267068834415283 5 0 2157 2 72057594037927940 1224979098644774929 2320 2 22 1585267068834415284 3 0 5 0 2320 2 22 216172782113788172 3 0 910 3 72057594037927936 216172782113790996 4 729 2 1 1224979098644774922 730 2 1 1224979098644774920 926 2 72057594037927936 1 925 2 72057594037927936 2 2105 2 1224979098644774922 110 4 0 32 2 1224979098644774921 -1 31 2 144115188075855922 0 2320 2 23 1585267068834415285 4 0 520 3 1224979098644774929 1224979098644774921 10 132 1 1224979098644774929 1680 2 1224979098644774930 1224979098644774929 132 1 1224979098644774930 2320 2 23 1585267068834415286 3 0 910 3 72057594037927936 1585267068834415287 4 921 2 72057594037927936 15761008 729 2 1 1224979098644774922 730 2 1 1224979098644774920 926 2 72057594037927936 1 925 2 72057594037927936 2 913 3 72057594037927946 466 466 926 2 72057594037927946 1 925 2 72057594037927946 2 922 2 72057594037927946 0 921 2 72057594037927946 14540253 2122 3 1224979098644774915 1224979098644774914 2 500 3 2087 1224979098644774915 72057594037927946 5 0 31 2 1224979098644774921 -1 31 2 144115188075855922 0 910 3 72057594037927936 1585267068834415288 4 921 2 72057594037927936 3329330 729 2 1 1224979098644774922 730 2 1 1224979098644774920 926 2 72057594037927936 1 925 2 72057594037927936 2 913 3 72057594037927946 466 466 926 2 72057594037927946 1 925 2 72057594037927946 2 922 2 72057594037927946 0 921 2 72057594037927946 14540253 500 3 2087 1224979098644774914 72057594037927946 3 0 2106 2 1224979098644774920 40 6 3 1224979098644774931 246 265 2121 3 1224979098644774919 1224979098644774931 246 2120 3 1224979098644774914 1224979098644774919 300 540 3 2090 1224979098644774914 1224979098644774918 2120 3 1224979098644774914 1224979098644774919 250 520 3 1224979098644774932 2090 1224979098644774914 2133 2 1224979098644774922 0 1 2 825 1224979098644774931 910 3 72057594037927936 1585267068834415006 4 729 2 1 1224979098644774922 730 2 1 1224979098644774920 926 2 72057594037927936 1 921 2 72057594037927936 13403136 925 2 72057594037927936 2 2105 2 1224979098644774922 170 4 0 31 2 1224979098644774931 264 540 3 2347 1 0 2320 2 20 1585267068834415289 2133 2 1224979098644774932 -1 5 0 31 2 1224979098644774931 263 540 3 2348 1 0 2320 2 20 1585267068834415289 2133 2 1224979098644774932 -1 5 0 31 2 1224979098644774932 0 2320 2 20 1585267068834415282 5 0 32 2 1224979098644774932 0 2322 2 20 1224979098644774932 5 0 2320 2 20 216172782113788172 3 0 910 3 72057594037927936 1585267068834414762 4 730 2 1 1224979098644774920 729 2 1 1224979098644774922 926 2 72057594037927936 1 925 2 72057594037927936 2 4 0 32 2 1224979098644774932 -1 913 3 72057594037927946 466 466 926 2 72057594037927946 1 925 2 72057594037927946 2 922 2 72057594037927946 0 921 2 72057594037927946 14540253 500 3 2087 1224979098644774914 72057594037927946 3 0 2105 2 1224979098644774922 225 4 0 32 2 1224979098644774932 0 1 2 206 1224979098644774932 2320 2 20 216172782113786615 5 0 2320 2 20 216172782113788172 3 0 910 3 72057594037927937 20 4 4 0 32 2 1224979098644774932 0 1 2 206 1224979098644774932 30 2 72057594037927936 1 921 2 72057594037927937 45824 5 0 32 2 1224979098644774932 0 1 2 206 1224979098644774932 2147483678 2 72057594037927936 0 921 2 72057594037927937 16711680 3 0 730 2 1 1224979098644774920 729 2 1 1224979098644774922 926 2 72057594037927937 1 925 2 72057594037927937 2 2105 2 1224979098644774922 85 4 0 32 2 1224979098644774932 0 520 3 1224979098644774925 1224979098644774932 52 4 0 32 2 144115188075855965 0 2120 3 1224979098644774924 1224979098644774925 216172782113786203 2320 2 13 1224979098644774924 2320 2 22 1585267068834420336 5 0 2320 2 22 216172782113790997 3 0 5 0 2320 2 22 216172782113788172 3 0 910 3 72057594037927936 216172782113790996 4 730 2 1 1224979098644774920 729 2 1 1224979098644774922 926 2 72057594037927936 1 925 2 72057594037927936 2 2105 2 1224979098644774922 115 2105 2 1224979098644774922 110 4 0 32 2 1224979098644774932 -1 520 3 1224979098644774929 1224979098644774932 10 4 0 2147483780 1 1224979098644774929 2320 2 22 1585267068834415283 5 0 2157 2 72057594037927940 1224979098644774929 2320 2 22 1585267068834415284 3 0 5 0 2320 2 22 216172782113788172 3 0 910 3 72057594037927936 216172782113790996 4 729 2 1 1224979098644774922 730 2 1 1224979098644774920 926 2 72057594037927936 1 925 2 72057594037927936 2 2105 2 1224979098644774922 110 4 0 32 2 1224979098644774932 -1 31 2 144115188075855922 0 2320 2 23 1585267068834415285 4 0 520 3 1224979098644774929 1224979098644774932 10 132 1 1224979098644774929 1680 2 1224979098644774930 1224979098644774929 132 1 1224979098644774930 2320 2 23 1585267068834415286 3 0 910 3 72057594037927936 1585267068834415287 4 921 2 72057594037927936 15761008 729 2 1 1224979098644774922 730 2 1 1224979098644774920 926 2 72057594037927936 1 925 2 72057594037927936 2 913 3 72057594037927946 466 466 926 2 72057594037927946 1 925 2 72057594037927946 2 922 2 72057594037927946 0 921 2 72057594037927946 14540253 2122 3 1224979098644774915 1224979098644774914 2 500 3 2087 1224979098644774915 72057594037927946 5 0 2147483679 2 1224979098644774931 264 2147483679 2 1224979098644774931 263 32 2 1224979098644774921 -1 31 2 1224979098644774932 -1 31 2 144115188075855922 0 910 4 72057594037927936 1585267068834415288 4 65536 921 2 72057594037927936 3329330 729 2 1 1224979098644774922 730 2 1 1224979098644774920 926 2 72057594037927936 1 925 2 72057594037927936 2 913 3 72057594037927946 466 466 926 2 72057594037927946 1 925 2 72057594037927946 2 922 2 72057594037927946 0 921 2 72057594037927946 14540253 500 3 2087 1224979098644774914 72057594037927946 3 0 2106 2 1224979098644774920 40 3 0 3 0 945 1 -1 
-62.000000  294 2071 1 1224979098644774912 4 0 31 2 1224979098644774912 144115188075856597 902 1 0 960 1 1 5 0 31 2 144115188075856033 1 2133 2 1224979098644774913 230 4 0 31 2 144115188075855922 0 2133 2 1224979098644774914 229 5 0 2133 2 1224979098644774914 227 3 0 2133 2 1224979098644774915 -1 2133 2 1224979098644774916 -1 2133 2 1224979098644774917 -1 6 3 1224979098644774918 216 1224979098644774913 2147483678 2 1224979098644774918 1224979098644774914 2133 2 1224979098644774919 1 4 0 31 2 1224979098644774918 228 2147484188 3 2346 1 1 2133 2 1224979098644774919 0 3 0 31 2 1224979098644774919 1 4 0 540 3 2087 1224979098644774918 1224979098644774912 2121 3 144115188075855928 1224979098644774918 215 520 3 1224979098644774916 2090 1224979098644774918 2133 2 1224979098644774913 -1 5 0 2122 3 1224979098644774920 2 1224979098644774918 540 3 2087 1224979098644774920 1224979098644774912 2121 3 144115188075855928 1224979098644774918 215 520 3 1224979098644774916 2090 1224979098644774918 2133 2 1224979098644774913 -1 2133 2 1224979098644774915 1 5 0 2122 3 1224979098644774921 3 1224979098644774918 540 3 2087 1224979098644774921 1224979098644774912 2121 3 144115188075855928 1224979098644774918 215 2120 3 1224979098644774922 200 144115188075855928 520 3 1224979098644774917 2090 1224979098644774922 2133 2 1224979098644774913 -1 2133 2 1224979098644774915 1 3 0 3 0 31 2 1224979098644774913 -1 4 0 33 3 1224979098644774917 21 153 2133 2 144115188075855921 1224979098644774917 900 1 73 1106 2 1585267068834415290 15785267 1106 2 1585267068834415290 15785267 5 0 32 2 1224979098644774916 -1 31 2 1224979098644774915 1 4 0 520 3 1224979098644774923 1224979098644774916 10 132 1 1224979098644774923 1680 2 1224979098644774924 1224979098644774923 132 1 1224979098644774924 1106 2 1585267068834415291 15785267 5 0 2133 2 1224979098644774913 265 6 3 1224979098644774925 246 1224979098644774913 2106 2 1224979098644774925 246 2120 3 1224979098644774918 1224979098644774925 300 540 3 2090 1224979098644774918 144115188075855928 2120 3 1224979098644774918 1224979098644774925 250 520 3 1224979098644774926 2090 1224979098644774918 520 3 1224979098644774923 1224979098644774926 10 132 1 1224979098644774923 1680 2 1224979098644774924 1224979098644774923 132 1 1224979098644774924 2105 2 1224979098644774925 216172782113789941 4 0 31 2 1224979098644774925 216172782113789959 2322 2 1 2347 5 0 31 2 1224979098644774925 216172782113789958 2322 2 1 2348 3 0 2320 2 23 1224979098644774925 1105 2 1585267068834415292 15785267 2133 2 1224979098644774913 -1 3 0 31 2 1224979098644774913 -1 5 0 1 4 788 1224979098644774916 178 -1 4 0 540 3 1224979098644774916 52 1 1 3 208 1224979098644774916 -30 5 0 540 3 1224979098644774916 52 2 1 3 208 1224979098644774916 -30 5 0 540 3 1224979098644774916 52 3 1 3 208 1224979098644774916 -25 5 0 540 3 1224979098644774916 52 4 1 3 208 1224979098644774916 -25 5 0 540 3 1224979098644774916 52 5 1 3 208 1224979098644774916 -20 5 0 540 3 1224979098644774916 52 6 1 3 208 1224979098644774916 -15 5 0 540 3 1224979098644774916 52 7 1 3 208 1224979098644774916 -22 5 0 1 3 208 1224979098644774916 -26 3 0 2322 2 49 1224979098644774916 1106 1 1585267068834415293 1 2 849 1224979098644774916 2120 3 1224979098644774927 215 144115188075855928 500 3 2090 1224979098644774927 -1 4 0 31 2 144115188075855928 13 540 3 2346 1 1 2323 2 52 2346 5 0 2120 3 1224979098644774928 216172782113788581 144115188075855928 2320 2 52 1224979098644774928 3 0 1105 1 1585267068834415294 6 3 1224979098644774925 246 265 2106 2 1224979098644774925 246 2120 3 1224979098644774918 1224979098644774925 300 540 3 2090 1224979098644774918 144115188075855928 2120 3 1224979098644774918 1224979098644774925 250 520 3 1224979098644774926 2090 1224979098644774918 500 3 2090 1224979098644774918 -1 4 0 33 3 1224979098644774926 781 1051 1 4 788 1224979098644774926 179 -1 4 0 540 3 1224979098644774926 52 1 1 3 208 1224979098644774926 -30 5 0 540 3 1224979098644774926 52 2 1 3 208 1224979098644774926 -30 5 0 540 3 1224979098644774926 52 3 1 3 208 1224979098644774926 -25 5 0 540 3 1224979098644774926 52 4 1 3 208 1224979098644774926 -25 5 0 540 3 1224979098644774926 52 5 1 3 208 1224979098644774926 -20 5 0 540 3 1224979098644774926 52 6 1 3 208 1224979098644774926 -15 5 0 540 3 1224979098644774926 52 7 1 3 208 1224979098644774926 -22 5 0 1 3 208 1224979098644774926 -26 3 0 2322 2 49 1224979098644774926 1106 1 1585267068834415293 1 2 849 1224979098644774926 3 0 2105 2 1224979098644774925 216172782113789941 4 0 31 2 1224979098644774925 216172782113789959 2322 2 1 2347 5 0 31 2 1224979098644774925 216172782113789958 2322 2 1 2348 3 0 2320 2 23 1224979098644774925 1105 1 1585267068834415295 3 0 3 0 900 1 70 5 0 32 2 1224979098644774916 -1 520 3 1224979098644774923 1224979098644774916 10 4 0 2147483780 1 1224979098644774923 900 1 71 5 0 1680 2 1224979098644774924 1224979098644774923 2147483780 1 1224979098644774924 900 1 71 5 0 1106 2 1585267068834415296 16724787 3 0 5 0 900 1 71 3 0 5 0 31 2 144115188075856033 1 2133 2 1224979098644774913 270 4 0 31 2 144115188075855922 0 2133 2 1224979098644774914 269 5 0 2133 2 1224979098644774914 265 3 0 2133 2 1224979098644774915 -1 2133 2 1224979098644774929 -1 2133 2 1224979098644774917 -1 6 3 1224979098644774918 250 1224979098644774913 2147483678 2 1224979098644774918 1224979098644774914 2133 2 1224979098644774919 1 4 0 31 2 1224979098644774918 268 2147484188 3 2346 1 1 2133 2 1224979098644774919 0 3 0 31 2 1224979098644774919 1 4 0 540 3 2087 1224979098644774918 1224979098644774912 2121 3 144115188075855928 1224979098644774918 250 520 3 1224979098644774929 2090 1224979098644774918 2133 2 1224979098644774913 -1 5 0 2122 3 1224979098644774920 2 1224979098644774918 540 3 2087 1224979098644774920 1224979098644774912 2121 3 144115188075855928 1224979098644774918 250 520 3 1224979098644774929 2090 1224979098644774918 2133 2 1224979098644774913 -1 2133 2 1224979098644774915 1 3 0 3 0 31 2 1224979098644774913 -1 4 0 32 2 1224979098644774929 -1 31 2 1224979098644774915 1 4 0 520 3 1224979098644774923 1224979098644774929 10 132 1 1224979098644774923 1680 2 1224979098644774924 1224979098644774923 132 1 1224979098644774924 1106 2 1585267068834415297 15785267 5 0 1 4 788 1224979098644774929 178 -1 4 0 540 3 1224979098644774929 52 1 1 3 208 1224979098644774929 -30 5 0 540 3 1224979098644774929 52 2 1 3 208 1224979098644774929 -30 5 0 540 3 1224979098644774929 52 3 1 3 208 1224979098644774929 -25 5 0 540 3 1224979098644774929 52 4 1 3 208 1224979098644774929 -25 5 0 540 3 1224979098644774929 52 5 1 3 208 1224979098644774929 -20 5 0 540 3 1224979098644774929 52 6 1 3 208 1224979098644774929 -15 5 0 540 3 1224979098644774929 52 7 1 3 208 1224979098644774929 -22 5 0 1 3 208 1224979098644774929 -26 3 0 2322 2 49 1224979098644774929 1106 1 1585267068834415293 1 2 849 1224979098644774929 2120 3 1224979098644774930 250 144115188075855928 500 3 2090 1224979098644774930 -1 2120 3 1224979098644774931 144115188075855928 246 1 2 825 1224979098644774931 1105 1 1585267068834415298 900 1 70 3 0 5 0 32 2 1224979098644774929 -1 520 3 1224979098644774923 1224979098644774929 10 4 0 2147483780 1 1224979098644774923 900 1 72 5 0 1680 2 1224979098644774924 1224979098644774923 2147483780 1 1224979098644774924 900 1 72 5 0 1106 2 1585267068834415299 16724787 3 0 5 0 900 1 72 3 0 3 0 
-61.000000  12 4 0 71 1 1 902 1 0 960 1 1 5 0 71 1 57 2124 1 1000 75 1 31 726 2 72057594037927967 31 727 2 72057594037927968 31 1106 1 1585267068834414774 3 0 


prsnt_legion_selection 0 0 3
-60.000000  274 902 1 999999 2124 1 1000 911 2 72057594037927936 236 729 2 1 -1 730 2 1 -1 926 2 72057594037927936 1 729 2 1 1002 730 2 1 1002 925 2 72057594037927936 1 2133 2 1224979098644774912 0 4 0 31 2 144115188075855922 0 2133 2 1224979098644774913 781 5 0 2133 2 1224979098644774913 780 3 0 6 3 1224979098644774914 1224979098644774913 1051 500 3 2088 1224979098644774914 0 4 0 31 2 1224979098644774914 780 2133 2 1224979098644774914 0 2133 2 1224979098644774915 144115188075856921 5 0 2173 2 1224979098644774915 1224979098644774914 3 0 2133 2 1224979098644774916 0 4 0 31 2 1224979098644774915 144115188075856921 540 3 1224979098644774914 2 2 2147484208 3 1224979098644774914 178 1 2147484208 3 1224979098644774914 179 1 2147484208 3 1224979098644774914 177 1 2133 2 1224979098644774916 1 5 0 31 2 144115188075855922 0 110 1 1224979098644774914 2147483679 2 1224979098644774914 815 1 2 173 1224979098644774914 31 2 72057594037927936 0 2147484188 3 1224979098644774914 82 7 2147484188 3 1224979098644774914 82 6 2147484188 3 1224979098644774914 2 2 2147483681 3 1224979098644774914 846 1051 2147483681 3 1224979098644774914 823 846 2147483681 3 1224979098644774914 1051 1209 2133 2 1224979098644774916 1 3 0 31 2 1224979098644774916 1 2105 2 1224979098644774912 1 3 0 2120 3 1224979098644774917 144115188075855928 216172782113788581 2320 2 22 1224979098644774917 2120 3 1224979098644774918 200 144115188075855928 520 3 144115188075855921 2090 1224979098644774918 4 0 32 2 144115188075855921 0 2330 2 20 144115188075855921 2320 2 23 1585267068834415300 5 0 2320 2 23 1585267068834415301 3 0 2120 3 1224979098644774919 215 144115188075855928 520 3 144115188075855933 2090 1224979098644774919 4 0 32 2 144115188075855933 0 2322 2 20 144115188075855933 2320 2 21 1585267068834415302 5 0 31 2 144115188075855933 0 2320 2 21 1585267068834415303 5 0 2320 2 21 1585267068834415304 3 0 4 0 31 2 144115188075855922 0 910 3 72057594037927937 1585267068834415305 16 729 2 1 1100 730 2 1 1100 925 2 72057594037927937 1 5 0 520 3 1224979098644774920 0 6 2133 2 72057594037927959 1224979098644774920 910 3 72057594037927937 1585267068834415306 16 729 2 1 900 730 2 1 900 925 2 72057594037927937 1 3 0 729 2 1 550 730 2 1 680 926 2 72057594037927937 1 4 0 32 2 144115188075855933 -1 520 3 1224979098644774921 144115188075855933 52 4 0 32 2 144115188075855965 0 2120 3 1224979098644774917 1224979098644774921 216172782113786203 2320 2 13 1224979098644774917 2320 2 22 1585267068834420337 5 0 2320 2 22 216172782113790997 3 0 1 2 206 144115188075855933 2133 2 72057594037927956 72057594037927936 910 3 72057594037927937 1585267068834420338 16 729 2 1 550 730 2 1 655 926 2 72057594037927937 1 729 2 1 1100 730 2 1 1100 925 2 72057594037927937 1 3 0 4 0 32 2 144115188075855933 -1 939 4 72057594037927936 -1 19 144115188075855933 729 2 1 10 730 2 1 540 926 2 72057594037927936 1 729 2 1 500 730 2 1 500 925 2 72057594037927936 1 3 0 910 3 72057594037927937 1585267068834415308 16 729 2 1 550 730 2 1 620 926 2 72057594037927937 1 921 2 72057594037927937 3375359 729 2 1 900 730 2 1 900 925 2 72057594037927937 1 940 2 72057594037927937 216172782113789079 729 2 1 500 730 2 1 23 926 2 72057594037927937 1 2133 2 144115188075856597 72057594037927937 911 2 72057594037927937 239 921 2 72057594037927937 0 729 2 3 200000 730 2 3 50 925 2 72057594037927937 3 729 2 3 0 730 2 3 530 926 2 72057594037927937 3 910 3 72057594037927937 1585267068834415309 4 729 2 1 25 730 2 1 510 926 2 72057594037927937 1 921 2 72057594037927937 127 729 2 1 900 730 2 1 900 925 2 72057594037927937 1 2319 1 0 910 3 72057594037927937 0 131072 729 2 1 50 730 2 1 50 926 2 72057594037927937 1 729 2 1 900 730 2 1 450 929 2 72057594037927937 1 2123 3 1224979098644774922 1224979098644774912 4 2107 2 1224979098644774922 250 2133 2 1224979098644774923 20 729 2 2 900 730 2 2 900 945 1 72057594037927937 6 3 1224979098644774914 1224979098644774913 1051 1 2 902 1224979098644774914 4 0 31 2 1224979098644774914 780 2133 2 1224979098644774914 0 2133 2 1224979098644774915 144115188075856921 5 0 2173 2 1224979098644774915 1224979098644774914 3 0 2133 2 1224979098644774916 0 4 0 31 2 1224979098644774915 144115188075856921 540 3 1224979098644774914 2 2 2147484208 3 1224979098644774914 178 1 2147484208 3 1224979098644774914 179 1 2147484208 3 1224979098644774914 177 1 2133 2 1224979098644774916 1 5 0 31 2 144115188075855922 0 110 1 1224979098644774914 2147483679 2 1224979098644774914 815 1 2 173 1224979098644774914 31 2 72057594037927936 0 2147484188 3 1224979098644774914 82 7 2147484188 3 1224979098644774914 82 6 2147484188 3 1224979098644774914 2 2 2147483681 3 1224979098644774914 846 1051 2147483681 3 1224979098644774914 823 846 2147483681 3 1224979098644774914 1051 1209 2133 2 1224979098644774916 1 3 0 31 2 1224979098644774916 1 4 0 32 2 1224979098644774923 920 2133 2 1224979098644774923 0 2106 2 1224979098644774922 220 3 0 500 3 2131 39 1 939 4 72057594037927936 -1 19 1224979098644774914 729 2 1 1224979098644774923 730 2 1 1224979098644774922 926 2 72057594037927936 1 729 2 3 500 730 2 3 500 925 2 72057594037927936 3 913 3 72057594037927946 466 466 926 2 72057594037927946 1 729 2 3 1000 730 2 3 2000 925 2 72057594037927946 3 922 2 72057594037927946 0 921 2 72057594037927946 14540253 500 3 2088 1224979098644774914 72057594037927946 4 0 2147483679 2 1224979098644774914 0 2322 2 22 1224979098644774914 1 2 206 1224979098644774914 2133 2 72057594037927956 72057594037927936 910 3 72057594037927937 1585267068834415310 4 729 2 1 1224979098644774923 2121 3 1224979098644774924 1224979098644774922 20 730 2 1 1224979098644774924 926 2 72057594037927937 1 925 2 72057594037927937 2 5 0 2322 2 22 1224979098644774914 910 3 72057594037927937 1585267068834415282 4 729 2 1 1224979098644774923 2121 3 1224979098644774924 1224979098644774922 20 730 2 1 1224979098644774924 926 2 72057594037927937 1 925 2 72057594037927937 2 3 0 4 0 2147483679 2 1224979098644774914 0 520 3 1224979098644774921 1224979098644774914 52 4 0 32 2 144115188075855965 0 2120 3 1224979098644774917 1224979098644774921 216172782113786203 2320 2 13 1224979098644774917 2320 2 22 1585267068834420336 5 0 2320 2 22 216172782113790997 3 0 910 3 72057594037927937 216172782113790996 4 729 2 1 1224979098644774923 2121 3 1224979098644774924 1224979098644774922 40 730 2 1 1224979098644774924 926 2 72057594037927937 1 925 2 72057594037927937 2 3 0 4 0 31 2 144115188075855922 1 1 4 799 1224979098644774914 5 0 910 3 72057594037927937 1585267068834415312 4 4 0 32 2 1224979098644774920 72057594037927936 921 2 72057594037927937 45824 5 0 921 2 72057594037927937 16711680 3 0 729 2 1 1224979098644774923 2121 3 1224979098644774924 1224979098644774922 80 730 2 1 1224979098644774924 926 2 72057594037927937 1 925 2 72057594037927937 2 3 0 2105 2 1224979098644774923 230 3 0 945 1 -1 
-62.000000  267 2071 1 1224979098644774912 4 0 31 2 1224979098644774912 144115188075856597 500 3 2131 39 0 900 1 70 5 0 31 2 144115188075855922 1 2133 2 1224979098644774913 1051 2133 2 1224979098644774914 -1 4 0 31 2 144115188075855922 0 2133 2 1224979098644774915 781 5 0 2133 2 1224979098644774915 780 3 0 6 3 1224979098644774916 1224979098644774915 1224979098644774913 4 0 31 2 1224979098644774916 780 2133 2 1224979098644774916 0 3 0 540 3 2088 1224979098644774916 1224979098644774912 2133 2 1224979098644774914 1224979098644774916 2133 2 1224979098644774913 -1 3 0 1073741855 2 1224979098644774914 0 33 3 1224979098644774914 781 1051 1 4 799 1224979098644774914 5 0 2133 2 1224979098644774917 72057594037927936 4 0 560 3 0 6 1224979098644774917 31 2 1224979098644774913 -1 4 0 32 2 144115188075855933 1 1 4 788 144115188075855933 178 -1 4 0 540 3 144115188075855933 52 1 1 3 208 144115188075855933 -30 5 0 540 3 144115188075855933 52 2 1 3 208 144115188075855933 -30 5 0 540 3 144115188075855933 52 3 1 3 208 144115188075855933 -25 5 0 540 3 144115188075855933 52 4 1 3 208 144115188075855933 -25 5 0 540 3 144115188075855933 52 5 1 3 208 144115188075855933 -20 5 0 540 3 144115188075855933 52 6 1 3 208 144115188075855933 -15 5 0 540 3 144115188075855933 52 7 1 3 208 144115188075855933 -22 5 0 1 3 208 144115188075855933 -26 3 0 1 5 740 144115188075855933 -1 10 0 2322 2 49 144115188075855933 1106 1 1585267068834415293 1 2 849 144115188075855933 3 0 2133 2 72057594037927995 1 4 0 31 2 144115188075855928 13 4 0 540 3 2346 1 1 2323 2 52 2346 5 0 2133 2 72057594037927995 0 3 0 5 0 2120 3 1224979098644774918 216172782113788581 144115188075855928 2320 2 52 1224979098644774918 3 0 31 2 72057594037927995 1 2322 2 51 1224979098644774914 1105 1 1585267068834415313 1 4 788 1224979098644774914 177 -1 1 4 788 1224979098644774914 179 -1 1 4 788 1224979098644774914 178 144115188075855928 1 2 849 1224979098644774914 4 0 540 3 1224979098644774914 52 1 1 3 208 1224979098644774914 56 5 0 540 3 1224979098644774914 52 2 1 3 208 1224979098644774914 35 5 0 540 3 1224979098644774914 52 3 1 3 208 1224979098644774914 42 5 0 540 3 1224979098644774914 52 4 1 3 208 1224979098644774914 40 5 0 540 3 1224979098644774914 52 5 1 3 208 1224979098644774914 45 5 0 540 3 1224979098644774914 52 6 1 3 208 1224979098644774914 50 5 0 540 3 1224979098644774914 52 7 1 3 208 1224979098644774914 52 5 0 1 3 208 1224979098644774914 43 3 0 2107 2 1224979098644774917 -1 1 3 800 0 1224979098644774917 2272 1 1224979098644774919 2105 2 1224979098644774919 2 500 3 144115188075855893 184 1224979098644774919 960 1 1 902 1 0 5 0 1106 2 216172782113789563 16764108 3 0 5 0 2133 2 1224979098644774913 1051 2133 2 1224979098644774914 -1 6 3 1224979098644774916 781 1224979098644774913 540 3 2088 1224979098644774916 1224979098644774912 2133 2 1224979098644774914 1224979098644774916 2133 2 1224979098644774913 -1 3 0 33 3 1224979098644774914 781 1051 31 2 1224979098644774913 -1 4 0 32 2 144115188075855933 1 1 4 788 144115188075855933 178 -1 4 0 540 3 144115188075855933 52 1 1 3 208 144115188075855933 -30 5 0 540 3 144115188075855933 52 2 1 3 208 144115188075855933 -30 5 0 540 3 144115188075855933 52 3 1 3 208 144115188075855933 -25 5 0 540 3 144115188075855933 52 4 1 3 208 144115188075855933 -25 5 0 540 3 144115188075855933 52 5 1 3 208 144115188075855933 -20 5 0 540 3 144115188075855933 52 6 1 3 208 144115188075855933 -15 5 0 540 3 144115188075855933 52 7 1 3 208 144115188075855933 -22 5 0 1 3 208 144115188075855933 -26 3 0 2322 2 49 144115188075855933 1106 1 1585267068834415293 1 2 849 144115188075855933 3 0 2133 2 72057594037927995 1 4 0 31 2 144115188075855928 13 4 0 540 3 2346 1 1 2323 2 52 2346 5 0 2133 2 72057594037927995 0 3 0 5 0 2120 3 1224979098644774918 216172782113788581 144115188075855928 2320 2 52 1224979098644774918 3 0 31 2 72057594037927995 1 2322 2 51 1224979098644774914 1105 1 1585267068834415313 4 0 33 3 1224979098644774914 781 823 540 3 1224979098644774914 2 5 1210 2 1224979098644774914 0 500 3 1224979098644774914 2 2 500 3 1224979098644774914 82 6 500 3 1224979098644774914 10 -1 1550 2 1224979098644774914 25 4 0 540 3 1224979098644774914 14 0 500 3 1224979098644774914 14 144115188075856921 3 0 2171 2 1224979098644774920 1224979098644774914 2107 2 1224979098644774920 15 2111 2 1224979098644774920 200 1 3 207 1224979098644774914 1224979098644774920 520 3 1224979098644774921 1224979098644774914 11 2149 2 1224979098644774922 1224979098644774914 2105 2 1224979098644774922 1224979098644774921 2170 3 1224979098644774923 0 1224979098644774914 2170 3 1224979098644774924 22 1224979098644774914 2105 2 1224979098644774923 1224979098644774924 2105 2 1224979098644774923 10 2107 2 1224979098644774922 1224979098644774923 2105 2 1224979098644774922 5 2108 2 1224979098644774922 10 500 3 1224979098644774914 11 1224979098644774922 4 0 540 3 1224979098644774914 154 1 1541 3 1224979098644774925 1224979098644774914 8 31 2 1224979098644774925 -1 2136 3 1224979098644774926 130 142 1543 3 1224979098644774914 8 1224979098644774926 2136 3 1224979098644774927 32 37 1544 3 1224979098644774914 8 1224979098644774927 3 0 1530 2 1224979098644774914 1073 1530 2 1224979098644774914 644 4 0 1516 2 1224979098644774928 1224979098644774914 31 2 1224979098644774928 0 2133 2 1224979098644774929 4 6 3 1224979098644774930 0 1224979098644774929 1541 3 1224979098644774926 1224979098644774914 1224979098644774930 32 2 1224979098644774926 -1 1570 2 1224979098644774931 1224979098644774926 1073741857 3 1224979098644774931 8 11 33 3 1224979098644774931 16 18 2133 2 1224979098644774928 1 2133 2 1224979098644774929 -1 3 0 4 0 1541 3 1224979098644774925 1224979098644774914 8 32 2 1224979098644774925 -1 2133 2 1224979098644774928 2 3 0 1517 2 1224979098644774914 1224979098644774928 3 0 1509 2 1224979098644774914 1 1 3 1063 1224979098644774914 0 2123 3 1224979098644774932 72057594037927936 3 1 4 430 1224979098644774914 0 1224979098644774932 3 0 1 4 788 1224979098644774914 177 -1 1 4 788 1224979098644774914 179 -1 1 4 788 1224979098644774914 178 144115188075855928 1 2 849 1224979098644774914 4 0 540 3 1224979098644774914 52 1 1 3 208 1224979098644774914 56 5 0 540 3 1224979098644774914 52 2 1 3 208 1224979098644774914 35 5 0 540 3 1224979098644774914 52 3 1 3 208 1224979098644774914 42 5 0 540 3 1224979098644774914 52 4 1 3 208 1224979098644774914 40 5 0 540 3 1224979098644774914 52 5 1 3 208 1224979098644774914 45 5 0 540 3 1224979098644774914 52 6 1 3 208 1224979098644774914 50 5 0 540 3 1224979098644774914 52 7 1 3 208 1224979098644774914 52 5 0 1 3 208 1224979098644774914 43 3 0 900 1 70 3 0 
-61.000000  8 4 0 71 1 57 2124 1 1000 75 1 31 726 2 72057594037927967 31 727 2 72057594037927968 31 1106 1 1585267068834414774 3 0 


prsnt_aux_selection 0 0 3
-60.000000  277 902 1 999999 2124 1 1000 911 2 72057594037927936 236 729 2 1 -1 730 2 1 -1 926 2 72057594037927936 1 729 2 1 1002 730 2 1 1002 925 2 72057594037927936 1 2133 2 1224979098644774912 0 4 0 31 2 144115188075855922 0 2133 2 1224979098644774913 781 5 0 2133 2 1224979098644774913 780 3 0 6 3 1224979098644774914 1224979098644774913 1051 500 3 2088 1224979098644774914 0 4 0 31 2 1224979098644774914 780 2133 2 1224979098644774914 0 2133 2 1224979098644774915 144115188075856921 5 0 2173 2 1224979098644774915 1224979098644774914 3 0 2133 2 1224979098644774916 0 4 0 31 2 1224979098644774915 144115188075856921 540 3 1224979098644774914 2 2 2147484208 3 1224979098644774914 178 1 2147484208 3 1224979098644774914 179 1 2147484208 3 1224979098644774914 177 1 2133 2 1224979098644774916 1 5 0 31 2 144115188075855922 0 110 1 1224979098644774914 2147483679 2 1224979098644774914 815 1 2 173 1224979098644774914 31 2 72057594037927936 0 2147484188 3 1224979098644774914 82 7 2147484188 3 1224979098644774914 82 6 2147484188 3 1224979098644774914 2 2 2147483681 3 1224979098644774914 846 1051 2147483681 3 1224979098644774914 823 846 2147483681 3 1224979098644774914 1051 1209 2133 2 1224979098644774916 1 3 0 31 2 1224979098644774916 1 2105 2 1224979098644774912 1 3 0 2120 3 1224979098644774917 300 144115188075855928 520 3 1224979098644774918 2090 1224979098644774917 2120 3 1224979098644774919 200 1224979098644774918 520 3 144115188075855921 2090 1224979098644774919 2120 3 1224979098644774920 1224979098644774918 216172782113788581 2320 2 19 1224979098644774920 2120 3 1224979098644774921 144115188075855928 246 1 2 825 1224979098644774921 4 0 32 2 144115188075855921 0 2330 2 20 144115188075855921 2320 2 23 1585267068834415314 5 0 2320 2 23 1585267068834415315 3 0 2120 3 1224979098644774922 250 144115188075855928 520 3 144115188075855933 2090 1224979098644774922 4 0 32 2 144115188075855933 0 2322 2 20 144115188075855933 2320 2 21 1585267068834415316 5 0 31 2 144115188075855933 0 2320 2 21 1585267068834415317 5 0 2320 2 21 1585267068834415318 3 0 4 0 31 2 144115188075855922 0 910 3 72057594037927937 1585267068834415319 16 729 2 1 1100 730 2 1 1100 925 2 72057594037927937 1 5 0 520 3 1224979098644774923 0 6 2133 2 72057594037927959 1224979098644774923 910 3 72057594037927937 1585267068834415320 16 729 2 1 900 730 2 1 900 925 2 72057594037927937 1 3 0 729 2 1 550 730 2 1 680 926 2 72057594037927937 1 4 0 32 2 144115188075855933 -1 4 0 32 2 144115188075855965 0 520 3 1224979098644774924 144115188075855933 52 2120 3 1224979098644774920 1224979098644774924 216172782113786203 2320 2 13 1224979098644774920 2320 2 22 1585267068834420339 5 0 2320 2 22 216172782113790997 3 0 1 2 206 144115188075855933 2133 2 72057594037927956 72057594037927936 910 3 72057594037927937 1585267068834420340 16 729 2 1 550 730 2 1 655 926 2 72057594037927937 1 729 2 1 1100 730 2 1 1100 925 2 72057594037927937 1 3 0 4 0 32 2 144115188075855933 -1 939 4 72057594037927936 -1 19 144115188075855933 729 2 1 10 730 2 1 540 926 2 72057594037927936 1 729 2 1 500 730 2 1 500 925 2 72057594037927936 1 3 0 910 3 72057594037927937 1585267068834415322 16 729 2 1 550 730 2 1 620 926 2 72057594037927937 1 921 2 72057594037927937 3375359 729 2 1 900 730 2 1 900 925 2 72057594037927937 1 940 2 72057594037927937 216172782113789079 729 2 1 500 730 2 1 23 926 2 72057594037927937 1 2133 2 144115188075856597 72057594037927937 911 2 72057594037927937 239 921 2 72057594037927937 0 729 2 3 200000 730 2 3 50 925 2 72057594037927937 3 729 2 3 0 730 2 3 530 926 2 72057594037927937 3 910 3 72057594037927937 1585267068834415309 4 729 2 1 25 730 2 1 510 926 2 72057594037927937 1 921 2 72057594037927937 127 729 2 1 900 730 2 1 900 925 2 72057594037927937 1 2319 1 0 910 3 72057594037927937 0 131072 729 2 1 50 730 2 1 50 926 2 72057594037927937 1 729 2 1 900 730 2 1 450 929 2 72057594037927937 1 2123 3 1224979098644774925 1224979098644774912 4 2107 2 1224979098644774925 210 2133 2 1224979098644774926 20 729 2 2 900 730 2 2 900 945 1 72057594037927937 6 3 1224979098644774914 1224979098644774913 1051 4 0 31 2 1224979098644774914 780 2133 2 1224979098644774914 0 2133 2 1224979098644774915 144115188075856921 5 0 2173 2 1224979098644774915 1224979098644774914 3 0 2133 2 1224979098644774916 0 4 0 31 2 1224979098644774915 144115188075856921 540 3 1224979098644774914 2 2 2147484208 3 1224979098644774914 178 1 2147484208 3 1224979098644774914 179 1 2147484208 3 1224979098644774914 177 1 2133 2 1224979098644774916 1 5 0 31 2 144115188075855922 0 110 1 1224979098644774914 2147483679 2 1224979098644774914 815 1 2 173 1224979098644774914 31 2 72057594037927936 0 2147484188 3 1224979098644774914 82 7 2147484188 3 1224979098644774914 82 6 2147484188 3 1224979098644774914 2 2 2147483681 3 1224979098644774914 846 1051 2147483681 3 1224979098644774914 823 846 2147483681 3 1224979098644774914 1051 1209 2133 2 1224979098644774916 1 3 0 31 2 1224979098644774916 1 4 0 32 2 1224979098644774926 920 2133 2 1224979098644774926 0 2106 2 1224979098644774925 220 3 0 500 3 2131 39 1 939 4 72057594037927936 -1 19 1224979098644774914 729 2 1 1224979098644774926 730 2 1 1224979098644774925 926 2 72057594037927936 1 729 2 3 500 730 2 3 500 925 2 72057594037927936 3 913 3 72057594037927946 466 466 926 2 72057594037927946 1 729 2 3 1000 730 2 3 2000 925 2 72057594037927946 3 922 2 72057594037927946 0 921 2 72057594037927946 14540253 500 3 2088 1224979098644774914 72057594037927946 4 0 2147483679 2 1224979098644774914 0 2322 2 22 1224979098644774914 1 2 206 1224979098644774914 2133 2 72057594037927956 72057594037927936 910 3 72057594037927937 1585267068834415310 4 729 2 1 1224979098644774926 2121 3 1224979098644774927 1224979098644774925 20 730 2 1 1224979098644774927 926 2 72057594037927937 1 925 2 72057594037927937 2 5 0 2322 2 22 1224979098644774914 910 3 72057594037927937 1585267068834415282 4 729 2 1 1224979098644774926 2121 3 1224979098644774927 1224979098644774925 20 730 2 1 1224979098644774927 926 2 72057594037927937 1 925 2 72057594037927937 2 3 0 4 0 2147483679 2 1224979098644774914 0 4 0 32 2 144115188075855965 0 520 3 1224979098644774924 1224979098644774914 52 2120 3 1224979098644774920 1224979098644774924 216172782113786203 2320 2 13 1224979098644774920 2320 2 22 1585267068834420341 5 0 2320 2 22 216172782113790997 3 0 910 3 72057594037927937 216172782113790996 4 729 2 1 1224979098644774926 2121 3 1224979098644774927 1224979098644774925 40 730 2 1 1224979098644774927 926 2 72057594037927937 1 925 2 72057594037927937 2 3 0 4 0 31 2 144115188075855922 1 1 4 799 1224979098644774914 5 0 910 3 72057594037927937 1585267068834415312 4 4 0 32 2 1224979098644774923 72057594037927936 921 2 72057594037927937 45824 5 0 921 2 72057594037927937 16711680 3 0 729 2 1 1224979098644774926 2121 3 1224979098644774927 1224979098644774925 80 730 2 1 1224979098644774927 926 2 72057594037927937 1 925 2 72057594037927937 2 3 0 2105 2 1224979098644774926 230 3 0 945 1 -1 
-62.000000  243 2071 1 1224979098644774912 4 0 31 2 1224979098644774912 144115188075856597 500 3 2131 39 0 900 1 70 5 0 31 2 144115188075855922 1 2133 2 1224979098644774913 1051 2133 2 1224979098644774914 -1 4 0 31 2 144115188075855922 0 2133 2 1224979098644774915 781 5 0 2133 2 1224979098644774915 780 3 0 6 3 1224979098644774916 1224979098644774915 1224979098644774913 4 0 31 2 1224979098644774916 780 2133 2 1224979098644774916 0 3 0 540 3 2088 1224979098644774916 1224979098644774912 2133 2 1224979098644774914 1224979098644774916 2133 2 1224979098644774913 -1 3 0 1073741855 2 1224979098644774914 0 33 3 1224979098644774914 781 1051 1 4 799 1224979098644774914 5 0 2133 2 1224979098644774917 72057594037927936 4 0 560 3 0 6 1224979098644774917 31 2 1224979098644774913 -1 4 0 32 2 144115188075855933 1 1 4 788 144115188075855933 179 -1 4 0 540 3 144115188075855933 52 1 1 3 208 144115188075855933 -30 5 0 540 3 144115188075855933 52 2 1 3 208 144115188075855933 -30 5 0 540 3 144115188075855933 52 3 1 3 208 144115188075855933 -25 5 0 540 3 144115188075855933 52 4 1 3 208 144115188075855933 -25 5 0 540 3 144115188075855933 52 5 1 3 208 144115188075855933 -20 5 0 540 3 144115188075855933 52 6 1 3 208 144115188075855933 -15 5 0 540 3 144115188075855933 52 7 1 3 208 144115188075855933 -22 5 0 1 3 208 144115188075855933 -26 3 0 1 5 740 144115188075855933 -1 10 0 2322 2 49 144115188075855933 1106 1 1585267068834415293 1 2 849 144115188075855933 3 0 2120 3 1224979098644774918 144115188075855928 246 1 2 825 1224979098644774918 2322 2 51 1224979098644774914 1105 1 1585267068834415323 1 4 788 1224979098644774914 177 -1 1 4 788 1224979098644774914 178 -1 1 4 788 1224979098644774914 179 1224979098644774918 1 2 849 1224979098644774914 4 0 540 3 1224979098644774914 52 1 1 3 208 1224979098644774914 56 5 0 540 3 1224979098644774914 52 2 1 3 208 1224979098644774914 35 5 0 540 3 1224979098644774914 52 3 1 3 208 1224979098644774914 42 5 0 540 3 1224979098644774914 52 4 1 3 208 1224979098644774914 40 5 0 540 3 1224979098644774914 52 5 1 3 208 1224979098644774914 45 5 0 540 3 1224979098644774914 52 6 1 3 208 1224979098644774914 50 5 0 540 3 1224979098644774914 52 7 1 3 208 1224979098644774914 52 5 0 1 3 208 1224979098644774914 43 3 0 2107 2 1224979098644774917 -1 1 3 800 0 1224979098644774917 2272 1 1224979098644774919 2105 2 1224979098644774919 2 500 3 144115188075855893 184 1224979098644774919 960 1 1 902 1 0 5 0 1106 2 216172782113789563 16764108 3 0 5 0 2133 2 1224979098644774913 1051 2133 2 1224979098644774914 -1 6 3 1224979098644774916 781 1224979098644774913 540 3 2088 1224979098644774916 1224979098644774912 2133 2 1224979098644774914 1224979098644774916 2133 2 1224979098644774913 -1 3 0 33 3 1224979098644774914 781 1051 31 2 1224979098644774913 -1 4 0 32 2 144115188075855933 1 1 4 788 144115188075855933 179 -1 4 0 540 3 144115188075855933 52 1 1 3 208 144115188075855933 -30 5 0 540 3 144115188075855933 52 2 1 3 208 144115188075855933 -30 5 0 540 3 144115188075855933 52 3 1 3 208 144115188075855933 -25 5 0 540 3 144115188075855933 52 4 1 3 208 144115188075855933 -25 5 0 540 3 144115188075855933 52 5 1 3 208 144115188075855933 -20 5 0 540 3 144115188075855933 52 6 1 3 208 144115188075855933 -15 5 0 540 3 144115188075855933 52 7 1 3 208 144115188075855933 -22 5 0 1 3 208 144115188075855933 -26 3 0 2322 2 49 144115188075855933 1106 1 1585267068834415293 1 2 849 144115188075855933 3 0 2120 3 1224979098644774918 144115188075855928 246 1 2 825 1224979098644774918 2322 2 51 1224979098644774914 1105 1 1585267068834415323 4 0 33 3 1224979098644774914 781 823 540 3 1224979098644774914 2 5 1210 2 1224979098644774914 0 500 3 1224979098644774914 2 2 500 3 1224979098644774914 82 6 500 3 1224979098644774914 10 -1 1550 2 1224979098644774914 25 4 0 540 3 1224979098644774914 14 0 500 3 1224979098644774914 14 144115188075856921 3 0 2171 2 1224979098644774920 1224979098644774914 2107 2 1224979098644774920 15 2111 2 1224979098644774920 200 1 3 207 1224979098644774914 1224979098644774920 520 3 1224979098644774921 1224979098644774914 11 2149 2 1224979098644774922 1224979098644774914 2105 2 1224979098644774922 1224979098644774921 2170 3 1224979098644774923 0 1224979098644774914 2170 3 1224979098644774924 22 1224979098644774914 2105 2 1224979098644774923 1224979098644774924 2105 2 1224979098644774923 10 2107 2 1224979098644774922 1224979098644774923 2105 2 1224979098644774922 5 2108 2 1224979098644774922 10 500 3 1224979098644774914 11 1224979098644774922 4 0 540 3 1224979098644774914 154 1 1541 3 1224979098644774925 1224979098644774914 8 31 2 1224979098644774925 -1 2136 3 1224979098644774926 130 142 1543 3 1224979098644774914 8 1224979098644774926 2136 3 1224979098644774927 32 37 1544 3 1224979098644774914 8 1224979098644774927 3 0 1530 2 1224979098644774914 1073 1530 2 1224979098644774914 644 4 0 1516 2 1224979098644774928 1224979098644774914 31 2 1224979098644774928 0 2133 2 1224979098644774929 4 6 3 1224979098644774930 0 1224979098644774929 1541 3 1224979098644774926 1224979098644774914 1224979098644774930 32 2 1224979098644774926 -1 1570 2 1224979098644774931 1224979098644774926 1073741857 3 1224979098644774931 8 11 33 3 1224979098644774931 16 18 2133 2 1224979098644774928 1 2133 2 1224979098644774929 -1 3 0 4 0 1541 3 1224979098644774925 1224979098644774914 8 32 2 1224979098644774925 -1 2133 2 1224979098644774928 2 3 0 1517 2 1224979098644774914 1224979098644774928 3 0 1509 2 1224979098644774914 1 1 3 1063 1224979098644774914 0 2123 3 1224979098644774932 72057594037927936 3 1 4 430 1224979098644774914 0 1224979098644774932 3 0 1 4 788 1224979098644774914 177 -1 1 4 788 1224979098644774914 178 -1 1 4 788 1224979098644774914 179 1224979098644774918 1 2 849 1224979098644774914 4 0 540 3 1224979098644774914 52 1 1 3 208 1224979098644774914 56 5 0 540 3 1224979098644774914 52 2 1 3 208 1224979098644774914 35 5 0 540 3 1224979098644774914 52 3 1 3 208 1224979098644774914 42 5 0 540 3 1224979098644774914 52 4 1 3 208 1224979098644774914 40 5 0 540 3 1224979098644774914 52 5 1 3 208 1224979098644774914 45 5 0 540 3 1224979098644774914 52 6 1 3 208 1224979098644774914 50 5 0 540 3 1224979098644774914 52 7 1 3 208 1224979098644774914 52 5 0 1 3 208 1224979098644774914 43 3 0 900 1 70 3 0 
-61.000000  8 4 0 71 1 57 2124 1 1000 75 1 31 726 2 72057594037927967 31 727 2 72057594037927968 31 1106 1 1585267068834414774 3 0 


prsnt_legion_select_hq 0 0 3
-60.000000  272 902 1 999999 2124 1 1000 911 2 72057594037927936 236 729 2 1 -1 730 2 1 -1 926 2 72057594037927936 1 729 2 1 1002 730 2 1 1002 925 2 72057594037927936 1 4 0 31 2 144115188075855928 13 2323 2 20 2346 5 0 2120 3 1224979098644774912 144115188075855928 216172782113788581 2320 2 20 1224979098644774912 3 0 2320 2 1 1224979098644774912 2330 2 2 144115188075855921 910 3 72057594037927937 1585267068834415324 73744 921 2 72057594037927937 127 729 2 1 1000 730 2 1 1000 925 2 72057594037927937 1 729 2 1 550 730 2 1 50 926 2 72057594037927937 1 729 2 1 400 730 2 1 75 929 2 72057594037927937 1 2133 2 1224979098644774913 15 2133 2 1224979098644774914 725 2133 2 1224979098644774915 -297000 2133 2 1224979098644774916 310000 2133 2 1224979098644774917 -275000 2133 2 1224979098644774918 210000 2133 2 1224979098644774919 1224979098644774915 2133 2 1224979098644774920 1224979098644774918 2133 2 1224979098644774921 3322 2133 2 1224979098644774922 4243 2121 3 1224979098644774923 1224979098644774916 1224979098644774915 2121 3 1224979098644774924 1224979098644774918 1224979098644774917 2108 2 1224979098644774923 1224979098644774921 2108 2 1224979098644774924 1224979098644774922 2133 2 1224979098644774925 5 2133 2 1224979098644774926 50 2122 3 1224979098644774927 1224979098644774925 1224979098644774926 729 2 2 1224979098644774927 730 2 2 1224979098644774927 6 3 1224979098644774928 21 153 500 3 2087 1224979098644774928 -1 500 3 2088 1224979098644774928 -1 3 0 2133 2 1224979098644774929 1224979098644774913 2133 2 1224979098644774930 1224979098644774914 2133 2 1224979098644774931 1224979098644774919 2133 2 1224979098644774932 1224979098644774920 6 3 1224979098644774933 0 1224979098644774924 6 3 1224979098644774934 0 1224979098644774923 2133 2 1224979098644774935 16777215 729 2 3 1224979098644774931 730 2 3 1224979098644774932 1626 2 1 3 1608 2 1224979098644774936 1 4 0 1073741855 2 1224979098644774936 0 1073741855 2 1224979098644774936 6 1073741855 2 1224979098644774936 8 31 2 1224979098644774936 7 2133 2 1224979098644774935 26367 5 0 1 3 151 1 0 2133 2 1224979098644774937 72057594037927936 4 0 32 2 1224979098644774937 -1 2204 2 1224979098644774938 1224979098644774937 1073741857 3 1224979098644774938 25 53 33 3 1224979098644774938 64 73 1277 2 1224979098644774935 1224979098644774938 3 0 3 0 911 2 72057594037927936 239 921 2 72057594037927936 1224979098644774935 729 2 1 1224979098644774929 730 2 1 1224979098644774930 926 2 72057594037927936 1 925 2 72057594037927936 2 2120 3 1224979098644774939 1224979098644774927 1224979098644774926 2133 2 1224979098644774940 1224979098644774926 1 3 151 1 0 2133 2 1224979098644774937 72057594037927936 4 0 2147483678 2 1224979098644774937 525 32 2 1224979098644774937 -1 541 3 1224979098644774937 0 4 521 3 1224979098644774941 1224979098644774937 105 5 0 2133 2 1224979098644774941 1224979098644774937 3 0 4 0 2121 3 1224979098644774942 1224979098644774931 1224979098644774921 2133 2 1224979098644774943 1224979098644774932 729 2 4 1224979098644774942 730 2 4 1224979098644774943 1626 2 1 4 1608 2 1224979098644774944 1 4 0 2133 2 1224979098644774945 0 4 0 2147483679 2 1224979098644774936 0 2147483679 2 1224979098644774936 7 2147483679 2 1224979098644774936 8 2147483679 2 1224979098644774936 6 2147483679 2 1224979098644774944 0 2147483679 2 1224979098644774944 7 2147483679 2 1224979098644774944 8 2147483679 2 1224979098644774944 6 1 3 151 1 0 2133 2 1224979098644774946 72057594037927936 4 0 32 2 1224979098644774946 -1 2147483678 2 1224979098644774946 525 4 0 541 3 1224979098644774946 0 4 521 3 1224979098644774947 1224979098644774946 105 5 0 2133 2 1224979098644774947 1224979098644774946 3 0 2147483679 2 1224979098644774947 1224979098644774941 2133 2 1224979098644774945 1 3 0 3 0 31 2 1224979098644774945 1 911 2 72057594037927936 239 921 2 72057594037927936 0 729 2 1 1224979098644774929 730 2 1 1224979098644774930 926 2 72057594037927936 1 729 2 1 1224979098644774940 730 2 1 1224979098644774939 925 2 72057594037927936 1 3 0 3 0 4 0 2133 2 1224979098644774942 1224979098644774931 2121 3 1224979098644774943 1224979098644774932 1224979098644774922 729 2 4 1224979098644774942 730 2 4 1224979098644774943 1626 2 1 4 1608 2 1224979098644774944 1 4 0 2133 2 1224979098644774945 0 4 0 2147483679 2 1224979098644774936 0 2147483679 2 1224979098644774936 6 2147483679 2 1224979098644774936 7 2147483679 2 1224979098644774936 8 2147483679 2 1224979098644774944 0 2147483679 2 1224979098644774944 6 2147483679 2 1224979098644774944 7 2147483679 2 1224979098644774944 8 1 3 151 1 0 2133 2 1224979098644774946 72057594037927936 4 0 2147483678 2 1224979098644774946 525 32 2 1224979098644774946 -1 4 0 541 3 1224979098644774946 0 4 521 3 1224979098644774947 1224979098644774946 105 5 0 2133 2 1224979098644774947 1224979098644774946 3 0 2147483679 2 1224979098644774947 1224979098644774941 2133 2 1224979098644774945 1 3 0 3 0 31 2 1224979098644774945 1 911 2 72057594037927936 239 921 2 72057594037927936 0 729 2 1 1224979098644774929 730 2 1 1224979098644774930 926 2 72057594037927936 1 729 2 1 1224979098644774939 730 2 1 1224979098644774940 925 2 72057594037927936 1 3 0 3 0 2105 2 1224979098644774929 1224979098644774925 2105 2 1224979098644774931 1224979098644774921 3 0 2133 2 1224979098644774929 1224979098644774913 2106 2 1224979098644774930 1224979098644774925 2133 2 1224979098644774931 1224979098644774919 2106 2 1224979098644774932 1224979098644774922 3 0 6 3 1224979098644774948 21 153 2204 2 1224979098644774938 1224979098644774948 31 2 1224979098644774938 144115188075856921 1625 2 4 1224979098644774948 726 2 1224979098644774949 4 727 2 1224979098644774950 4 2106 2 1224979098644774949 1224979098644774919 2106 2 1224979098644774950 1224979098644774920 2107 2 1224979098644774949 1224979098644774925 2107 2 1224979098644774950 1224979098644774925 2108 2 1224979098644774949 1224979098644774921 2108 2 1224979098644774950 1224979098644774922 2105 2 1224979098644774949 1224979098644774913 2105 2 1224979098644774950 1224979098644774914 4 0 541 3 1224979098644774948 0 3 2133 2 1224979098644774951 15 5 0 2133 2 1224979098644774951 10 3 0 2107 2 1224979098644774951 1224979098644774926 4 0 31 2 1224979098644774948 144115188075855921 911 2 72057594037927936 461 2121 3 1224979098644774952 1224979098644774949 13 2121 3 1224979098644774953 1224979098644774950 0 729 2 1 1224979098644774952 730 2 1 1224979098644774953 926 2 72057594037927936 1 729 2 1 1224979098644774951 730 2 1 1224979098644774951 925 2 72057594037927936 1 500 3 2087 1224979098644774948 72057594037927936 5 0 913 3 72057594037927936 240 240 952 2 72057594037927936 6 4 0 2133 2 1224979098644774954 215 6 3 1224979098644774955 200 1224979098644774954 540 3 2090 1224979098644774955 1224979098644774948 2106 2 1224979098644774955 200 2105 2 1224979098644774955 215 520 3 1224979098644774956 2090 1224979098644774955 30 2 1224979098644774956 0 540 3 1224979098644774956 2 2 2133 2 1224979098644774954 -1 3 0 31 2 1224979098644774954 -1 921 2 72057594037927936 15785267 5 0 921 2 72057594037927936 0 3 0 729 2 1 1224979098644774949 730 2 1 1224979098644774950 926 2 72057594037927936 1 729 2 1 1224979098644774951 730 2 1 1224979098644774951 925 2 72057594037927936 1 500 3 2087 1224979098644774948 72057594037927936 3 0 2330 2 1 1224979098644774948 910 3 72057594037927937 1 65552 921 2 72057594037927937 4294967295 2120 3 1224979098644774957 1224979098644774949 0 2120 3 1224979098644774958 1224979098644774950 10 729 2 1 1224979098644774957 730 2 1 1224979098644774958 926 2 72057594037927937 1 729 2 1 780 730 2 1 780 925 2 72057594037927937 1 947 2 72057594037927937 0 500 3 2088 1224979098644774948 72057594037927937 3 0 940 2 144115188075856516 216172782113786653 729 2 1 400 730 2 1 30 926 2 144115188075856516 1 
-63.000000  11 2071 1 1224979098644774912 2072 1 1224979098644774913 2133 2 1224979098644774914 153 6 3 1224979098644774915 21 1224979098644774914 540 3 2087 1224979098644774915 1224979098644774912 2133 2 1224979098644774914 -1 3 0 31 2 1224979098644774914 -1 520 3 1224979098644774916 2088 1224979098644774915 2121 3 1224979098644774917 1 1224979098644774913 947 2 1224979098644774916 1224979098644774917 
-62.000000  30 2071 1 1224979098644774912 4 0 31 2 1224979098644774912 144115188075856516 900 1 70 5 0 2133 2 1224979098644774913 153 6 3 1224979098644774914 21 1224979098644774913 540 3 2087 1224979098644774914 1224979098644774912 2133 2 1224979098644774913 -1 3 0 31 2 1224979098644774913 -1 4 0 31 2 1224979098644774914 144115188075855921 1106 2 1585267068834415325 15785267 5 0 2120 3 1224979098644774915 200 144115188075855928 500 3 2090 1224979098644774915 1224979098644774914 1 3 801 1224979098644774914 144115188075855928 2330 2 1 1224979098644774914 4 0 31 2 144115188075855928 13 2322 2 2 2346 5 0 2120 3 1224979098644774916 216172782113788581 144115188075855928 2320 2 2 1224979098644774916 3 0 1105 1 1585267068834415326 900 1 70 3 0 3 0 


prsnt_influence_nero 0 0 3
-60.000000  205 902 1 999999 2124 1 1000 911 2 72057594037927936 236 729 2 1 -1 730 2 1 -1 926 2 72057594037927936 1 729 2 1 1002 730 2 1 1002 925 2 72057594037927936 1 910 3 72057594037927937 1585267068834415327 16 729 2 1 500 730 2 1 700 926 2 72057594037927937 1 729 2 1 1300 730 2 1 1300 925 2 72057594037927937 1 910 3 72057594037927937 1585267068834415328 16 729 2 1 500 730 2 1 680 926 2 72057594037927937 1 921 2 72057594037927937 127 729 2 1 900 730 2 1 900 925 2 72057594037927937 1 940 2 72057594037927937 216172782113789079 729 2 1 500 730 2 1 23 926 2 72057594037927937 1 2133 2 144115188075856597 72057594037927937 2319 1 0 2319 1 20 2319 1 21 2319 1 23 2319 1 24 910 3 72057594037927937 0 131072 729 2 1 50 730 2 1 70 926 2 72057594037927937 1 729 2 1 860 730 2 1 527 929 2 72057594037927937 1 910 3 72057594037927936 1585267068834415329 4 729 2 1 50 730 2 1 615 926 2 72057594037927936 1 729 2 2 1200 730 2 2 1200 925 2 72057594037927936 2 910 3 72057594037927936 1585267068834415330 4 729 2 1 220 730 2 1 615 926 2 72057594037927936 1 729 2 2 1200 730 2 2 1200 925 2 72057594037927936 2 910 3 72057594037927936 1585267068834414719 4 729 2 1 500 730 2 1 615 926 2 72057594037927936 1 729 2 2 1200 730 2 2 1200 925 2 72057594037927936 2 910 3 72057594037927936 1585267068834415279 4 729 2 1 600 730 2 1 615 926 2 72057594037927936 1 729 2 2 1200 730 2 2 1200 925 2 72057594037927936 2 2133 2 1224979098644774912 0 7 3 1224979098644774913 0 58 500 3 2087 1224979098644774913 0 2120 3 1224979098644774914 1224979098644774913 100 520 3 1224979098644774915 2090 1224979098644774914 2147483678 2 1224979098644774915 1 520 3 1224979098644774916 2090 1224979098644774913 32 2 1224979098644774916 0 2133 2 1224979098644774917 153 6 3 1224979098644774918 21 1224979098644774917 2204 2 1224979098644774919 1224979098644774918 31 2 1224979098644774919 144115188075856921 541 3 1224979098644774918 68 1224979098644774913 2133 2 1224979098644774917 -1 3 0 31 2 1224979098644774917 -1 2105 2 1224979098644774912 1 3 0 729 2 1 0 2122 3 1224979098644774920 40 1224979098644774912 729 2 2 900 730 2 2 900 2133 2 1224979098644774914 0 945 1 72057594037927937 7 3 1224979098644774913 0 58 2120 3 1224979098644774914 1224979098644774913 100 520 3 1224979098644774915 2090 1224979098644774914 2147483678 2 1224979098644774915 1 520 3 1224979098644774916 2090 1224979098644774913 32 2 1224979098644774916 0 2147484190 3 144115188075856921 10 1224979098644774916 2133 2 1224979098644774917 153 6 3 1224979098644774918 21 1224979098644774917 2204 2 1224979098644774919 1224979098644774918 31 2 1224979098644774919 144115188075856921 541 3 1224979098644774918 68 1224979098644774913 2133 2 1224979098644774917 -1 3 0 31 2 1224979098644774917 -1 2133 2 1224979098644774921 0 911 2 72057594037927937 239 921 2 72057594037927937 0 729 2 3 180000 730 2 3 50 925 2 72057594037927937 3 729 2 3 0 2120 3 1224979098644774922 1224979098644774920 16 730 2 3 1224979098644774922 926 2 72057594037927937 3 2120 3 1224979098644774923 1224979098644774913 216172782113788815 2320 2 20 1224979098644774923 910 3 72057594037927936 1585267068834414762 4 729 2 1 1224979098644774921 730 2 1 1224979098644774920 926 2 72057594037927936 1 921 2 72057594037927936 13403136 925 2 72057594037927936 2 2105 2 1224979098644774921 170 4 0 30 2 1224979098644774916 0 2322 2 20 1224979098644774916 5 0 2320 2 20 216172782113788172 3 0 910 3 72057594037927936 1585267068834414762 4 730 2 1 1224979098644774920 729 2 1 1224979098644774921 926 2 72057594037927936 1 925 2 72057594037927936 2 2105 2 1224979098644774921 300 4 0 30 2 1224979098644774916 0 1 2 206 1224979098644774916 2320 2 20 216172782113786615 5 0 2320 2 20 216172782113788172 3 0 910 3 72057594037927937 20 4 4 0 32 2 1224979098644774916 0 1 2 206 1224979098644774916 30 2 72057594037927936 1 921 2 72057594037927937 45824 5 0 32 2 1224979098644774916 0 1 2 206 1224979098644774916 2147483678 2 72057594037927936 0 921 2 72057594037927937 16711680 3 0 730 2 1 1224979098644774920 729 2 1 1224979098644774921 926 2 72057594037927937 1 925 2 72057594037927937 2 2105 2 1224979098644774921 100 4 0 32 2 1224979098644774916 0 4 0 32 2 144115188075855965 0 520 3 1224979098644774924 1224979098644774916 52 2120 3 1224979098644774923 1224979098644774924 216172782113786203 2320 2 13 1224979098644774923 2320 2 22 1585267068834420341 5 0 2320 2 22 216172782113790997 3 0 2320 2 22 1224979098644774923 5 0 31 2 1224979098644774916 0 1 1 922 2321 2 22 60 5 0 2320 2 22 216172782113788172 3 0 910 3 72057594037927936 216172782113790996 4 730 2 1 1224979098644774920 729 2 1 1224979098644774921 926 2 72057594037927936 1 925 2 72057594037927936 2 4 0 2147483680 2 1224979098644774915 0 2105 2 1224979098644774921 100 910 3 72057594037927936 1585267068834415331 4 729 2 1 1224979098644774921 730 2 1 1224979098644774920 926 2 72057594037927936 1 925 2 72057594037927936 2 913 3 72057594037927946 466 466 926 2 72057594037927946 1 925 2 72057594037927946 2 922 2 72057594037927946 0 921 2 72057594037927946 14540253 500 3 2087 1224979098644774913 72057594037927946 3 0 2106 2 1224979098644774920 40 3 0 945 1 -1 
-62.000000  16 2071 1 1224979098644774912 4 0 31 2 1224979098644774912 144115188075856597 902 1 0 960 1 1 5 0 2133 2 1224979098644774913 58 6 3 1224979098644774914 0 1224979098644774913 540 3 2087 1224979098644774914 1224979098644774912 2133 2 144115188075856033 1224979098644774914 2133 2 1224979098644774913 -1 3 0 31 2 1224979098644774913 -1 520 3 144115188075855922 2090 144115188075856033 900 1 82 3 0 
-61.000000  12 4 0 71 1 1 902 1 0 960 1 1 5 0 71 1 57 2124 1 1000 75 1 31 726 2 72057594037927967 31 727 2 72057594037927968 31 1106 1 1585267068834414774 3 0 


prsnt_influence_senate 0 0 3
-60.000000  222 902 1 999999 2124 1 1000 911 2 72057594037927936 236 729 2 1 -1 730 2 1 -1 926 2 72057594037927936 1 729 2 1 1002 730 2 1 1002 925 2 72057594037927936 1 910 3 72057594037927937 1585267068834415332 16 729 2 1 500 730 2 1 700 926 2 72057594037927937 1 729 2 1 1300 730 2 1 1300 925 2 72057594037927937 1 2319 1 0 4 0 30 2 144115188075856856 1 2320 2 0 1585267068834415333 3 0 910 3 72057594037927937 1585267068834415334 16 729 2 1 500 730 2 1 680 926 2 72057594037927937 1 921 2 72057594037927937 127 729 2 1 900 730 2 1 900 925 2 72057594037927937 1 940 2 72057594037927937 216172782113789079 729 2 1 500 730 2 1 23 926 2 72057594037927937 1 2133 2 144115188075856597 72057594037927937 910 3 72057594037927936 1585267068834415329 4 729 2 1 50 730 2 1 615 926 2 72057594037927936 1 729 2 2 1200 730 2 2 1200 925 2 72057594037927936 2 910 3 72057594037927936 1585267068834415330 4 729 2 1 220 730 2 1 615 926 2 72057594037927936 1 729 2 2 1200 730 2 2 1200 925 2 72057594037927936 2 910 3 72057594037927936 1585267068834414719 4 729 2 1 500 730 2 1 615 926 2 72057594037927936 1 729 2 2 1200 730 2 2 1200 925 2 72057594037927936 2 910 3 72057594037927936 1585267068834415279 4 729 2 1 600 730 2 1 615 926 2 72057594037927936 1 729 2 2 1200 730 2 2 1200 925 2 72057594037927936 2 2319 1 0 2319 1 20 2319 1 21 2319 1 23 2319 1 24 910 3 72057594037927937 0 131072 729 2 1 50 730 2 1 70 926 2 72057594037927937 1 729 2 1 860 730 2 1 527 929 2 72057594037927937 1 945 1 72057594037927937 2133 2 1224979098644774912 0 7 3 1224979098644774913 0 58 500 3 2087 1224979098644774913 0 500 3 2088 1224979098644774913 0 2120 3 1224979098644774914 1224979098644774913 100 520 3 1224979098644774915 2090 1224979098644774914 30 2 1224979098644774915 1 520 3 1224979098644774916 2090 1224979098644774913 32 2 1224979098644774916 0 2133 2 1224979098644774917 153 6 3 1224979098644774918 21 1224979098644774917 2204 2 1224979098644774919 1224979098644774918 31 2 1224979098644774919 144115188075856921 541 3 1224979098644774918 68 1224979098644774913 2133 2 1224979098644774917 -1 3 0 31 2 1224979098644774917 -1 2105 2 1224979098644774912 1 3 0 729 2 1 0 2122 3 1224979098644774920 40 1224979098644774912 729 2 2 900 730 2 2 900 2133 2 1224979098644774914 0 7 3 1224979098644774913 0 58 2120 3 1224979098644774914 1224979098644774913 100 520 3 1224979098644774915 2090 1224979098644774914 30 2 1224979098644774915 1 520 3 1224979098644774916 2090 1224979098644774913 2147484190 3 144115188075856921 10 1224979098644774916 2133 2 1224979098644774917 153 6 3 1224979098644774918 21 1224979098644774917 2204 2 1224979098644774919 1224979098644774918 31 2 1224979098644774919 144115188075856921 541 3 1224979098644774918 68 1224979098644774913 2133 2 1224979098644774917 -1 3 0 31 2 1224979098644774917 -1 2133 2 1224979098644774921 0 911 2 72057594037927937 239 921 2 72057594037927937 0 729 2 3 180000 730 2 3 50 925 2 72057594037927937 3 729 2 3 0 2120 3 1224979098644774922 1224979098644774920 16 730 2 3 1224979098644774922 926 2 72057594037927937 3 2120 3 1224979098644774923 1224979098644774913 216172782113788815 2320 2 20 1224979098644774923 910 3 72057594037927936 1585267068834414762 4 729 2 1 1224979098644774921 730 2 1 1224979098644774920 926 2 72057594037927936 1 921 2 72057594037927936 13403136 925 2 72057594037927936 2 913 3 72057594037927946 466 466 926 2 72057594037927946 1 925 2 72057594037927946 2 922 2 72057594037927946 0 921 2 72057594037927946 14540253 500 3 2088 1224979098644774913 72057594037927946 2105 2 1224979098644774921 170 4 0 30 2 1224979098644774916 0 2322 2 20 1224979098644774916 5 0 2320 2 20 216172782113788172 3 0 910 3 72057594037927936 1585267068834414762 4 730 2 1 1224979098644774920 729 2 1 1224979098644774921 926 2 72057594037927936 1 925 2 72057594037927936 2 2105 2 1224979098644774921 300 4 0 30 2 1224979098644774916 0 1 2 206 1224979098644774916 2320 2 20 216172782113786615 5 0 2320 2 20 216172782113788172 3 0 910 3 72057594037927937 20 4 4 0 32 2 1224979098644774916 0 1 2 206 1224979098644774916 30 2 72057594037927936 1 921 2 72057594037927937 45824 5 0 32 2 1224979098644774916 0 1 2 206 1224979098644774916 2147483678 2 72057594037927936 0 921 2 72057594037927937 16711680 3 0 730 2 1 1224979098644774920 729 2 1 1224979098644774921 926 2 72057594037927937 1 925 2 72057594037927937 2 2105 2 1224979098644774921 100 4 0 32 2 1224979098644774916 0 4 0 32 2 144115188075855965 0 520 3 1224979098644774924 1224979098644774916 52 2120 3 1224979098644774923 1224979098644774924 216172782113786203 2320 2 13 1224979098644774923 2320 2 22 1585267068834420341 5 0 2320 2 22 216172782113790997 3 0 5 0 31 2 1224979098644774916 0 1 1 922 2321 2 22 60 5 0 2320 2 22 216172782113788172 3 0 910 3 72057594037927936 216172782113790996 4 730 2 1 1224979098644774920 729 2 1 1224979098644774921 926 2 72057594037927936 1 925 2 72057594037927936 2 4 0 30 2 1224979098644774915 1 2105 2 1224979098644774921 100 4 0 30 2 1224979098644774916 0 2320 2 13 1585267068834420301 5 0 2320 2 13 1585267068834419727 3 0 910 3 72057594037927936 1585267068834420302 4 921 2 72057594037927936 255 729 2 1 1224979098644774921 730 2 1 1224979098644774920 926 2 72057594037927936 1 925 2 72057594037927936 2 913 3 72057594037927946 466 466 926 2 72057594037927946 1 925 2 72057594037927946 2 922 2 72057594037927946 0 921 2 72057594037927946 14540253 500 3 2087 1224979098644774913 72057594037927946 3 0 2106 2 1224979098644774920 40 3 0 945 1 -1 
-62.000000  26 2071 1 1224979098644774912 4 0 31 2 1224979098644774912 144115188075856597 902 1 0 2060 1 424 5 0 2133 2 1224979098644774913 58 6 3 1224979098644774914 0 1224979098644774913 540 3 2087 1224979098644774914 1224979098644774912 2133 2 144115188075856033 1224979098644774914 2133 2 1224979098644774913 -1 3 0 31 2 1224979098644774913 -1 520 3 144115188075855922 2090 144115188075856033 900 1 83 5 0 30 2 144115188075856856 1 2133 2 1224979098644774913 58 6 3 1224979098644774914 0 1224979098644774913 540 3 2088 1224979098644774914 1224979098644774912 2133 2 144115188075855928 1224979098644774914 2133 2 1224979098644774913 -1 3 0 31 2 1224979098644774913 -1 900 1 80 3 0 
-61.000000  11 4 0 71 1 1 902 1 0 5 0 71 1 57 2124 1 1000 75 1 31 726 2 72057594037927967 31 727 2 72057594037927968 31 1106 1 1585267068834414774 3 0 


prsnt_province_management 0 0 3
-60.000000  246 902 1 999999 2124 1 1000 911 2 72057594037927936 236 729 2 1 -1 730 2 1 -1 926 2 72057594037927936 1 729 2 1 1002 730 2 1 1002 925 2 72057594037927936 1 910 3 72057594037927937 1585267068834415336 65552 921 2 72057594037927937 127 729 2 1 500 730 2 1 685 926 2 72057594037927937 1 729 2 1 1500 730 2 1 1500 925 2 72057594037927937 1 910 3 72057594037927937 1585267068834420348 131072 729 2 1 575 730 2 1 525 926 2 72057594037927937 1 921 2 72057594037927937 127 729 2 1 900 730 2 1 900 925 2 72057594037927937 1 729 2 1 350 730 2 1 200 929 2 72057594037927937 1 940 2 72057594037927937 216172782113789079 729 2 1 400 730 2 1 23 926 2 72057594037927937 1 2133 2 144115188075856597 72057594037927937 940 2 72057594037927937 1585267068834414777 729 2 1 600 730 2 1 23 926 2 72057594037927937 1 2133 2 144115188075856617 72057594037927937 2319 1 0 2319 1 20 2319 1 21 2319 1 23 2319 1 24 910 3 72057594037927937 0 131072 729 2 1 50 730 2 1 70 926 2 72057594037927937 1 729 2 1 860 730 2 1 527 929 2 72057594037927937 1 910 3 72057594037927936 1585267068834415329 65540 921 2 72057594037927936 15785267 729 2 1 50 730 2 1 615 926 2 72057594037927936 1 729 2 2 1200 730 2 2 1200 925 2 72057594037927936 2 910 3 72057594037927936 1585267068834415330 65540 921 2 72057594037927936 15785267 729 2 1 220 730 2 1 615 926 2 72057594037927936 1 729 2 2 1200 730 2 2 1200 925 2 72057594037927936 2 910 3 72057594037927936 1585267068834414719 65540 921 2 72057594037927936 15785267 729 2 1 500 730 2 1 615 926 2 72057594037927936 1 729 2 2 1200 730 2 2 1200 925 2 72057594037927936 2 910 3 72057594037927936 1585267068834415279 65540 921 2 72057594037927936 15785267 729 2 1 600 730 2 1 615 926 2 72057594037927936 1 729 2 2 1200 730 2 2 1200 925 2 72057594037927936 2 910 3 72057594037927936 1585267068834415338 65540 921 2 72057594037927936 15785267 729 2 1 720 730 2 1 615 926 2 72057594037927936 1 729 2 2 1200 730 2 2 1200 925 2 72057594037927936 2 2133 2 1224979098644774912 0 7 3 1224979098644774913 0 58 500 3 2088 1224979098644774913 0 500 3 2087 1224979098644774913 0 2133 2 1224979098644774914 153 6 3 1224979098644774915 21 1224979098644774914 2204 2 1224979098644774916 1224979098644774915 31 2 1224979098644774916 144115188075856921 541 3 1224979098644774915 68 1224979098644774913 2133 2 1224979098644774914 -1 3 0 31 2 1224979098644774914 -1 2105 2 1224979098644774912 1 3 0 729 2 1 0 2122 3 1224979098644774917 40 1224979098644774912 729 2 2 900 730 2 2 900 2133 2 1224979098644774918 0 945 1 72057594037927937 7 3 1224979098644774913 0 58 2133 2 1224979098644774914 153 6 3 1224979098644774915 21 1224979098644774914 2204 2 1224979098644774916 1224979098644774915 31 2 1224979098644774916 144115188075856921 541 3 1224979098644774915 68 1224979098644774913 2133 2 1224979098644774914 -1 3 0 31 2 1224979098644774914 -1 2133 2 1224979098644774919 0 911 2 72057594037927937 239 921 2 72057594037927937 0 729 2 3 180000 730 2 3 50 925 2 72057594037927937 3 729 2 3 0 2120 3 1224979098644774920 1224979098644774917 16 730 2 3 1224979098644774920 926 2 72057594037927937 3 2120 3 1224979098644774921 1224979098644774913 216172782113788815 2320 2 20 1224979098644774921 910 3 72057594037927936 1585267068834414762 4 729 2 1 1224979098644774919 730 2 1 1224979098644774917 926 2 72057594037927936 1 921 2 72057594037927936 13403136 925 2 72057594037927936 2 2105 2 1224979098644774919 170 520 3 1224979098644774922 2090 1224979098644774913 4 0 31 2 1224979098644774922 0 2320 2 20 1585267068834415282 5 0 32 2 1224979098644774922 0 2322 2 20 1224979098644774922 5 0 2320 2 20 216172782113788172 3 0 910 3 72057594037927936 1585267068834414762 4 730 2 1 1224979098644774917 729 2 1 1224979098644774919 926 2 72057594037927936 1 925 2 72057594037927936 2 2105 2 1224979098644774919 300 4 0 32 2 1224979098644774922 0 1 2 206 1224979098644774922 2320 2 20 216172782113786615 5 0 2320 2 20 216172782113788172 3 0 910 3 72057594037927937 20 4 4 0 32 2 1224979098644774922 0 1 2 206 1224979098644774922 30 2 72057594037927936 1 921 2 72057594037927937 45824 5 0 32 2 1224979098644774922 0 1 2 206 1224979098644774922 2147483678 2 72057594037927936 0 921 2 72057594037927937 16711680 3 0 730 2 1 1224979098644774917 729 2 1 1224979098644774919 926 2 72057594037927937 1 925 2 72057594037927937 2 2105 2 1224979098644774919 75 4 0 32 2 1224979098644774922 0 4 0 32 2 144115188075855965 0 520 3 1224979098644774923 1224979098644774922 52 2120 3 1224979098644774921 1224979098644774923 216172782113786203 2320 2 13 1224979098644774921 2320 2 22 1585267068834420341 5 0 2320 2 22 216172782113790997 3 0 5 0 31 2 1224979098644774922 0 1 1 922 2321 2 22 60 5 0 2320 2 22 216172782113788172 3 0 910 3 72057594037927936 216172782113790996 4 730 2 1 1224979098644774917 729 2 1 1224979098644774919 926 2 72057594037927936 1 925 2 72057594037927936 2 2105 2 1224979098644774919 120 2120 3 1224979098644774918 1224979098644774913 100 520 3 1224979098644774924 2090 1224979098644774918 4 0 30 2 1224979098644774924 1 2320 2 22 1585267068834415339 5 0 2320 2 22 1585267068834415340 3 0 910 3 72057594037927936 216172782113790996 4 730 2 1 1224979098644774917 729 2 1 1224979098644774919 926 2 72057594037927936 1 925 2 72057594037927936 2 4 0 2147483680 2 1224979098644774924 0 913 3 72057594037927946 466 466 926 2 72057594037927946 1 925 2 72057594037927946 2 922 2 72057594037927946 0 921 2 72057594037927946 14540253 500 3 2088 1224979098644774913 72057594037927946 2105 2 1224979098644774919 100 4 0 32 2 1224979098644774922 0 2320 2 0 1585267068834415341 5 0 2320 2 0 1585267068834415342 3 0 910 3 72057594037927936 216172782113783815 4 921 2 72057594037927936 255 729 2 1 1224979098644774919 730 2 1 1224979098644774917 926 2 72057594037927936 1 925 2 72057594037927936 2 913 3 72057594037927946 466 466 926 2 72057594037927946 1 925 2 72057594037927946 2 922 2 72057594037927946 0 921 2 72057594037927946 14540253 500 3 2087 1224979098644774913 72057594037927946 3 0 2106 2 1224979098644774917 40 3 0 945 1 -1 
-62.000000  41 2071 1 1224979098644774912 4 0 31 2 1224979098644774912 144115188075856597 902 1 0 960 1 1 5 0 31 2 1224979098644774912 144115188075856617 960 1 0 900 1 84 5 0 2133 2 1224979098644774913 58 6 3 1224979098644774914 0 1224979098644774913 540 3 2088 1224979098644774914 1224979098644774912 2133 2 144115188075855928 1224979098644774914 2133 2 1224979098644774913 -1 3 0 31 2 1224979098644774913 -1 900 1 79 5 0 2133 2 1224979098644774913 58 6 3 1224979098644774914 0 1224979098644774913 540 3 2087 1224979098644774914 1224979098644774912 2133 2 144115188075855928 1224979098644774914 2133 2 1224979098644774913 -1 3 0 31 2 1224979098644774913 -1 520 3 1224979098644774915 2090 144115188075855928 4 0 32 2 1224979098644774915 0 2173 2 1224979098644774916 1224979098644774915 2147483679 2 1224979098644774916 144115188075856921 1106 2 1585267068834415343 15785267 1106 2 1585267068834415344 15785267 5 0 31 2 144115188075856298 144115188075856040 1106 1 1585267068834415345 5 0 2133 2 144115188075856459 1 900 1 77 3 0 3 0 
-61.000000  12 4 0 71 1 1 902 1 0 960 1 1 5 0 71 1 57 2124 1 1000 75 1 31 726 2 72057594037927967 31 727 2 72057594037927968 31 1106 1 1585267068834414774 3 0 


prsnt_governor_selection 0 0 3
-60.000000  244 902 1 999999 2124 1 1000 911 2 72057594037927936 236 729 2 1 -1 730 2 1 -1 926 2 72057594037927936 1 729 2 1 1002 730 2 1 1002 925 2 72057594037927936 1 2133 2 1224979098644774912 0 6 3 1224979098644774913 780 1051 4 0 31 2 1224979098644774913 780 2133 2 1224979098644774913 0 3 0 500 3 2088 1224979098644774913 0 2147483679 2 144115188075855933 1224979098644774913 2133 2 1224979098644774914 0 4 0 31 2 1224979098644774913 0 2147484208 3 1224979098644774913 177 1 2133 2 1224979098644774914 1 5 0 2173 2 1224979098644774915 1224979098644774913 31 2 1224979098644774915 144115188075856921 540 3 1224979098644774913 2 2 2147484208 3 1224979098644774913 178 1 2147484208 3 1224979098644774913 179 1 2147484208 3 1224979098644774913 177 1 2133 2 1224979098644774914 1 5 0 110 1 1224979098644774913 2147483679 2 1224979098644774913 815 1 2 173 1224979098644774913 31 2 72057594037927936 0 2147484188 3 1224979098644774913 82 7 2147484188 3 1224979098644774913 82 6 2147484188 3 1224979098644774913 2 2 2147483681 3 1224979098644774913 846 1051 2147483681 3 1224979098644774913 823 846 2147483681 3 1224979098644774913 1051 1209 2133 2 1224979098644774914 1 3 0 31 2 1224979098644774914 1 2105 2 1224979098644774912 1 3 0 2120 3 1224979098644774916 144115188075855928 216172782113788815 2320 2 22 1224979098644774916 520 3 144115188075855933 2090 144115188075855928 4 0 32 2 144115188075855933 0 2322 2 20 144115188075855933 2320 2 21 1585267068834415346 5 0 31 2 144115188075855933 0 2320 2 21 1585267068834415347 5 0 2320 2 21 1585267068834415348 3 0 910 3 72057594037927937 1585267068834415349 16 729 2 1 550 730 2 1 710 926 2 72057594037927937 1 729 2 1 1100 730 2 1 1100 925 2 72057594037927937 1 4 0 32 2 144115188075855933 -1 4 0 32 2 144115188075855965 0 520 3 1224979098644774917 144115188075855933 52 2120 3 1224979098644774916 1224979098644774917 216172782113786203 2320 2 13 1224979098644774916 2320 2 22 1585267068834420342 5 0 2320 2 22 216172782113790997 3 0 1 2 206 144115188075855933 2133 2 72057594037927956 72057594037927936 910 3 72057594037927937 1585267068834420343 16 729 2 1 550 730 2 1 685 926 2 72057594037927937 1 729 2 1 1100 730 2 1 1100 925 2 72057594037927937 1 3 0 4 0 32 2 144115188075855933 -1 939 4 72057594037927936 -1 19 144115188075855933 729 2 1 10 730 2 1 540 926 2 72057594037927936 1 729 2 1 500 730 2 1 500 925 2 72057594037927936 1 3 0 1 3 797 144115188075855928 -1 910 3 72057594037927937 216172782113783815 16 729 2 1 550 730 2 1 650 926 2 72057594037927937 1 921 2 72057594037927937 127 729 2 1 900 730 2 1 900 925 2 72057594037927937 1 1 3 798 144115188075855928 1 910 3 72057594037927937 216172782113783815 16 729 2 1 550 730 2 1 620 926 2 72057594037927937 1 921 2 72057594037927937 127 729 2 1 900 730 2 1 900 925 2 72057594037927937 1 940 2 72057594037927937 216172782113789079 729 2 1 500 730 2 1 23 926 2 72057594037927937 1 2133 2 144115188075856597 72057594037927937 911 2 72057594037927937 239 921 2 72057594037927937 0 729 2 3 200000 730 2 3 50 925 2 72057594037927937 3 729 2 3 0 730 2 3 530 926 2 72057594037927937 3 910 3 72057594037927937 1585267068834415309 4 729 2 1 25 730 2 1 510 926 2 72057594037927937 1 921 2 72057594037927937 127 729 2 1 900 730 2 1 900 925 2 72057594037927937 1 2319 1 0 910 3 72057594037927937 0 131072 729 2 1 50 730 2 1 50 926 2 72057594037927937 1 729 2 1 900 730 2 1 450 929 2 72057594037927937 1 2123 3 1224979098644774918 1224979098644774912 4 2107 2 1224979098644774918 210 2133 2 1224979098644774919 20 729 2 2 900 730 2 2 900 945 1 72057594037927937 6 3 1224979098644774913 780 1051 4 0 31 2 1224979098644774913 780 2133 2 1224979098644774913 0 3 0 2147483679 2 144115188075855933 1224979098644774913 2133 2 1224979098644774914 0 4 0 31 2 1224979098644774913 0 2147484208 3 1224979098644774913 177 1 2133 2 1224979098644774914 1 5 0 2173 2 1224979098644774915 1224979098644774913 31 2 1224979098644774915 144115188075856921 540 3 1224979098644774913 2 2 2147484208 3 1224979098644774913 178 1 2147484208 3 1224979098644774913 179 1 2147484208 3 1224979098644774913 177 1 2133 2 1224979098644774914 1 5 0 110 1 1224979098644774913 2147483679 2 1224979098644774913 815 1 2 173 1224979098644774913 31 2 72057594037927936 0 2147484188 3 1224979098644774913 82 7 2147484188 3 1224979098644774913 82 6 2147484188 3 1224979098644774913 2 2 2147483681 3 1224979098644774913 846 1051 2147483681 3 1224979098644774913 823 846 2147483681 3 1224979098644774913 1051 1209 2133 2 1224979098644774914 1 3 0 31 2 1224979098644774914 1 4 0 32 2 1224979098644774919 920 2133 2 1224979098644774919 0 2106 2 1224979098644774918 220 3 0 500 3 2131 39 1 939 4 72057594037927936 -1 19 1224979098644774913 729 2 1 1224979098644774919 730 2 1 1224979098644774918 926 2 72057594037927936 1 729 2 3 500 730 2 3 500 925 2 72057594037927936 3 913 3 72057594037927946 466 466 926 2 72057594037927946 1 729 2 3 1000 730 2 3 2000 925 2 72057594037927946 3 922 2 72057594037927946 0 921 2 72057594037927946 14540253 500 3 2088 1224979098644774913 72057594037927946 4 0 2147483679 2 1224979098644774913 0 2322 2 22 1224979098644774913 1 2 206 1224979098644774913 2133 2 72057594037927956 72057594037927936 910 3 72057594037927937 1585267068834415310 4 729 2 1 1224979098644774919 2121 3 1224979098644774920 1224979098644774918 20 730 2 1 1224979098644774920 926 2 72057594037927937 1 925 2 72057594037927937 2 5 0 910 3 72057594037927937 1585267068834415282 4 729 2 1 1224979098644774919 2121 3 1224979098644774920 1224979098644774918 20 730 2 1 1224979098644774920 926 2 72057594037927937 1 925 2 72057594037927937 2 3 0 4 0 2147483679 2 1224979098644774913 0 4 0 32 2 144115188075855965 0 520 3 1224979098644774917 1224979098644774913 52 2120 3 1224979098644774916 1224979098644774917 216172782113786203 2320 2 13 1224979098644774916 2320 2 22 1585267068834420336 5 0 2320 2 22 216172782113790997 3 0 910 3 72057594037927937 216172782113790996 4 729 2 1 1224979098644774919 2121 3 1224979098644774920 1224979098644774918 40 730 2 1 1224979098644774920 926 2 72057594037927937 1 925 2 72057594037927937 2 3 0 2105 2 1224979098644774919 230 3 0 945 1 -1 
-62.000000  21 2071 1 1224979098644774912 4 0 31 2 1224979098644774912 144115188075856597 500 3 2131 39 0 4 0 31 2 144115188075856459 1 900 1 76 5 0 900 1 84 3 0 5 0 6 3 1224979098644774913 780 1051 4 0 31 2 1224979098644774913 780 2133 2 1224979098644774913 0 3 0 540 3 2088 1224979098644774913 1224979098644774912 2133 2 144115188075855920 1224979098644774913 900 1 78 3 0 3 0 
-61.000000  8 4 0 71 1 57 2124 1 1000 75 1 31 726 2 72057594037927967 31 727 2 72057594037927968 31 1106 1 1585267068834414774 3 0 


prsnt_governor_change 0 0 3
-60.000000  132 902 1 999999 2124 1 1000 911 2 72057594037927936 236 729 2 1 -1 730 2 1 -1 926 2 72057594037927936 1 729 2 1 1002 730 2 1 1002 925 2 72057594037927936 1 2120 3 1224979098644774912 144115188075855928 216172782113788815 2320 2 22 1224979098644774912 2322 2 40 144115188075855920 910 3 72057594037927937 1585267068834415351 16 729 2 1 550 730 2 1 710 926 2 72057594037927937 1 729 2 1 1100 730 2 1 1100 925 2 72057594037927937 1 520 3 144115188075855933 2090 144115188075855928 4 0 32 2 144115188075855933 0 2322 2 20 144115188075855933 2320 2 21 1585267068834415346 5 0 31 2 144115188075855933 0 2320 2 21 1585267068834415347 5 0 2320 2 21 1585267068834415348 3 0 910 3 72057594037927937 1585267068834415352 16 729 2 1 550 730 2 1 685 926 2 72057594037927937 1 729 2 1 1100 730 2 1 1100 925 2 72057594037927937 1 4 0 32 2 144115188075855933 -1 4 0 32 2 144115188075855965 0 520 3 1224979098644774913 144115188075855933 52 2120 3 1224979098644774912 1224979098644774913 216172782113786203 2320 2 13 1224979098644774912 2320 2 22 1585267068834420336 5 0 2320 2 22 216172782113790997 3 0 1 2 206 144115188075855933 2133 2 72057594037927956 72057594037927936 2323 2 30 144115188075855933 4 0 2147483679 2 144115188075855933 0 910 3 72057594037927937 1585267068834420344 16 5 0 910 3 72057594037927937 1585267068834415354 16 3 0 729 2 1 160 730 2 1 370 926 2 72057594037927937 1 729 2 1 1100 730 2 1 1100 925 2 72057594037927937 1 3 0 4 0 32 2 144115188075855933 -1 939 4 72057594037927936 -1 19 144115188075855933 729 2 1 90 730 2 1 440 926 2 72057594037927936 1 729 2 1 500 730 2 1 500 925 2 72057594037927936 1 3 0 939 4 72057594037927936 -1 19 144115188075855920 729 2 1 710 730 2 1 440 926 2 72057594037927936 1 729 2 1 500 730 2 1 500 925 2 72057594037927936 1 1 2 206 144115188075855920 2133 2 72057594037927956 72057594037927936 4 0 32 2 144115188075855965 0 520 3 1224979098644774913 144115188075855920 52 2120 3 1224979098644774912 1224979098644774913 216172782113786203 2320 2 13 1224979098644774912 2320 2 22 1585267068834420336 5 0 2320 2 22 216172782113790997 3 0 2322 2 33 144115188075855920 4 0 2147483679 2 144115188075855920 0 910 3 72057594037927937 1585267068834420345 16 5 0 910 3 72057594037927937 1585267068834415356 16 3 0 729 2 1 780 730 2 1 370 926 2 72057594037927937 1 729 2 1 1100 730 2 1 1100 925 2 72057594037927937 1 4 0 2147483679 2 144115188075855933 0 1 3 797 144115188075855928 -1 4 0 32 2 72057594037927936 1 32 2 144115188075855933 0 2320 2 0 1585267068834415357 3 0 910 3 72057594037927937 216172782113783815 16 729 2 1 550 730 2 1 650 926 2 72057594037927937 1 921 2 72057594037927937 127 729 2 1 1000 730 2 1 1000 925 2 72057594037927937 1 3 0 940 2 72057594037927937 216172782113789079 729 2 1 250 730 2 1 23 926 2 72057594037927937 1 2133 2 144115188075856597 72057594037927937 940 2 72057594037927937 1585267068834415358 729 2 1 750 730 2 1 23 926 2 72057594037927937 1 2133 2 144115188075856439 72057594037927937 
-62.000000  94 2071 1 1224979098644774912 4 0 31 2 1224979098644774912 144115188075856597 900 1 77 5 0 31 2 1224979098644774912 144115188075856439 4 0 32 2 144115188075855933 -1 1 4 788 144115188075855933 177 -1 1 2 849 144115188075855933 3 0 4 0 33 3 144115188075855920 781 823 540 3 144115188075855920 2 5 1210 2 144115188075855920 0 500 3 144115188075855920 2 2 500 3 144115188075855920 82 6 1550 2 144115188075855920 25 4 0 540 3 144115188075855920 14 0 500 3 144115188075855920 14 144115188075856921 3 0 2171 2 1224979098644774913 144115188075855920 2107 2 1224979098644774913 15 2111 2 1224979098644774913 200 1 3 207 144115188075855920 1224979098644774913 520 3 1224979098644774914 144115188075855920 11 2149 2 1224979098644774915 144115188075855920 2105 2 1224979098644774915 1224979098644774914 2170 3 1224979098644774916 0 144115188075855920 2170 3 1224979098644774917 22 144115188075855920 2105 2 1224979098644774916 1224979098644774917 2105 2 1224979098644774916 10 2107 2 1224979098644774915 1224979098644774916 2105 2 1224979098644774915 5 2108 2 1224979098644774915 10 500 3 144115188075855920 11 1224979098644774915 4 0 540 3 144115188075855920 154 1 1541 3 1224979098644774918 144115188075855920 8 31 2 1224979098644774918 -1 2136 3 1224979098644774919 130 142 1543 3 144115188075855920 8 1224979098644774919 2136 3 1224979098644774920 32 37 1544 3 144115188075855920 8 1224979098644774920 3 0 1530 2 144115188075855920 1073 1530 2 144115188075855920 644 4 0 1516 2 1224979098644774921 144115188075855920 31 2 1224979098644774921 0 2133 2 1224979098644774922 4 6 3 1224979098644774923 0 1224979098644774922 1541 3 1224979098644774919 144115188075855920 1224979098644774923 32 2 1224979098644774919 -1 1570 2 1224979098644774924 1224979098644774919 1073741857 3 1224979098644774924 8 11 33 3 1224979098644774924 16 18 2133 2 1224979098644774921 1 2133 2 1224979098644774922 -1 3 0 4 0 1541 3 1224979098644774918 144115188075855920 8 32 2 1224979098644774918 -1 2133 2 1224979098644774921 2 3 0 1517 2 144115188075855920 1224979098644774921 3 0 1509 2 144115188075855920 1 1 3 1063 144115188075855920 0 2123 3 1224979098644774925 72057594037927936 3 1 4 430 144115188075855920 0 1224979098644774925 3 0 1 4 788 144115188075855920 177 144115188075855928 6 3 1224979098644774926 21 153 2204 2 1224979098644774927 1224979098644774926 31 2 1224979098644774927 144115188075856921 521 3 1224979098644774928 1224979098644774926 68 31 2 1224979098644774928 144115188075855928 1 4 172 1224979098644774926 144115188075855920 0 3 0 1 3 797 144115188075855928 144115188075855920 2133 2 1224979098644774929 72057594037927936 1 4 430 0 144115188075855920 1224979098644774929 4 0 32 2 144115188075855933 0 32 2 1224979098644774929 0 2107 2 1224979098644774929 -1 1 4 430 0 144115188075855933 1224979098644774929 3 0 500 3 2090 144115188075855928 144115188075855920 500 3 2131 39 0 900 1 76 3 0 
-61.000000  8 4 0 71 1 57 2124 1 1000 75 1 31 726 2 72057594037927967 31 727 2 72057594037927968 31 1106 1 1585267068834414774 3 0 


prsnt_make_province_senatorial 0 0 3
-60.000000  104 902 1 999999 2124 1 1000 911 2 72057594037927936 236 729 2 1 -1 730 2 1 -1 926 2 72057594037927936 1 729 2 1 1002 730 2 1 1002 925 2 72057594037927936 1 2120 3 1224979098644774912 144115188075855928 216172782113788815 2320 2 22 1224979098644774912 2322 2 40 144115188075855920 910 3 72057594037927937 1585267068834415359 16 729 2 1 550 730 2 1 710 926 2 72057594037927937 1 729 2 1 1100 730 2 1 1100 925 2 72057594037927937 1 520 3 144115188075855933 2090 144115188075855928 4 0 32 2 144115188075855933 0 2322 2 20 144115188075855933 2320 2 21 1585267068834415360 5 0 31 2 144115188075855933 0 2320 2 21 1585267068834415361 5 0 2320 2 21 1585267068834415348 3 0 910 3 72057594037927937 1585267068834415362 16 729 2 1 550 730 2 1 680 926 2 72057594037927937 1 729 2 1 1000 730 2 1 1000 925 2 72057594037927937 1 4 0 32 2 144115188075855933 -1 4 0 32 2 144115188075855965 0 520 3 1224979098644774913 144115188075855933 52 2120 3 1224979098644774912 1224979098644774913 216172782113786203 2320 2 13 1224979098644774912 2320 2 22 1585267068834420336 5 0 2320 2 22 216172782113790997 3 0 1 2 206 144115188075855933 2133 2 72057594037927956 72057594037927936 2323 2 30 144115188075855933 4 0 2147483679 2 144115188075855933 0 910 3 72057594037927937 1585267068834420344 16 5 0 910 3 72057594037927937 1585267068834415354 16 3 0 729 2 1 160 730 2 1 370 926 2 72057594037927937 1 729 2 1 1100 730 2 1 1100 925 2 72057594037927937 1 3 0 4 0 32 2 144115188075855933 -1 939 4 72057594037927936 -1 19 144115188075855933 729 2 1 90 730 2 1 440 926 2 72057594037927936 1 729 2 1 500 730 2 1 500 925 2 72057594037927936 1 3 0 1 3 797 144115188075855928 -1 910 3 72057594037927937 216172782113783815 16 729 2 1 550 730 2 1 650 926 2 72057594037927937 1 921 2 72057594037927937 127 729 2 1 1000 730 2 1 1000 925 2 72057594037927937 1 910 3 72057594037927937 1585267068834415363 131072 729 2 1 475 730 2 1 200 926 2 72057594037927937 1 921 2 72057594037927937 127 729 2 1 900 730 2 1 900 925 2 72057594037927937 1 729 2 1 400 730 2 1 300 929 2 72057594037927937 1 940 2 72057594037927937 216172782113789079 729 2 1 250 730 2 1 23 926 2 72057594037927937 1 2133 2 144115188075856597 72057594037927937 940 2 72057594037927937 1585267068834415358 729 2 1 750 730 2 1 23 926 2 72057594037927937 1 2133 2 144115188075856439 72057594037927937 
-62.000000  12 2071 1 1224979098644774912 4 0 31 2 1224979098644774912 144115188075856597 900 1 76 5 0 31 2 1224979098644774912 144115188075856439 1 3 209 26 25 1 3 702 15 0 2120 3 1224979098644774913 100 144115188075855928 500 3 2090 1224979098644774913 84 900 1 76 3 0 
-61.000000  8 4 0 71 1 57 2124 1 1000 75 1 31 726 2 72057594037927967 31 727 2 72057594037927968 31 1106 1 1585267068834414774 3 0 


prsnt_make_province_imperial 0 0 3
-60.000000  105 902 1 999999 2124 1 1000 911 2 72057594037927936 236 729 2 1 -1 730 2 1 -1 926 2 72057594037927936 1 729 2 1 1002 730 2 1 1002 925 2 72057594037927936 1 2120 3 1224979098644774912 144115188075855928 216172782113788815 2320 2 22 1224979098644774912 2322 2 40 144115188075855920 520 3 72057594037927946 2431 19 910 3 72057594037927937 1585267068834415364 16 729 2 1 550 730 2 1 680 926 2 72057594037927937 1 729 2 1 1100 730 2 1 1100 925 2 72057594037927937 1 520 3 144115188075855933 2090 144115188075855928 4 0 32 2 144115188075855933 0 2322 2 20 144115188075855933 2320 2 21 1585267068834415365 5 0 31 2 144115188075855933 0 2320 2 21 1585267068834415366 5 0 2320 2 21 1585267068834415367 3 0 910 3 72057594037927937 1585267068834415352 16 729 2 1 550 730 2 1 650 926 2 72057594037927937 1 729 2 1 1000 730 2 1 1000 925 2 72057594037927937 1 4 0 32 2 144115188075855933 -1 4 0 32 2 144115188075855965 0 520 3 1224979098644774913 144115188075855933 52 2120 3 1224979098644774912 1224979098644774913 216172782113786203 2320 2 13 1224979098644774912 2320 2 22 1585267068834420336 5 0 2320 2 22 216172782113790997 3 0 1 2 206 144115188075855933 2133 2 72057594037927956 72057594037927936 2323 2 30 144115188075855933 4 0 2147483679 2 144115188075855933 0 910 3 72057594037927937 1585267068834420344 16 5 0 910 3 72057594037927937 1585267068834415354 16 3 0 729 2 1 160 730 2 1 370 926 2 72057594037927937 1 729 2 1 1100 730 2 1 1100 925 2 72057594037927937 1 3 0 4 0 32 2 144115188075855933 -1 939 4 72057594037927936 -1 19 144115188075855933 729 2 1 90 730 2 1 440 926 2 72057594037927936 1 729 2 1 500 730 2 1 500 925 2 72057594037927936 1 3 0 1 3 797 144115188075855928 -1 910 3 72057594037927937 216172782113783815 16 729 2 1 550 730 2 1 620 926 2 72057594037927937 1 921 2 72057594037927937 127 729 2 1 1000 730 2 1 1000 925 2 72057594037927937 1 910 3 72057594037927937 1585267068834415363 131072 729 2 1 475 730 2 1 200 926 2 72057594037927937 1 921 2 72057594037927937 127 729 2 1 900 730 2 1 900 925 2 72057594037927937 1 729 2 1 400 730 2 1 300 929 2 72057594037927937 1 940 2 72057594037927937 216172782113789079 729 2 1 250 730 2 1 23 926 2 72057594037927937 1 2133 2 144115188075856597 72057594037927937 940 2 72057594037927937 1585267068834415358 729 2 1 750 730 2 1 23 926 2 72057594037927937 1 2133 2 144115188075856439 72057594037927937 
-62.000000  19 2071 1 1224979098644774912 4 0 31 2 1224979098644774912 144115188075856597 900 1 75 5 0 31 2 1224979098644774912 144115188075856439 4 0 560 3 2431 19 66 1 3 209 26 -35 2122 3 1224979098644774913 40 -1 2108 2 1224979098644774913 2 1 3 702 1224979098644774913 0 2120 3 1224979098644774914 100 144115188075855928 500 3 2090 1224979098644774914 0 900 1 75 5 0 1106 2 1585267068834415368 15785267 3 0 3 0 
-61.000000  8 4 0 71 1 57 2124 1 1000 75 1 31 726 2 72057594037927967 31 727 2 72057594037927968 31 1106 1 1585267068834414774 3 0 


prsnt_province_notifiction_player 0 0 3
-60.000000  231 902 1 999999 2124 1 1000 911 2 72057594037927936 236 729 2 1 -1 730 2 1 -1 926 2 72057594037927936 1 729 2 1 1002 730 2 1 1002 925 2 72057594037927936 1 2133 2 1224979098644774912 0 6 3 1224979098644774913 781 1051 500 3 2088 1224979098644774913 0 2173 2 1224979098644774914 1224979098644774913 31 2 1224979098644774914 144115188075856921 540 3 1224979098644774913 2 2 2147484208 3 1224979098644774913 178 1 2147484208 3 1224979098644774913 179 1 2147484208 3 1224979098644774913 177 1 2105 2 1224979098644774912 1 3 0 2120 3 1224979098644774915 144115188075856033 100 520 3 1224979098644774916 2090 1224979098644774915 2173 2 1224979098644774917 144115188075855922 4 0 30 2 1224979098644774916 1 2272 1 1224979098644774918 2105 2 1224979098644774918 84 500 3 2090 1224979098644774915 1224979098644774918 2320 2 23 1585267068834415369 5 0 522 3 1224979098644774919 1224979098644774917 10 2322 2 23 1224979098644774919 3 0 2120 3 1224979098644774920 144115188075856033 216172782113788815 2320 2 22 1224979098644774920 2322 2 40 144115188075855922 1 3 798 144115188075856033 0 2319 1 1 4 0 2147483680 2 144115188075856856 0 2320 2 1 1585267068834415370 3 0 910 3 72057594037927937 1585267068834415371 131088 729 2 1 950 730 2 1 950 925 2 72057594037927937 1 729 2 1 225 730 2 1 650 926 2 72057594037927937 1 729 2 1 700 730 2 1 80 929 2 72057594037927937 1 1 3 797 144115188075856033 -1 910 3 72057594037927937 216172782113783815 131088 729 2 1 950 730 2 1 950 925 2 72057594037927937 1 729 2 1 225 730 2 1 590 926 2 72057594037927937 1 729 2 1 700 730 2 1 60 929 2 72057594037927937 1 921 2 72057594037927937 255 4 0 30 2 1224979098644774916 1 520 3 72057594037927958 2431 19 2320 2 23 1585267068834415372 5 0 520 3 72057594037927958 0 6 2320 2 23 1585267068834415373 3 0 910 3 72057594037927937 1585267068834415287 16 729 2 1 560 730 2 1 570 926 2 72057594037927937 1 729 2 1 1000 730 2 1 1000 925 2 72057594037927937 1 500 3 2131 39 1 939 4 72057594037927936 -1 19 144115188075855922 729 2 1 40 730 2 1 580 926 2 72057594037927936 1 729 2 1 450 730 2 1 450 925 2 72057594037927936 1 4 0 32 2 144115188075855965 0 520 3 1224979098644774921 144115188075855922 52 2120 3 1224979098644774920 1224979098644774921 216172782113786203 2320 2 13 1224979098644774920 2320 2 22 1585267068834420336 5 0 2320 2 22 216172782113790997 3 0 1 2 206 144115188075855922 2133 2 72057594037927956 72057594037927936 2323 2 30 144115188075855922 910 3 72057594037927937 1585267068834420346 16 729 2 1 110 730 2 1 515 926 2 72057594037927937 1 729 2 1 950 730 2 1 950 925 2 72057594037927937 1 940 2 72057594037927937 216172782113789079 729 2 1 450 730 2 1 20 926 2 72057594037927937 1 2133 2 144115188075856597 72057594037927937 2319 1 0 910 3 72057594037927937 0 131072 729 2 1 50 730 2 1 50 926 2 72057594037927937 1 729 2 1 900 730 2 1 450 929 2 72057594037927937 1 2123 3 1224979098644774922 1224979098644774912 4 2107 2 1224979098644774922 225 2133 2 1224979098644774923 20 729 2 2 900 730 2 2 900 945 1 72057594037927937 6 3 1224979098644774913 780 1051 2147483679 2 1224979098644774913 144115188075855922 4 0 31 2 1224979098644774913 780 2147483680 2 144115188075856856 0 2133 2 1224979098644774913 0 2133 2 1224979098644774914 144115188075856921 5 0 2173 2 1224979098644774914 1224979098644774913 3 0 2147483679 2 1224979098644774913 780 31 2 1224979098644774914 144115188075856921 540 3 1224979098644774913 2 2 2147484208 3 1224979098644774913 178 1 2147484208 3 1224979098644774913 179 1 2147484208 3 1224979098644774913 177 1 4 0 32 2 1224979098644774923 920 2133 2 1224979098644774923 0 2106 2 1224979098644774922 220 3 0 500 3 2131 39 1 939 4 72057594037927936 -1 19 1224979098644774913 729 2 1 1224979098644774923 730 2 1 1224979098644774922 926 2 72057594037927936 1 729 2 3 450 730 2 3 450 925 2 72057594037927936 3 913 3 72057594037927946 466 466 926 2 72057594037927946 1 729 2 3 1000 730 2 3 2000 925 2 72057594037927946 3 922 2 72057594037927946 0 921 2 72057594037927946 14540253 500 3 2088 1224979098644774913 72057594037927946 4 0 2147483680 2 1224979098644774916 0 520 3 1224979098644774924 0 6 5 0 520 3 1224979098644774924 2431 19 3 0 4 0 2147483679 2 1224979098644774913 0 2322 2 22 1224979098644774913 1 2 206 1224979098644774913 2133 2 72057594037927956 72057594037927936 910 3 72057594037927937 1585267068834415310 4 729 2 1 1224979098644774923 2121 3 1224979098644774925 1224979098644774922 20 730 2 1 1224979098644774925 926 2 72057594037927937 1 925 2 72057594037927937 2 4 0 32 2 144115188075855965 0 520 3 1224979098644774921 1224979098644774913 52 2120 3 1224979098644774920 1224979098644774921 216172782113786203 2320 2 13 1224979098644774920 2320 2 22 1585267068834420336 5 0 2320 2 22 216172782113790997 3 0 910 3 72057594037927937 216172782113790996 4 729 2 1 1224979098644774923 2121 3 1224979098644774925 1224979098644774922 40 730 2 1 1224979098644774925 926 2 72057594037927937 1 925 2 72057594037927937 2 1 4 799 1224979098644774913 1 144115188075856033 910 3 72057594037927937 1585267068834415312 4 4 0 32 2 1224979098644774924 72057594037927936 921 2 72057594037927937 45824 5 0 921 2 72057594037927937 16711680 3 0 729 2 1 1224979098644774923 2121 3 1224979098644774925 1224979098644774922 60 730 2 1 1224979098644774925 926 2 72057594037927937 1 925 2 72057594037927937 2 5 0 910 3 72057594037927937 1585267068834415282 4 729 2 1 1224979098644774923 2121 3 1224979098644774925 1224979098644774922 20 730 2 1 1224979098644774925 926 2 72057594037927937 1 925 2 72057594037927937 2 1 4 799 1224979098644774913 1 144115188075856033 910 3 72057594037927937 1585267068834415312 4 4 0 32 2 1224979098644774924 72057594037927936 921 2 72057594037927937 45824 5 0 921 2 72057594037927937 16711680 3 0 729 2 1 1224979098644774923 2121 3 1224979098644774925 1224979098644774922 40 730 2 1 1224979098644774925 926 2 72057594037927937 1 925 2 72057594037927937 2 3 0 2105 2 1224979098644774923 230 3 0 945 1 -1 
-62.000000  80 2071 1 1224979098644774912 4 0 31 2 1224979098644774912 144115188075856597 520 3 1224979098644774913 2090 144115188075856033 4 0 32 2 1224979098644774913 -1 2147483679 2 1224979098644774913 144115188075855922 1 4 788 1224979098644774913 177 -1 1 2 849 1224979098644774913 3 0 1 4 788 144115188075855922 177 144115188075856033 6 3 1224979098644774914 21 153 2204 2 1224979098644774915 1224979098644774914 31 2 1224979098644774915 144115188075856921 521 3 1224979098644774916 1224979098644774914 68 31 2 1224979098644774916 144115188075856033 1 4 172 1224979098644774914 144115188075855922 0 3 0 1 3 797 144115188075856033 144115188075855922 2133 2 1224979098644774917 72057594037927936 522 3 1224979098644774918 144115188075856921 10 1 4 430 1224979098644774918 144115188075855922 1224979098644774917 500 3 2090 144115188075856033 144115188075855922 500 3 2131 39 0 2060 1 14 902 1 0 5 0 2120 3 1224979098644774919 144115188075856033 100 520 3 1224979098644774920 2090 1224979098644774919 4 0 2147483680 2 1224979098644774920 0 520 3 1224979098644774921 0 6 5 0 520 3 1224979098644774921 2431 19 3 0 6 3 1224979098644774922 780 1051 4 0 31 2 1224979098644774922 780 2133 2 1224979098644774922 0 3 0 540 3 2088 1224979098644774922 1224979098644774912 1 4 799 1224979098644774922 1 144115188075856033 2133 2 1224979098644774923 72057594037927936 4 0 2147483678 2 1224979098644774921 1224979098644774923 1106 2 1585267068834415375 16764108 3 0 30 2 1224979098644774921 1224979098644774923 2107 2 1224979098644774923 -1 4 0 2147483680 2 1224979098644774920 0 1 3 800 0 1224979098644774923 5 0 2107 2 1224979098644774923 40 2108 2 1224979098644774923 100 1 3 702 1224979098644774923 0 3 0 520 3 1224979098644774913 2090 144115188075856033 4 0 32 2 1224979098644774913 -1 1 4 788 1224979098644774913 177 -1 1 2 849 1224979098644774913 3 0 1 4 788 1224979098644774922 177 144115188075856033 6 3 1224979098644774914 21 153 2204 2 1224979098644774915 1224979098644774914 31 2 1224979098644774915 144115188075856921 521 3 1224979098644774916 1224979098644774914 68 31 2 1224979098644774916 144115188075856033 1 4 172 1224979098644774914 1224979098644774922 0 3 0 1 3 797 144115188075856033 1224979098644774922 2133 2 1224979098644774917 72057594037927936 1 4 430 0 1224979098644774922 1224979098644774917 500 3 2090 144115188075856033 1224979098644774922 500 3 2131 39 0 2060 1 14 902 1 0 3 0 3 0 
-61.000000  8 4 0 71 1 57 2124 1 1000 75 1 31 726 2 72057594037927967 31 727 2 72057594037927968 31 1106 1 1585267068834414774 3 0 


prsnt_influence_governor_change 0 0 3
-60.000000  207 902 1 999999 2124 1 1000 911 2 72057594037927936 236 729 2 1 -1 730 2 1 -1 926 2 72057594037927936 1 729 2 1 1002 730 2 1 1002 925 2 72057594037927936 1 2133 2 1224979098644774912 0 6 3 1224979098644774913 780 1051 4 0 31 2 1224979098644774913 780 2133 2 1224979098644774913 0 2133 2 1224979098644774914 144115188075856921 5 0 2173 2 1224979098644774914 1224979098644774913 3 0 500 3 2088 1224979098644774913 0 31 2 1224979098644774914 144115188075856921 540 3 1224979098644774913 2 2 2147484208 3 1224979098644774913 178 1 2147484208 3 1224979098644774913 179 1 2147484208 3 1224979098644774913 177 1 2105 2 1224979098644774912 1 3 0 2120 3 1224979098644774915 144115188075856033 216172782113788815 2320 2 22 1224979098644774915 2322 2 40 144115188075855922 1 3 798 144115188075856033 0 910 3 72057594037927937 1585267068834415376 8208 729 2 1 155 730 2 1 610 926 2 72057594037927937 1 729 2 1 1000 730 2 1 1000 925 2 72057594037927937 1 729 2 1 750 730 2 1 100 929 2 72057594037927937 1 520 3 72057594037927958 0 6 2320 2 23 1585267068834415377 910 3 72057594037927937 1585267068834415287 16 729 2 1 530 730 2 1 600 926 2 72057594037927937 1 729 2 1 1000 730 2 1 1000 925 2 72057594037927937 1 500 3 2131 39 1 939 4 72057594037927936 -1 19 144115188075855922 729 2 1 20 730 2 1 540 926 2 72057594037927936 1 729 2 1 500 730 2 1 500 925 2 72057594037927936 1 4 0 32 2 144115188075855965 0 520 3 1224979098644774916 144115188075855922 52 2120 3 1224979098644774915 1224979098644774916 216172782113786203 2320 2 13 1224979098644774915 2320 2 22 1585267068834420336 5 0 2320 2 22 216172782113790997 3 0 1 2 206 144115188075855922 2133 2 72057594037927956 72057594037927936 2323 2 30 144115188075855922 910 3 72057594037927937 1585267068834420346 16 729 2 1 90 730 2 1 470 926 2 72057594037927937 1 729 2 1 1100 730 2 1 1100 925 2 72057594037927937 1 1 3 797 144115188075856033 -1 910 3 72057594037927937 216172782113783815 8208 921 2 72057594037927937 127 729 2 1 155 730 2 1 570 926 2 72057594037927937 1 729 2 1 1000 730 2 1 1000 925 2 72057594037927937 1 729 2 1 750 730 2 1 100 929 2 72057594037927937 1 940 2 72057594037927937 216172782113789079 729 2 1 450 730 2 1 20 926 2 72057594037927937 1 2133 2 144115188075856597 72057594037927937 2319 1 0 910 3 72057594037927937 0 131072 729 2 1 50 730 2 1 50 926 2 72057594037927937 1 729 2 1 900 730 2 1 450 929 2 72057594037927937 1 2123 3 1224979098644774917 1224979098644774912 4 2107 2 1224979098644774917 250 2133 2 1224979098644774918 20 729 2 2 900 730 2 2 900 945 1 72057594037927937 6 3 1224979098644774913 780 1051 1 2 902 1224979098644774913 2147483679 2 1224979098644774913 144115188075855922 4 0 31 2 1224979098644774913 780 2133 2 1224979098644774913 0 2133 2 1224979098644774914 144115188075856921 5 0 2173 2 1224979098644774914 1224979098644774913 3 0 31 2 1224979098644774914 144115188075856921 540 3 1224979098644774913 2 2 2147484208 3 1224979098644774913 178 1 2147484208 3 1224979098644774913 179 1 2147484208 3 1224979098644774913 177 1 4 0 32 2 1224979098644774918 920 2133 2 1224979098644774918 0 2106 2 1224979098644774917 220 3 0 500 3 2131 39 1 939 4 72057594037927936 -1 19 1224979098644774913 729 2 1 1224979098644774918 730 2 1 1224979098644774917 926 2 72057594037927936 1 729 2 3 500 730 2 3 500 925 2 72057594037927936 3 913 3 72057594037927946 466 466 926 2 72057594037927946 1 729 2 3 1000 730 2 3 2000 925 2 72057594037927946 3 922 2 72057594037927946 0 921 2 72057594037927946 14540253 500 3 2088 1224979098644774913 72057594037927946 520 3 1224979098644774919 0 6 4 0 2147483679 2 1224979098644774913 0 2322 2 22 1224979098644774913 1 2 206 1224979098644774913 2133 2 72057594037927956 72057594037927936 910 3 72057594037927937 1585267068834415310 4 729 2 1 1224979098644774918 2121 3 1224979098644774920 1224979098644774917 20 730 2 1 1224979098644774920 926 2 72057594037927937 1 925 2 72057594037927937 2 4 0 32 2 144115188075855965 0 520 3 1224979098644774916 1224979098644774913 52 2120 3 1224979098644774915 1224979098644774916 216172782113786203 2320 2 13 1224979098644774915 2320 2 22 1585267068834420336 5 0 2320 2 22 216172782113790997 3 0 910 3 72057594037927937 216172782113790996 4 729 2 1 1224979098644774918 2121 3 1224979098644774920 1224979098644774917 40 730 2 1 1224979098644774920 926 2 72057594037927937 1 925 2 72057594037927937 2 1 4 799 1224979098644774913 1 144115188075856033 910 3 72057594037927937 1585267068834415312 4 4 0 32 2 1224979098644774919 72057594037927936 921 2 72057594037927937 45824 5 0 921 2 72057594037927937 16711680 3 0 729 2 1 1224979098644774918 2121 3 1224979098644774920 1224979098644774917 60 730 2 1 1224979098644774920 926 2 72057594037927937 1 925 2 72057594037927937 2 5 0 910 3 72057594037927937 1585267068834415282 4 729 2 1 1224979098644774918 2121 3 1224979098644774920 1224979098644774917 20 730 2 1 1224979098644774920 926 2 72057594037927937 1 925 2 72057594037927937 2 1 4 799 1224979098644774913 1 144115188075856033 910 3 72057594037927937 1585267068834415312 4 4 0 32 2 1224979098644774919 72057594037927936 921 2 72057594037927937 45824 5 0 921 2 72057594037927937 16711680 3 0 729 2 1 1224979098644774918 2121 3 1224979098644774920 1224979098644774917 40 730 2 1 1224979098644774920 926 2 72057594037927937 1 925 2 72057594037927937 2 3 0 2105 2 1224979098644774918 230 3 0 945 1 -1 
-62.000000  71 2071 1 1224979098644774912 4 0 31 2 1224979098644774912 144115188075856597 900 1 74 5 0 2120 3 1224979098644774913 144115188075856033 100 520 3 1224979098644774914 2090 1224979098644774913 4 0 2147483680 2 1224979098644774914 0 520 3 1224979098644774915 0 6 5 0 520 3 1224979098644774915 2431 19 3 0 6 3 1224979098644774916 780 1051 4 0 31 2 1224979098644774916 780 2133 2 1224979098644774916 0 3 0 540 3 2088 1224979098644774916 1224979098644774912 1 4 799 1224979098644774916 1 144115188075856033 2133 2 1224979098644774917 72057594037927936 4 0 2147483678 2 1224979098644774915 1224979098644774917 1106 2 1585267068834415375 16764108 3 0 30 2 1224979098644774915 1224979098644774917 2107 2 1224979098644774917 -1 4 0 2147483680 2 1224979098644774914 0 1 3 800 0 1224979098644774917 5 0 2107 2 1224979098644774917 40 2108 2 1224979098644774917 100 1 3 702 1224979098644774917 0 3 0 520 3 1224979098644774918 2090 144115188075856033 4 0 32 2 1224979098644774918 -1 1 4 788 1224979098644774918 177 -1 1 2 849 1224979098644774918 3 0 1 4 788 1224979098644774916 177 144115188075856033 6 3 1224979098644774919 21 153 2204 2 1224979098644774920 1224979098644774919 31 2 1224979098644774920 144115188075856921 521 3 1224979098644774921 1224979098644774919 68 31 2 1224979098644774921 144115188075856033 1 4 172 1224979098644774919 1224979098644774916 0 3 0 1 3 797 144115188075856033 1224979098644774916 2133 2 1224979098644774922 72057594037927936 4 0 32 2 1224979098644774916 0 1 3 208 1224979098644774916 1224979098644774922 3 0 4 0 32 2 1224979098644774918 0 32 2 1224979098644774922 0 2107 2 1224979098644774922 -2 1 3 208 1224979098644774918 1224979098644774922 3 0 500 3 2090 144115188075856033 1224979098644774916 1 2 215 -5 2272 1 1224979098644774923 2105 2 1224979098644774923 2 500 3 144115188075855893 184 1224979098644774923 500 3 2131 39 0 960 1 1 902 1 0 3 0 3 0 
-61.000000  8 4 0 71 1 57 2124 1 1000 75 1 31 726 2 72057594037927967 31 727 2 72057594037927968 31 1106 1 1585267068834414774 3 0 


prsnt_influence_governor_change_senate 0 0 3
-60.000000  223 902 1 999999 2124 1 1000 911 2 72057594037927936 236 729 2 1 -1 730 2 1 -1 926 2 72057594037927936 1 729 2 1 1002 730 2 1 1002 925 2 72057594037927936 1 4 0 30 2 144115188075856856 1 2133 2 1224979098644774912 781 5 0 2133 2 1224979098644774912 780 3 0 2133 2 1224979098644774913 0 6 3 1224979098644774914 1224979098644774912 1051 4 0 31 2 1224979098644774914 780 2133 2 1224979098644774914 0 2133 2 1224979098644774915 144115188075856921 5 0 2173 2 1224979098644774915 1224979098644774914 3 0 500 3 2088 1224979098644774914 0 31 2 1224979098644774915 144115188075856921 540 3 1224979098644774914 2 2 2147484208 3 1224979098644774914 178 1 2147484208 3 1224979098644774914 179 1 2147484208 3 1224979098644774914 177 1 2105 2 1224979098644774913 1 3 0 2120 3 1224979098644774916 144115188075856033 216172782113788815 2320 2 22 1224979098644774916 2320 2 13 1585267068834420303 4 0 32 2 144115188075855922 -1 2322 2 40 144115188075855922 2320 2 13 1585267068834420304 3 0 1 3 798 144115188075856033 0 910 3 72057594037927937 1585267068834420305 131088 729 2 1 950 730 2 1 950 925 2 72057594037927937 1 729 2 1 225 730 2 1 650 926 2 72057594037927937 1 729 2 1 700 730 2 1 80 929 2 72057594037927937 1 1 3 797 144115188075856033 -1 910 3 72057594037927937 216172782113783815 131088 729 2 1 950 730 2 1 950 925 2 72057594037927937 1 729 2 1 225 730 2 1 590 926 2 72057594037927937 1 729 2 1 700 730 2 1 60 929 2 72057594037927937 1 921 2 72057594037927937 255 520 3 72057594037927958 2431 19 2320 2 23 1585267068834415379 910 3 72057594037927937 1585267068834415287 16 729 2 1 560 730 2 1 570 926 2 72057594037927937 1 729 2 1 1000 730 2 1 1000 925 2 72057594037927937 1 4 0 32 2 144115188075855922 -1 500 3 2131 39 1 939 4 72057594037927936 -1 19 144115188075855922 729 2 1 40 730 2 1 580 926 2 72057594037927936 1 729 2 1 450 730 2 1 450 925 2 72057594037927936 1 4 0 32 2 144115188075855965 0 520 3 1224979098644774917 144115188075855922 52 2120 3 1224979098644774916 1224979098644774917 216172782113786203 2320 2 13 1224979098644774916 2320 2 22 1585267068834420336 5 0 2320 2 22 216172782113790997 3 0 1 2 206 144115188075855922 2133 2 72057594037927956 72057594037927936 2323 2 30 144115188075855922 910 3 72057594037927937 1585267068834420347 16 729 2 1 110 730 2 1 515 926 2 72057594037927937 1 729 2 1 950 730 2 1 950 925 2 72057594037927937 1 3 0 940 2 72057594037927937 216172782113789079 729 2 1 450 730 2 1 20 926 2 72057594037927937 1 2133 2 144115188075856597 72057594037927937 2319 1 0 910 3 72057594037927937 0 131072 729 2 1 50 730 2 1 50 926 2 72057594037927937 1 729 2 1 900 730 2 1 450 929 2 72057594037927937 1 2123 3 1224979098644774918 1224979098644774913 4 2107 2 1224979098644774918 210 2133 2 1224979098644774919 20 729 2 2 900 730 2 2 900 945 1 72057594037927937 6 3 1224979098644774914 1224979098644774912 1051 1 2 902 1224979098644774914 2147483679 2 1224979098644774914 144115188075855922 4 0 31 2 1224979098644774914 780 2147483678 2 144115188075856856 1 2133 2 1224979098644774914 0 2133 2 1224979098644774915 144115188075856921 5 0 2173 2 1224979098644774915 1224979098644774914 3 0 2147483679 2 1224979098644774914 780 31 2 1224979098644774915 144115188075856921 540 3 1224979098644774914 2 2 2147484208 3 1224979098644774914 178 1 2147484208 3 1224979098644774914 179 1 2147484208 3 1224979098644774914 177 1 4 0 32 2 1224979098644774919 920 2133 2 1224979098644774919 0 2106 2 1224979098644774918 220 3 0 500 3 2131 39 1 939 4 72057594037927936 -1 19 1224979098644774914 729 2 1 1224979098644774919 730 2 1 1224979098644774918 926 2 72057594037927936 1 729 2 3 450 730 2 3 450 925 2 72057594037927936 3 913 3 72057594037927946 466 466 926 2 72057594037927946 1 729 2 3 1000 730 2 3 2000 925 2 72057594037927946 3 922 2 72057594037927946 0 921 2 72057594037927946 14540253 500 3 2088 1224979098644774914 72057594037927946 520 3 1224979098644774920 2431 19 4 0 2147483679 2 1224979098644774914 0 2322 2 22 1224979098644774914 1 2 206 1224979098644774914 2133 2 72057594037927956 72057594037927936 910 3 72057594037927937 1585267068834415310 4 729 2 1 1224979098644774919 2121 3 1224979098644774921 1224979098644774918 20 730 2 1 1224979098644774921 926 2 72057594037927937 1 925 2 72057594037927937 2 4 0 32 2 144115188075855965 0 520 3 1224979098644774917 1224979098644774914 52 2120 3 1224979098644774916 1224979098644774917 216172782113786203 2320 2 13 1224979098644774916 2320 2 22 1585267068834420336 5 0 2320 2 22 216172782113790997 3 0 910 3 72057594037927937 216172782113790996 4 729 2 1 1224979098644774919 2121 3 1224979098644774921 1224979098644774918 40 730 2 1 1224979098644774921 926 2 72057594037927937 1 925 2 72057594037927937 2 1 4 799 1224979098644774914 1 144115188075856033 910 3 72057594037927937 1585267068834415381 4 4 0 30 2 1224979098644774920 72057594037927936 921 2 72057594037927937 45824 5 0 921 2 72057594037927937 16711680 3 0 729 2 1 1224979098644774919 2121 3 1224979098644774921 1224979098644774918 60 730 2 1 1224979098644774921 926 2 72057594037927937 1 925 2 72057594037927937 2 5 0 910 3 72057594037927937 1585267068834415282 4 729 2 1 1224979098644774919 2121 3 1224979098644774921 1224979098644774918 20 730 2 1 1224979098644774921 926 2 72057594037927937 1 925 2 72057594037927937 2 1 4 799 1224979098644774914 1 144115188075856033 910 3 72057594037927937 1585267068834415381 4 4 0 30 2 1224979098644774920 72057594037927936 921 2 72057594037927937 45824 5 0 921 2 72057594037927937 16711680 3 0 729 2 1 1224979098644774919 2121 3 1224979098644774921 1224979098644774918 40 730 2 1 1224979098644774921 926 2 72057594037927937 1 925 2 72057594037927937 2 3 0 2105 2 1224979098644774919 230 3 0 945 1 -1 
-62.000000  70 2071 1 1224979098644774912 4 0 31 2 1224979098644774912 144115188075856597 900 1 75 5 0 2120 3 1224979098644774913 144115188075856033 100 520 3 1224979098644774914 2090 1224979098644774913 4 0 2147483680 2 1224979098644774914 0 520 3 1224979098644774915 0 6 5 0 520 3 1224979098644774915 2431 19 3 0 6 3 1224979098644774916 780 1051 4 0 31 2 1224979098644774916 780 2133 2 1224979098644774916 0 3 0 540 3 2088 1224979098644774916 1224979098644774912 1 4 799 1224979098644774916 1 144115188075856033 2133 2 1224979098644774917 72057594037927936 4 0 2147483678 2 1224979098644774915 1224979098644774917 1106 2 1585267068834415375 16764108 3 0 30 2 1224979098644774915 1224979098644774917 2107 2 1224979098644774917 -1 4 0 2147483680 2 1224979098644774914 0 1 3 800 0 1224979098644774917 5 0 2107 2 1224979098644774917 40 2108 2 1224979098644774917 100 1 3 702 1224979098644774917 0 3 0 520 3 1224979098644774918 2090 144115188075856033 4 0 32 2 1224979098644774918 -1 1 4 788 1224979098644774918 177 -1 1 2 849 1224979098644774918 3 0 1 4 788 1224979098644774916 177 144115188075856033 6 3 1224979098644774919 21 153 2204 2 1224979098644774920 1224979098644774919 31 2 1224979098644774920 144115188075856921 521 3 1224979098644774921 1224979098644774919 68 31 2 1224979098644774921 144115188075856033 1 4 172 1224979098644774919 1224979098644774916 0 3 0 1 3 797 144115188075856033 1224979098644774916 2133 2 1224979098644774922 72057594037927936 4 0 32 2 1224979098644774916 0 1 3 208 1224979098644774916 1224979098644774922 3 0 4 0 32 2 1224979098644774918 0 32 2 1224979098644774922 0 2107 2 1224979098644774922 -2 1 3 208 1224979098644774918 1224979098644774922 3 0 500 3 2090 144115188075856033 1224979098644774916 1 2 215 -5 2272 1 1224979098644774923 2105 2 1224979098644774923 84 500 3 2090 1224979098644774913 1224979098644774923 500 3 2131 39 0 900 1 75 3 0 3 0 
-61.000000  8 4 0 71 1 57 2124 1 1000 75 1 31 726 2 72057594037927967 31 727 2 72057594037927968 31 1106 1 1585267068834414774 3 0 


prsnt_worldmap_fief_selection_feudal 0 0 4
-60.000000  496 2133 2 144115188075856516 -1 2133 2 144115188075856804 -1 2133 2 144115188075856805 -1 2133 2 144115188075856806 -1 2133 2 144115188075856807 -1 2133 2 144115188075856808 -1 2133 2 144115188075856809 -1 2133 2 144115188075856810 -1 2133 2 144115188075856811 -1 2133 2 144115188075856812 -1 2133 2 144115188075856813 -1 2133 2 144115188075856814 -1 2133 2 144115188075856815 -1 2133 2 144115188075856512 -1 2133 2 144115188075856513 -1 2133 2 144115188075856514 -1 902 1 999999 2124 1 1000 911 2 72057594037927936 236 729 2 1 -1 730 2 1 -1 926 2 72057594037927936 1 729 2 1 1002 730 2 1 1002 925 2 72057594037927936 1 2133 2 1224979098644774912 15 2133 2 1224979098644774913 725 2133 2 1224979098644774914 -297000 2133 2 1224979098644774915 310000 2133 2 1224979098644774916 -275000 2133 2 1224979098644774917 210000 2133 2 1224979098644774918 1224979098644774914 2133 2 1224979098644774919 1224979098644774917 2133 2 1224979098644774920 3466 2133 2 1224979098644774921 4427 2121 3 1224979098644774922 1224979098644774915 1224979098644774914 2121 3 1224979098644774923 1224979098644774917 1224979098644774916 2108 2 1224979098644774922 1224979098644774920 2108 2 1224979098644774923 1224979098644774921 2133 2 1224979098644774924 5 2122 3 1224979098644774925 1224979098644774924 50 729 2 2 1224979098644774925 730 2 2 1224979098644774925 2133 2 144115188075856816 1 6 3 1224979098644774926 781 1051 1073742364 3 1224979098644774926 2 2 110 1 1224979098644774926 2105 2 144115188075856816 1 3 0 2121 3 144115188075856817 153 21 2105 2 144115188075856817 1 6 3 1224979098644774927 0 1000 500 3 2087 1224979098644774927 -1 500 3 2088 1224979098644774927 -1 500 3 2089 1224979098644774927 -1 3 0 2133 2 1224979098644774928 1224979098644774912 2133 2 1224979098644774929 1224979098644774913 2133 2 1224979098644774930 1224979098644774918 2133 2 1224979098644774931 1224979098644774919 6 3 1224979098644774932 0 1224979098644774923 6 3 1224979098644774933 0 1224979098644774922 2133 2 1224979098644774934 16777215 729 2 3 1224979098644774930 730 2 3 1224979098644774931 1626 2 1 3 1608 2 1224979098644774935 1 4 0 1073741855 2 1224979098644774935 0 1073741855 2 1224979098644774935 6 1073741855 2 1224979098644774935 8 31 2 1224979098644774935 7 2133 2 1224979098644774934 26367 5 0 1 3 151 1 0 2133 2 1224979098644774936 72057594037927936 4 0 2147483678 2 1224979098644774936 525 32 2 1224979098644774936 -1 2204 2 1224979098644774937 1224979098644774936 1073741857 3 1224979098644774937 25 53 33 3 1224979098644774937 64 73 1277 2 1224979098644774934 1224979098644774937 3 0 3 0 911 2 72057594037927936 239 921 2 72057594037927936 1224979098644774934 729 2 1 1224979098644774928 730 2 1 1224979098644774929 926 2 72057594037927936 1 925 2 72057594037927936 2 2120 3 1224979098644774938 1224979098644774925 50 2133 2 1224979098644774939 50 1 3 151 1 0 2133 2 1224979098644774936 72057594037927936 4 0 32 2 1224979098644774936 -1 2147483678 2 1224979098644774936 525 541 3 1224979098644774936 0 4 521 3 1224979098644774940 1224979098644774936 105 5 0 2133 2 1224979098644774940 1224979098644774936 3 0 4 0 2121 3 1224979098644774941 1224979098644774930 1224979098644774920 2133 2 1224979098644774942 1224979098644774931 729 2 4 1224979098644774941 730 2 4 1224979098644774942 1626 2 1 4 1608 2 1224979098644774943 1 4 0 2133 2 1224979098644774944 0 4 0 2147483679 2 1224979098644774935 0 2147483679 2 1224979098644774935 7 2147483679 2 1224979098644774935 8 2147483679 2 1224979098644774935 6 2147483679 2 1224979098644774943 0 2147483679 2 1224979098644774943 7 2147483679 2 1224979098644774943 8 2147483679 2 1224979098644774943 6 1 3 151 1 0 2133 2 1224979098644774945 72057594037927936 4 0 2147483678 2 1224979098644774945 525 32 2 1224979098644774945 -1 4 0 541 3 1224979098644774945 0 4 521 3 1224979098644774946 1224979098644774945 105 5 0 2133 2 1224979098644774946 1224979098644774945 3 0 2147483679 2 1224979098644774946 1224979098644774940 2133 2 1224979098644774944 1 3 0 3 0 31 2 1224979098644774944 1 911 2 72057594037927936 239 921 2 72057594037927936 0 729 2 1 1224979098644774928 730 2 1 1224979098644774929 926 2 72057594037927936 1 729 2 1 1224979098644774939 730 2 1 1224979098644774938 925 2 72057594037927936 1 3 0 3 0 4 0 2133 2 1224979098644774941 1224979098644774930 2121 3 1224979098644774942 1224979098644774931 1224979098644774921 729 2 4 1224979098644774941 730 2 4 1224979098644774942 1626 2 1 4 1608 2 1224979098644774943 1 4 0 2133 2 1224979098644774944 0 4 0 2147483679 2 1224979098644774935 0 2147483679 2 1224979098644774935 6 2147483679 2 1224979098644774935 7 2147483679 2 1224979098644774935 8 2147483679 2 1224979098644774943 0 2147483679 2 1224979098644774943 6 2147483679 2 1224979098644774943 7 2147483679 2 1224979098644774943 8 1 3 151 1 0 2133 2 1224979098644774945 72057594037927936 4 0 2147483678 2 1224979098644774945 525 32 2 1224979098644774945 -1 4 0 541 3 1224979098644774945 0 4 521 3 1224979098644774946 1224979098644774945 105 5 0 2133 2 1224979098644774946 1224979098644774945 3 0 2147483679 2 1224979098644774946 1224979098644774940 2133 2 1224979098644774944 1 3 0 3 0 31 2 1224979098644774944 1 911 2 72057594037927936 239 921 2 72057594037927936 0 729 2 1 1224979098644774928 730 2 1 1224979098644774929 926 2 72057594037927936 1 729 2 1 1224979098644774938 730 2 1 1224979098644774939 925 2 72057594037927936 1 3 0 3 0 2105 2 1224979098644774928 1224979098644774924 2105 2 1224979098644774930 1224979098644774920 3 0 2133 2 1224979098644774928 1224979098644774912 2106 2 1224979098644774929 1224979098644774924 2133 2 1224979098644774930 1224979098644774918 2106 2 1224979098644774931 1224979098644774921 3 0 2133 2 1224979098644774947 0 6 3 1224979098644774948 21 153 132 1 1224979098644774948 1625 2 4 1224979098644774948 726 2 1224979098644774949 4 727 2 1224979098644774950 4 2106 2 1224979098644774949 1224979098644774918 2106 2 1224979098644774950 1224979098644774919 2107 2 1224979098644774949 1224979098644774924 2107 2 1224979098644774950 1224979098644774924 2108 2 1224979098644774949 1224979098644774920 2108 2 1224979098644774950 1224979098644774921 2105 2 1224979098644774949 1224979098644774912 2105 2 1224979098644774950 1224979098644774913 4 0 541 3 1224979098644774948 0 3 2133 2 1224979098644774951 15 5 0 541 3 1224979098644774948 0 2 2133 2 1224979098644774951 10 5 0 541 3 1224979098644774948 0 4 2133 2 1224979098644774951 8 3 0 2107 2 1224979098644774951 50 913 3 72057594037927936 240 240 952 2 72057594037927936 6 921 2 72057594037927936 0 729 2 1 1224979098644774949 730 2 1 1224979098644774950 926 2 72057594037927936 1 729 2 1 1224979098644774951 730 2 1 1224979098644774951 925 2 72057594037927936 1 500 3 2087 1224979098644774947 72057594037927936 2105 2 1224979098644774947 1 500 3 2087 1224979098644774947 1224979098644774948 2330 2 1 1224979098644774948 910 3 72057594037927937 1 65552 2120 3 1224979098644774952 1224979098644774949 0 2120 3 1224979098644774953 1224979098644774950 10 729 2 1 1224979098644774952 730 2 1 1224979098644774953 926 2 72057594037927937 1 921 2 72057594037927937 16777215 729 2 1 780 730 2 1 780 925 2 72057594037927937 1 947 2 72057594037927937 0 2105 2 1224979098644774947 1 500 3 2087 1224979098644774947 72057594037927937 521 3 1224979098644774954 1224979098644774948 7 4 0 32 2 1224979098644774954 -1 2322 2 1 1224979098644774954 5 0 2320 2 1 1585267068834415382 3 0 910 3 72057594037927937 1 65552 2120 3 1224979098644774952 1224979098644774949 0 2120 3 1224979098644774953 1224979098644774950 -25 729 2 1 1224979098644774952 730 2 1 1224979098644774953 926 2 72057594037927937 1 921 2 72057594037927937 16777215 729 2 1 780 730 2 1 780 925 2 72057594037927937 1 947 2 72057594037927937 0 2105 2 1224979098644774947 1 500 3 2087 1224979098644774947 72057594037927937 4 0 32 2 1224979098644774954 -1 2105 2 1224979098644774947 1 500 3 2087 1224979098644774947 1224979098644774954 5 0 2105 2 1224979098644774947 1 500 3 2087 1224979098644774947 -1 3 0 2105 2 1224979098644774947 1 500 3 2087 1224979098644774947 0 2105 2 1224979098644774947 1 3 0 520 3 144115188075856804 2087 0 2106 2 1224979098644774947 6 520 3 144115188075856805 2087 1224979098644774947 2133 2 1224979098644774955 -1 6 3 1224979098644774926 781 1051 1073742364 3 1224979098644774926 2 2 110 1 1224979098644774926 2136 3 1224979098644774956 0 10000 2107 2 1224979098644774956 16777215 2108 2 1224979098644774956 10000 2105 2 1224979098644774955 1 500 3 2088 1224979098644774955 1224979098644774926 2105 2 1224979098644774955 1 500 3 2088 1224979098644774955 1224979098644774956 2105 2 1224979098644774955 2 3 0 2136 3 1224979098644774956 0 10000 2107 2 1224979098644774956 16777215 2108 2 1224979098644774956 10000 2105 2 1224979098644774955 1 500 3 2088 1224979098644774955 0 2105 2 1224979098644774955 1 500 3 2088 1224979098644774955 1224979098644774956 2319 1 0 910 3 144115188075856818 0 8192 729 2 1 790 730 2 1 450 926 2 144115188075856818 1 729 2 1 200 730 2 1 4100 925 2 144115188075856818 1 729 2 1 200 730 2 1 250 929 2 144115188075856818 1 945 1 144115188075856818 2133 2 1224979098644774957 160 2133 2 1224979098644774958 4000 2322 2 0 0 940 3 72057594037927937 216172782113783815 16 729 2 3 1224979098644774957 730 2 3 1224979098644774958 926 2 72057594037927937 3 729 2 3 100 730 2 3 25 925 2 72057594037927937 3 2106 2 1224979098644774958 25 1 3 803 0 0 520 3 1224979098644774955 2089 0 2105 2 1224979098644774955 2 500 3 2088 1224979098644774955 72057594037927937 2133 2 144115188075856809 72057594037927937 4 0 30 2 144115188075855965 1 6 3 1224979098644774926 781 1051 1073742364 3 1224979098644774926 2 2 110 1 1224979098644774926 2323 2 0 1224979098644774926 940 3 72057594037927937 216172782113783815 16 1 3 803 0 1224979098644774926 520 3 1224979098644774955 2089 0 2105 2 1224979098644774955 2 500 3 2088 1224979098644774955 72057594037927937 729 2 3 1224979098644774957 730 2 3 1224979098644774958 926 2 72057594037927937 3 729 2 3 100 730 2 3 25 925 2 72057594037927937 3 2106 2 1224979098644774958 25 3 0 3 0 2133 2 144115188075856810 72057594037927937 945 1 -1 940 2 144115188075856812 1585267068834415384 729 2 1 915 730 2 1 705 926 2 144115188075856812 1 2133 2 144115188075856820 1 918 3 144115188075856811 237 238 729 2 1 165 730 2 1 60 926 2 144115188075856811 1 910 3 144115188075856819 1585267068834420294 65536 921 2 144115188075856819 127 729 2 1 60 730 2 1 60 926 2 144115188075856819 1 729 2 1 780 730 2 1 780 925 2 144115188075856819 1 910 2 144115188075856808 1585267068834415385 729 2 1 825 730 2 1 700 926 2 144115188075856808 1 729 2 1 780 730 2 1 780 925 2 144115188075856808 1 921 2 144115188075856808 16777215 947 2 144115188075856808 0 914 3 144115188075856807 0 16777215 729 2 1 950 730 2 1 670 926 2 144115188075856807 1 729 2 1 600 730 2 1 780 925 2 144115188075856807 1 947 2 144115188075856807 0 940 2 144115188075856806 1585267068834415386 729 2 1 900 730 2 1 640 926 2 144115188075856806 1 729 2 1 100 730 2 1 25 925 2 144115188075856806 1 921 2 144115188075856806 16777215 947 2 144115188075856806 0 4 0 30 2 144115188075855965 1 910 3 144115188075856821 1585267068834415387 65536 921 2 144115188075856821 127 729 2 1 60 730 2 1 160 926 2 144115188075856821 1 729 2 1 780 730 2 1 780 925 2 144115188075856821 1 916 1 144115188075856813 6 3 1224979098644774959 25 53 542 3 1224979098644774959 14 0 2335 2 1 1224979098644774959 931 2 144115188075856813 1585267068834414691 3 0 729 2 1 150 730 2 1 125 926 2 144115188075856813 1 729 2 1 575 730 2 1 700 925 2 144115188075856813 1 3 0 910 2 144115188075856822 1585267068834415388 729 2 1 840 730 2 1 150 926 2 144115188075856822 1 729 2 1 780 730 2 1 780 925 2 144115188075856822 1 921 2 144115188075856822 255 947 2 144115188075856822 0 2133 2 1224979098644774927 0 916 1 144115188075856814 6 3 1224979098644774926 781 1051 1073742364 3 1224979098644774926 2 2 110 1 1224979098644774926 2173 2 1224979098644774960 1224979098644774926 31 2 1224979098644774960 144115188075856921 2322 2 0 1224979098644774926 1 2 206 1224979098644774926 931 2 144115188075856814 1585267068834419529 1 3 803 0 1224979098644774926 520 3 1224979098644774955 2089 0 2105 2 1224979098644774955 3 500 3 2088 1224979098644774955 1224979098644774927 2105 2 1224979098644774927 1 3 0 1 3 803 0 0 520 3 1224979098644774955 2089 72057594037927936 2105 2 1224979098644774955 3 500 3 2088 1224979098644774955 1224979098644774927 2322 2 0 0 931 2 144115188075856814 1585267068834419530 2105 2 1224979098644774927 1 931 2 144115188075856814 1585267068834414658 927 2 144115188075856814 1224979098644774927 2133 2 144115188075856823 1224979098644774927 729 2 1 945 730 2 1 90 926 2 144115188075856814 1 729 2 1 550 730 2 1 700 925 2 144115188075856814 1 947 2 144115188075856814 0 940 2 144115188075856516 216172782113786653 729 2 1 400 730 2 1 30 926 2 144115188075856516 1 4 0 542 3 144115188075856921 223 1 940 2 144115188075856514 1585267068834415389 729 2 1 600 730 2 1 30 926 2 144115188075856514 1 3 0 912 3 144115188075856815 1585267068834415390 65536 729 2 1 825 730 2 1 30 926 2 144115188075856815 1 921 2 144115188075856815 127 910 3 72057594037927937 216172782113783809 65552 921 2 72057594037927937 15785267 729 2 1 800 730 2 1 170 926 2 72057594037927937 1 729 2 1 900 730 2 1 900 925 2 72057594037927937 1 2133 2 144115188075856512 72057594037927937 910 3 72057594037927937 216172782113783809 16 729 2 1 800 730 2 1 95 926 2 72057594037927937 1 729 2 1 900 730 2 1 900 925 2 72057594037927937 1 2133 2 144115188075856513 72057594037927937 
-63.000000  53 2071 1 1224979098644774912 2072 1 1224979098644774913 30 2 1224979098644774912 144115188075856804 2147483680 2 1224979098644774912 144115188075856805 2121 3 1224979098644774914 1 1224979098644774913 1 3 802 0 1224979098644774912 520 3 1224979098644774915 2089 0 32 2 1224979098644774915 -1 2120 3 1224979098644774916 1224979098644774915 2 520 3 1224979098644774917 2087 1224979098644774916 2106 2 1224979098644774916 1 520 3 1224979098644774918 2087 1224979098644774916 2319 1 1 2319 1 2 2319 1 3 2319 1 4 2330 2 1 1224979098644774918 2320 2 2 1585267068834414691 521 3 1224979098644774919 1224979098644774918 7 4 0 32 2 1224979098644774919 -1 2323 2 4 1224979098644774919 5 0 2320 2 4 1585267068834415382 3 0 2320 2 3 1585267068834415391 4 0 32 2 144115188075855973 1 521 3 72057594037927937 1224979098644774918 46 2320 2 3 1585267068834415392 521 3 72057594037927937 1224979098644774918 270 2320 2 3 1585267068834415393 3 0 521 3 1224979098644774920 1224979098644774918 68 2120 3 1224979098644774921 1224979098644774920 216172782113788815 2320 2 1 1224979098644774921 2120 3 1224979098644774922 1224979098644774920 100 520 3 1224979098644774923 2090 1224979098644774922 4 0 30 2 1224979098644774923 1 2320 2 22 1585267068834415339 5 0 2320 2 22 1585267068834415340 3 0 2320 2 3 1585267068834415394 947 2 144115188075856512 1224979098644774914 947 2 144115188075856513 1224979098644774914 920 2 144115188075856512 2 920 2 144115188075856513 3 2120 3 1224979098644774916 1224979098644774915 3 520 3 1224979098644774924 2087 1224979098644774916 947 2 1224979098644774917 1224979098644774914 947 2 1224979098644774924 1224979098644774914 
-62.000000  360 2071 1 1224979098644774912 2072 1 1224979098644774913 4 0 31 2 1224979098644774912 144115188075856516 960 1 1 902 1 0 5 0 31 2 1224979098644774912 144115188075856514 900 1 76 5 0 30 2 1224979098644774912 144115188075856804 2147483680 2 1224979098644774912 144115188075856805 2147483718 1 54 2147483718 1 42 2147483718 1 157 2147483718 1 29 1 3 802 0 1224979098644774912 520 3 1224979098644774914 2089 0 2120 3 1224979098644774915 1224979098644774914 4 520 3 1224979098644774916 2087 1224979098644774915 2120 3 1224979098644774915 1224979098644774914 5 520 3 1224979098644774917 2087 1224979098644774915 4 0 32 2 1224979098644774916 -1 1 3 803 0 1224979098644774916 520 3 1224979098644774914 2089 0 2120 3 1224979098644774915 1224979098644774914 1 520 3 1224979098644774918 2088 1224979098644774915 5 0 2133 2 1224979098644774918 16777215 3 0 2120 3 1224979098644774915 1224979098644774914 2 520 3 1224979098644774919 2088 1224979098644774915 1 3 802 4 1224979098644774916 2133 2 1224979098644774920 72057594037927936 6 3 1224979098644774921 0 1224979098644774920 520 3 1224979098644774914 2089 1224979098644774921 2120 3 1224979098644774915 1224979098644774914 5 520 3 1224979098644774922 2087 1224979098644774914 32 2 1224979098644774922 -1 4 0 31 2 1224979098644774917 1 500 3 2087 1224979098644774915 0 921 2 1224979098644774922 0 5 0 500 3 2087 1224979098644774915 1 921 2 1224979098644774922 1224979098644774918 3 0 3 0 4 0 32 2 1224979098644774916 -1 32 2 1224979098644774919 -1 4 0 31 2 1224979098644774917 1 921 2 1224979098644774919 0 5 0 921 2 1224979098644774919 26367 3 0 3 0 4 0 2147483678 2 1224979098644774916 0 4 0 31 2 1224979098644774917 1 2133 2 1224979098644774917 0 5 0 2133 2 1224979098644774917 1 3 0 927 2 144115188075856811 1224979098644774917 3 0 5 0 30 2 1224979098644774912 144115188075856804 2147483680 2 1224979098644774912 144115188075856805 1073741894 1 54 70 1 42 1 3 802 0 1224979098644774912 520 3 1224979098644774914 2089 0 2120 3 1224979098644774915 1224979098644774914 4 520 3 1224979098644774916 2087 1224979098644774915 2120 3 1224979098644774915 1224979098644774914 5 520 3 1224979098644774923 2087 1224979098644774915 31 2 1224979098644774923 1 32 2 1224979098644774916 -1 1 2 804 0 947 2 144115188075856808 1 947 2 144115188075856807 1 947 2 144115188075856806 1 1 3 803 0 1224979098644774916 520 3 1224979098644774914 2089 0 2120 3 1224979098644774915 1224979098644774914 1 520 3 1224979098644774918 2088 1224979098644774915 520 3 1224979098644774918 2087 1224979098644774916 2322 2 0 1224979098644774916 920 2 144115188075856808 0 927 2 144115188075856807 1224979098644774918 2133 2 144115188075856824 1224979098644774916 5 0 31 2 1224979098644774912 144115188075856806 1 2 804 1 947 2 144115188075856808 0 947 2 144115188075856807 0 947 2 144115188075856806 0 5 0 31 2 1224979098644774912 144115188075856807 1 3 802 4 144115188075856824 2133 2 1224979098644774920 72057594037927936 6 3 1224979098644774921 0 1224979098644774920 520 3 1224979098644774914 2089 1224979098644774921 520 3 1224979098644774922 2087 1224979098644774914 32 2 1224979098644774922 -1 921 2 1224979098644774922 1224979098644774913 3 0 1 3 803 0 144115188075856824 520 3 1224979098644774914 2089 0 2120 3 1224979098644774915 1224979098644774914 1 500 3 2088 1224979098644774915 1224979098644774913 5 0 30 2 1224979098644774912 144115188075856809 2147483680 2 1224979098644774912 144115188075856810 1 3 803 2 1224979098644774912 520 3 1224979098644774914 2089 0 520 3 1224979098644774924 2088 1224979098644774914 2120 3 1224979098644774915 1224979098644774914 1 520 3 1224979098644774918 2088 1224979098644774915 4 0 1 3 802 4 1224979098644774924 2133 2 1224979098644774920 72057594037927936 32 2 1224979098644774920 0 520 3 1224979098644774914 2089 0 2120 3 1224979098644774915 1224979098644774914 5 520 3 1224979098644774923 2087 1224979098644774915 6 3 1224979098644774921 0 1224979098644774920 520 3 1224979098644774914 2089 1224979098644774921 520 3 1224979098644774925 2087 1224979098644774914 32 2 1224979098644774925 -1 4 0 31 2 1224979098644774923 0 921 2 1224979098644774912 26367 921 2 1224979098644774925 1224979098644774918 2120 3 1224979098644774915 1224979098644774914 5 500 3 2087 1224979098644774915 1 5 0 921 2 1224979098644774912 0 921 2 1224979098644774925 0 2120 3 1224979098644774915 1224979098644774914 5 500 3 2087 1224979098644774915 0 3 0 3 0 5 0 1106 1 1585267068834415395 3 0 5 0 31 2 1224979098644774912 144115188075856811 4 0 31 2 1224979098644774913 1 2133 2 1224979098644774926 16777215 5 0 2133 2 1224979098644774926 0 3 0 1 3 802 4 -1 2133 2 1224979098644774920 72057594037927936 6 3 1224979098644774921 0 1224979098644774920 520 3 1224979098644774914 2089 1224979098644774921 520 3 1224979098644774925 2087 1224979098644774914 32 2 1224979098644774925 -1 921 2 1224979098644774925 1224979098644774926 2120 3 1224979098644774915 1224979098644774914 5 500 3 2087 1224979098644774915 1224979098644774913 3 0 5 0 31 2 1224979098644774912 144115188075856812 6 3 1224979098644774921 0 144115188075856817 2122 3 1224979098644774914 1224979098644774921 6 520 3 1224979098644774927 2087 1224979098644774914 32 2 1224979098644774927 -1 2120 3 1224979098644774915 1224979098644774914 4 520 3 1224979098644774916 2087 1224979098644774915 2120 3 1224979098644774928 1224979098644774914 5 4 0 31 2 1224979098644774916 -1 2133 2 1224979098644774926 16777215 5 0 1 3 803 0 1224979098644774916 520 3 1224979098644774914 2089 0 2120 3 1224979098644774915 1224979098644774914 1 520 3 1224979098644774926 2088 1224979098644774915 3 0 4 0 31 2 144115188075856820 1 921 2 1224979098644774927 1224979098644774926 500 3 2087 1224979098644774928 1 5 0 921 2 1224979098644774927 0 500 3 2087 1224979098644774928 0 3 0 3 0 4 0 31 2 144115188075856820 1 2133 2 144115188075856820 0 2133 2 1224979098644774929 26367 927 2 144115188075856811 1 5 0 2133 2 144115188075856820 1 2133 2 1224979098644774929 0 927 2 144115188075856811 0 3 0 6 3 1224979098644774930 144115188075856809 144115188075856810 921 2 1224979098644774930 1224979098644774929 3 0 2105 2 1224979098644774930 1 921 2 1224979098644774930 1224979098644774929 5 0 31 2 1224979098644774912 144115188075856813 2120 3 1224979098644774931 144115188075856810 1 6 3 1224979098644774921 144115188075856809 1224979098644774931 921 2 1224979098644774921 0 3 0 2133 2 1224979098644774932 -1 6 3 1224979098644774933 25 53 2147483679 2 1224979098644774913 -1 542 3 1224979098644774933 14 0 2105 2 1224979098644774932 1 31 2 1224979098644774932 1224979098644774913 2133 2 1224979098644774913 -1 2133 2 1224979098644774932 1224979098644774933 3 0 33 3 1224979098644774932 25 53 6 3 1224979098644774921 0 144115188075856817 2122 3 1224979098644774914 1224979098644774921 6 520 3 1224979098644774927 2087 1224979098644774914 32 2 1224979098644774927 -1 2120 3 1224979098644774915 1224979098644774914 1 520 3 1224979098644774934 2087 1224979098644774915 33 3 1224979098644774934 21 153 2120 3 1224979098644774915 1224979098644774914 4 520 3 1224979098644774916 2087 1224979098644774915 2204 2 1224979098644774935 1224979098644774934 2120 3 1224979098644774928 1224979098644774914 5 4 0 31 2 1224979098644774932 1224979098644774935 1 3 803 0 1224979098644774916 2133 2 1224979098644774920 72057594037927936 4 0 31 2 1224979098644774920 0 2133 2 1224979098644774926 16777215 5 0 520 3 1224979098644774914 2089 0 2120 3 1224979098644774915 1224979098644774914 1 520 3 1224979098644774926 2088 1224979098644774915 2120 3 1224979098644774915 1224979098644774914 2 520 3 1224979098644774930 2088 1224979098644774915 32 2 1224979098644774930 1 921 2 1224979098644774930 26367 3 0 921 2 1224979098644774927 1224979098644774926 500 3 2087 1224979098644774928 1 5 0 921 2 1224979098644774927 0 500 3 2087 1224979098644774928 0 3 0 3 0 5 0 30 2 1224979098644774912 144115188075856804 2147483680 2 1224979098644774912 144115188075856805 1073741894 1 157 70 1 29 1 3 802 0 1224979098644774912 32 2 72057594037927936 0 520 3 1224979098644774914 2089 0 2120 3 1224979098644774915 1224979098644774914 5 2120 3 1224979098644774915 1224979098644774914 4 520 3 1224979098644774916 2087 1224979098644774915 2133 2 1224979098644774936 0 4 0 542 3 144115188075856921 223 1 2133 2 1224979098644774936 1 5 0 1073741855 2 1224979098644774916 -1 31 2 1224979098644774916 0 2133 2 1224979098644774936 1 3 0 31 2 1224979098644774936 1 2120 3 1224979098644774915 1224979098644774914 1 520 3 144115188075856040 2087 1224979098644774915 33 3 144115188075856040 21 153 4 0 2204 2 1224979098644774937 144115188075856040 2147483679 2 1224979098644774937 25 1106 2 1585267068834420295 16724787 5 0 31 2 144115188075856298 144115188075856040 1106 1 1585267068834415345 5 0 542 3 144115188075856921 223 1 521 3 144115188075855928 144115188075856040 68 2120 3 1224979098644774938 144115188075855928 100 4 0 560 3 2090 1224979098644774938 1 1106 2 1585267068834415397 15785267 5 0 520 3 1224979098644774939 2090 144115188075855928 32 2 1224979098644774939 0 2173 2 1224979098644774935 1224979098644774939 2147483679 2 1224979098644774935 144115188075856921 1106 2 1585267068834415343 15785267 1106 2 1585267068834415344 15785267 5 0 2133 2 144115188075856459 0 900 1 77 3 0 5 0 1 2 804 0 947 2 144115188075856822 1 947 2 144115188075856814 1 927 2 144115188075856814 144115188075856823 3 0 5 0 31 2 1224979098644774912 144115188075856814 1 3 803 3 1224979098644774913 2133 2 1224979098644774920 72057594037927936 4 0 31 2 1224979098644774920 0 5 0 520 3 1224979098644774914 2089 0 2120 3 1224979098644774915 1224979098644774914 0 520 3 1224979098644774916 2088 1224979098644774915 33 3 144115188075856040 21 153 1073741857 3 1224979098644774916 781 1051 31 2 1224979098644774916 0 1 4 172 144115188075856040 1224979098644774916 0 522 3 1224979098644774940 25 45 4 0 31 2 1224979098644774940 144115188075856040 502 3 25 45 -1 3 0 1 6 406 20 0 144115188075856040 1224979098644774916 144115188075856150 2330 2 1 144115188075856040 1106 2 1585267068834415399 16711935 1 3 802 1 144115188075856040 520 3 1224979098644774914 2089 0 2120 3 1224979098644774915 1224979098644774914 4 500 3 2087 1224979098644774915 1224979098644774916 520 3 1224979098644774927 2087 1224979098644774914 32 2 1224979098644774927 -1 2120 3 1224979098644774915 1224979098644774914 3 520 3 1224979098644774941 2087 1224979098644774915 1 3 803 0 1224979098644774916 520 3 1224979098644774914 2089 0 2120 3 1224979098644774915 1224979098644774914 1 520 3 1224979098644774926 2088 1224979098644774915 2322 2 0 1224979098644774916 920 2 1224979098644774941 0 921 2 1224979098644774927 1224979098644774926 3 0 1 2 804 1 947 2 144115188075856822 0 947 2 144115188075856814 0 5 0 31 2 1224979098644774912 144115188075856815 1120 2 216172782113789562 1585267068834415400 3 0 
-61.000000  5 4 0 71 1 1 902 1 0 960 1 1 3 0 


prsnt_intro 0 453 3
-60.000000  14 601 2 124 2 902 1 1000000 2133 2 144115188075856082 -5 2133 2 144115188075855914 0 6 3 1224979098644774912 0 1000 500 3 2087 1224979098644774912 -1 3 0 910 2 144115188075856522 1585267068834415401 729 2 1 1000 730 2 1 1000 925 2 144115188075856522 1 729 2 1 25 730 2 1 725 926 2 144115188075856522 1 
-61.000000  381 2071 1 1224979098644774912 2124 1 1000 4 0 31 2 144115188075856082 -5 911 2 144115188075856521 239 921 2 144115188075856521 0 729 2 3 10000000 730 2 3 10000000 925 2 144115188075856521 3 729 2 3 0 730 2 3 0 926 2 144115188075856521 3 910 3 144115188075856586 1585267068834415402 6160 921 2 144115188075856586 16777215 922 2 144115188075856586 0 729 2 1 2250 730 2 1 2250 925 2 144115188075856586 1 729 2 1 500 730 2 1 375 926 2 144115188075856586 1 933 3 144115188075856586 2000 255 2105 2 144115188075855914 3250 2105 2 144115188075856082 1 5 0 31 2 144115188075856082 -4 32 2 1224979098644774912 144115188075855914 933 3 144115188075856586 1000 0 2105 2 144115188075855914 1250 2105 2 144115188075856082 1 5 0 31 2 144115188075856082 -3 32 2 1224979098644774912 144115188075855914 910 3 144115188075856587 1585267068834415403 6160 921 2 144115188075856587 16777215 922 2 144115188075856587 0 729 2 1 2250 730 2 1 2250 925 2 144115188075856587 1 729 2 1 500 730 2 1 375 926 2 144115188075856587 1 933 3 144115188075856587 2000 255 2105 2 144115188075855914 2750 2105 2 144115188075856082 1 5 0 31 2 144115188075856082 -2 32 2 1224979098644774912 144115188075855914 933 3 144115188075856587 1000 0 2105 2 144115188075855914 1250 2105 2 144115188075856082 1 5 0 31 2 144115188075856082 -1 32 2 1224979098644774912 144115188075855914 910 3 144115188075856588 1585267068834415404 6160 921 2 144115188075856588 16777215 922 2 144115188075856588 0 729 2 1 3000 730 2 1 3000 925 2 144115188075856588 1 729 2 1 500 730 2 1 375 926 2 144115188075856588 1 933 3 144115188075856588 2000 255 2105 3 144115188075855914 144115188075855914 4000 2105 2 144115188075856082 1 5 0 31 2 144115188075856082 0 32 2 1224979098644774912 144115188075855914 933 3 144115188075856588 1500 0 2105 2 144115188075855914 2500 2105 2 144115188075856082 1 5 0 32 2 1224979098644774912 144115188075855914 31 2 144115188075856082 1 2105 2 144115188075856082 1 933 3 144115188075856521 1500 0 911 2 72057594037927936 492 729 2 1 0 730 2 1 0 926 2 72057594037927936 1 911 2 144115188075856512 455 729 2 1 1000 730 2 1 1000 925 2 144115188075856512 1 922 2 144115188075856512 0 729 2 1 0 730 2 1 0 926 2 144115188075856512 1 933 3 144115188075856512 5000 255 601 2 125 1 600 2 239 1 2105 2 144115188075855914 13000 5 0 32 2 1224979098644774912 144115188075855914 31 2 144115188075856082 2 2105 2 144115188075856082 1 600 2 115 1 729 2 2 365 730 2 2 391 6 3 1224979098644774913 0 15 911 2 72057594037927937 461 926 2 72057594037927937 2 922 2 72057594037927937 0 933 3 72057594037927937 2500 255 500 3 2087 1224979098644774913 72057594037927937 947 2 72057594037927937 0 3 0 911 2 144115188075856513 460 729 2 1 1000 730 2 1 1000 925 2 144115188075856513 1 922 2 144115188075856513 0 729 2 1 0 730 2 1 0 926 2 144115188075856513 1 933 3 144115188075856513 5000 255 2105 2 144115188075855914 18000 5 0 32 2 1224979098644774912 144115188075855914 31 2 144115188075856082 3 2105 2 144115188075856082 1 520 3 1224979098644774914 2087 0 947 2 1224979098644774914 1 729 2 2 140 730 2 2 325 937 3 1224979098644774914 3000 2 520 3 1224979098644774914 2087 1 947 2 1224979098644774914 1 729 2 2 400 730 2 2 360 937 3 1224979098644774914 3000 2 911 2 144115188075856514 456 729 2 1 1000 730 2 1 1000 925 2 144115188075856514 1 922 2 144115188075856514 0 729 2 1 0 730 2 1 0 926 2 144115188075856514 1 933 3 144115188075856514 5000 255 600 2 240 1 2105 2 144115188075855914 14000 5 0 32 2 1224979098644774912 144115188075855914 31 2 144115188075856082 4 600 2 115 1 520 3 1224979098644774914 2087 2 947 2 1224979098644774914 1 729 2 2 320 730 2 2 455 937 3 1224979098644774914 3000 2 520 3 1224979098644774914 2087 3 947 2 1224979098644774914 1 729 2 2 491 730 2 2 372 937 3 1224979098644774914 3000 2 520 3 1224979098644774914 2087 4 947 2 1224979098644774914 1 729 2 2 307 730 2 2 275 937 3 1224979098644774914 3000 2 911 2 144115188075856515 457 729 2 1 1000 730 2 1 1000 925 2 144115188075856515 1 922 2 144115188075856515 0 729 2 1 0 730 2 1 0 926 2 144115188075856515 1 933 3 144115188075856515 5000 255 2105 2 144115188075856082 1 600 2 241 1 2105 2 144115188075855914 6000 5 0 32 2 1224979098644774912 144115188075855914 31 2 144115188075856082 5 601 2 126 1 2105 2 144115188075856082 1 2105 2 144115188075855914 8000 5 0 32 2 1224979098644774912 144115188075855914 31 2 144115188075856082 6 520 3 1224979098644774914 2087 5 947 2 1224979098644774914 1 729 2 2 216 730 2 2 507 937 3 1224979098644774914 3000 2 520 3 1224979098644774914 2087 6 947 2 1224979098644774914 1 729 2 2 676 730 2 2 354 937 3 1224979098644774914 3000 2 520 3 1224979098644774914 2087 7 947 2 1224979098644774914 1 729 2 2 508 730 2 2 218 937 3 1224979098644774914 3000 2 911 2 144115188075856516 458 729 2 1 1000 730 2 1 1000 925 2 144115188075856516 1 922 2 144115188075856516 0 729 2 1 0 730 2 1 0 926 2 144115188075856516 1 933 3 144115188075856516 5000 255 2105 2 144115188075856082 1 600 2 242 1 2105 2 144115188075855914 23000 5 0 32 2 1224979098644774912 144115188075855914 31 2 144115188075856082 7 600 2 115 1 520 3 1224979098644774914 2087 8 947 2 1224979098644774914 1 729 2 2 717 730 2 2 252 937 3 1224979098644774914 3000 2 520 3 1224979098644774914 2087 9 947 2 1224979098644774914 1 729 2 2 623 730 2 2 197 937 3 1224979098644774914 3000 2 520 3 1224979098644774914 2087 10 947 2 1224979098644774914 1 729 2 2 176 730 2 2 581 937 3 1224979098644774914 3000 2 520 3 1224979098644774914 2087 11 947 2 1224979098644774914 1 729 2 2 435 730 2 2 487 937 3 1224979098644774914 3000 2 520 3 1224979098644774914 2087 12 947 2 1224979098644774914 1 729 2 2 572 730 2 2 408 937 3 1224979098644774914 3000 2 520 3 1224979098644774914 2087 13 947 2 1224979098644774914 1 729 2 2 117 730 2 2 253 937 3 1224979098644774914 3000 2 911 2 144115188075856517 459 729 2 1 1000 730 2 1 1000 925 2 144115188075856517 1 922 2 144115188075856517 0 729 2 1 0 730 2 1 0 926 2 144115188075856517 1 933 3 144115188075856517 5000 255 2105 2 144115188075856082 1 601 2 119 1 600 2 243 1 2105 2 144115188075855914 9000 5 0 32 2 1224979098644774912 144115188075855914 31 2 144115188075856082 8 933 3 144115188075856512 2500 0 933 3 144115188075856513 2500 0 933 3 144115188075856514 2500 0 933 3 144115188075856515 2500 0 933 3 144115188075856516 2500 0 933 3 144115188075856517 2500 0 6 3 1224979098644774913 0 15 520 3 72057594037927937 2087 1224979098644774913 933 3 72057594037927937 2500 0 3 0 2105 2 144115188075856082 1 2105 2 144115188075855914 5000 5 0 32 2 1224979098644774912 144115188075855914 31 2 144115188075856082 9 911 2 144115188075856518 462 729 2 1 1000 730 2 1 1000 925 2 144115188075856518 1 922 2 144115188075856518 0 729 2 1 0 730 2 1 0 926 2 144115188075856518 1 933 3 144115188075856518 4000 255 2105 2 144115188075856082 1 2105 2 144115188075855914 9500 5 0 32 2 1224979098644774912 144115188075855914 31 2 144115188075856082 10 933 3 144115188075856518 4000 0 2105 2 144115188075856082 1 2105 2 144115188075855914 4500 5 0 32 2 1224979098644774912 144115188075855914 31 2 144115188075856082 11 2105 2 144115188075856082 1 911 2 144115188075856440 464 729 2 1 1000 730 2 1 1000 925 2 144115188075856440 1 922 2 144115188075856440 0 729 2 1 0 730 2 1 0 926 2 144115188075856440 1 933 3 144115188075856440 4000 255 2105 2 144115188075855914 9500 5 0 32 2 1224979098644774912 144115188075855914 31 2 144115188075856082 12 2105 2 144115188075856082 1 933 3 144115188075856440 4000 0 2105 2 144115188075855914 4500 5 0 32 2 1224979098644774912 144115188075855914 31 2 144115188075856082 13 2105 2 144115188075856082 1 911 2 144115188075856519 463 729 2 1 1000 730 2 1 1000 925 2 144115188075856519 1 922 2 144115188075856519 0 729 2 1 0 730 2 1 0 926 2 144115188075856519 1 933 3 144115188075856519 4000 255 2105 2 144115188075855914 9500 5 0 32 2 1224979098644774912 144115188075855914 31 2 144115188075856082 14 2105 2 144115188075856082 1 933 3 144115188075856519 4000 0 2105 2 144115188075855914 4500 5 0 32 2 1224979098644774912 144115188075855914 31 2 144115188075856082 15 2105 2 144115188075856082 1 911 2 144115188075856520 465 729 2 1 1000 730 2 1 1000 925 2 144115188075856520 1 922 2 144115188075856520 0 729 2 1 0 730 2 1 0 926 2 144115188075856520 1 933 3 144115188075856520 4000 255 2105 2 144115188075855914 9500 5 0 32 2 1224979098644774912 144115188075855914 31 2 144115188075856082 16 2105 2 144115188075856082 1 933 3 144115188075856520 4000 0 2105 2 144115188075855914 4500 5 0 32 2 1224979098644774912 144115188075855914 31 2 144115188075856082 17 2105 2 144115188075856082 1 911 2 144115188075856523 454 600 2 244 1 729 2 1 1000 730 2 1 1000 925 2 144115188075856523 1 922 2 144115188075856523 0 729 2 1 0 730 2 1 0 926 2 144115188075856523 1 933 3 144115188075856523 4000 255 2105 2 144115188075855914 19000 5 0 32 2 1224979098644774912 144115188075855914 31 2 144115188075856082 18 2105 2 144115188075856082 1 933 3 144115188075856523 3500 0 922 2 144115188075856521 255 2105 2 144115188075855914 4000 5 0 32 2 1224979098644774912 144115188075855914 31 2 144115188075856082 19 902 1 0 2060 1 10 2105 2 144115188075855914 500 3 0 
-61.000000  6 4 0 71 1 1 902 1 0 2060 1 10 609 0 3 0 


prsnt_display_special_items 0 0 5
-60.000000  198 2124 1 1000 6 3 1224979098644774912 0 1500 500 3 2089 1224979098644774912 0 3 0 2133 2 1224979098644774913 0 7 3 1224979098644774914 1652 1745 2147483679 2 1224979098644774914 1711 500 3 2089 1224979098644774913 1224979098644774914 2105 2 1224979098644774913 1 3 0 2121 3 144115188075856140 1224979098644774913 1 911 2 72057594037927936 453 729 2 1 -1 730 2 1 -1 926 2 72057594037927936 1 729 2 1 1002 730 2 1 1002 925 2 72057594037927936 1 2320 2 1 1585267068834415405 910 3 72057594037927937 1 10240 729 2 1 30 730 2 1 600 926 2 72057594037927937 1 729 2 1 400 730 2 1 100 929 2 72057594037927937 1 729 2 1 1100 730 2 1 1100 925 2 72057594037927937 1 4 0 32 2 144115188075856142 -1 2325 2 2 144115188075856142 2701 2 72057594037927958 144115188075856142 2320 2 1 1585267068834415406 2121 3 1224979098644774915 144115188075856142 1652 2105 2 1224979098644774915 216172782113790275 910 3 72057594037927937 1224979098644774915 10240 729 2 1 650 730 2 1 100 926 2 72057594037927937 1 729 2 1 325 730 2 1 500 929 2 72057594037927937 1 729 2 1 1100 730 2 1 1100 925 2 72057594037927937 1 4 0 33 3 144115188075856142 1713 1722 910 3 72057594037927937 1585267068834415407 16 729 2 1 475 730 2 1 410 926 2 72057594037927937 1 729 2 1 1100 730 2 1 1100 925 2 72057594037927937 1 921 2 72057594037927937 15785267 5 0 2320 2 0 1585267068834415408 2133 2 1224979098644774916 16724787 4 0 527 3 1224979098644774917 144115188075856142 5 30 2 1224979098644774917 0 1 3 30 0 1224979098644774917 2320 2 0 1585267068834415409 2133 2 1224979098644774916 43520 3 0 910 3 72057594037927937 216172782113783815 16 729 2 1 475 730 2 1 410 926 2 72057594037927937 1 729 2 1 1100 730 2 1 1100 925 2 72057594037927937 1 921 2 72057594037927937 1224979098644774916 2320 2 0 1585267068834415410 2133 2 1224979098644774916 16724787 4 0 150 1 144115188075856142 2320 2 0 1585267068834415411 2133 2 1224979098644774916 43520 5 0 151 2 2428 144115188075856142 2320 2 0 1585267068834415412 2133 2 1224979098644774916 43520 5 0 151 2 0 144115188075856142 2320 2 0 1585267068834415413 2133 2 1224979098644774916 43520 3 0 910 3 72057594037927937 216172782113783815 16 729 2 1 475 730 2 1 375 926 2 72057594037927937 1 729 2 1 1100 730 2 1 1100 925 2 72057594037927937 1 921 2 72057594037927937 1224979098644774916 3 0 5 0 2320 2 1 1585267068834415414 3 0 910 3 72057594037927937 1 16 729 2 1 475 730 2 1 615 926 2 72057594037927937 1 729 2 1 1000 730 2 1 1000 925 2 72057594037927937 1 2133 2 144115188075856439 -1 4 0 32 2 144115188075856142 -1 944 2 144115188075856439 144115188075856142 729 2 1 475 730 2 1 550 926 2 144115188075856439 1 729 2 1 1000 730 2 1 1000 925 2 144115188075856439 1 3 0 911 2 144115188075856440 245 729 2 1 1000 730 2 1 1000 925 2 144115188075856440 1 729 2 1 425 730 2 1 500 926 2 144115188075856440 1 4 0 31 2 144115188075856142 -1 922 2 144115188075856440 100 3 0 2319 1 0 910 3 144115188075856512 0 8192 729 2 1 30 730 2 1 25 926 2 144115188075856512 1 729 2 1 270 730 2 1 600 929 2 144115188075856512 1 945 1 144115188075856512 2133 2 1224979098644774918 0 2133 2 1224979098644774919 0 2133 2 1224979098644774920 0 2123 3 1224979098644774921 144115188075856140 3 2105 2 1224979098644774921 1 6 3 1224979098644774922 0 1224979098644774921 6 3 1224979098644774923 0 3 911 2 144115188075856512 245 729 2 1 890 730 2 1 830 925 2 144115188075856512 1 729 2 1 1224979098644774918 730 2 1 1224979098644774919 926 2 144115188075856512 1 911 2 144115188075856512 248 729 2 1 712 730 2 1 650 925 2 144115188075856512 1 729 2 1 1224979098644774918 730 2 1 1224979098644774919 926 2 144115188075856512 1 500 3 2087 1224979098644774920 144115188075856512 520 3 1224979098644774924 2089 1224979098644774920 4 0 1073741974 1 1224979098644774924 1073741975 2 2428 1224979098644774924 151 2 0 1224979098644774924 921 2 144115188075856512 43520 5 0 921 2 144115188075856512 16724787 3 0 4 0 32 2 1224979098644774924 0 944 2 144115188075856512 1224979098644774924 729 2 1 890 730 2 1 830 925 2 144115188075856512 1 2120 3 1224979098644774925 1224979098644774918 44 2120 3 1224979098644774926 1224979098644774919 41 729 2 1 1224979098644774925 730 2 1 1224979098644774926 926 2 144115188075856512 1 500 3 2088 1224979098644774924 144115188075856512 3 0 2105 2 1224979098644774920 1 2105 2 1224979098644774918 89 3 0 2133 2 1224979098644774918 0 2105 2 1224979098644774919 83 3 0 945 1 -1 729 2 2 50 730 2 2 50 940 3 144115188075856522 1585267068834415415 0 729 2 1 750 730 2 1 60 926 2 144115188075856522 1 929 2 144115188075856522 2 902 1 999999 
-62.000000  5 2071 1 1224979098644774912 4 0 31 2 1224979098644774912 144115188075856522 902 1 0 3 0 
-63.000000  30 2071 1 1224979098644774912 2072 1 1224979098644774913 4 0 31 2 1224979098644774913 0 2120 3 1224979098644774914 144115188075856140 1 6 3 1224979098644774915 0 1224979098644774914 540 3 2087 1224979098644774915 1224979098644774912 520 3 1224979098644774916 2089 1224979098644774915 4 0 32 2 1224979098644774916 0 520 3 1224979098644774917 2088 1224979098644774916 946 2 0 1224979098644774917 970 3 1224979098644774916 0 100 2133 2 144115188075856607 1224979098644774916 3 0 2133 2 1224979098644774914 -1 3 0 31 2 1224979098644774914 -1 5 0 2120 3 1224979098644774914 144115188075856140 1 6 3 1224979098644774915 0 1224979098644774914 540 3 2087 1224979098644774915 1224979098644774912 4 0 31 2 144115188075856607 1224979098644774916 971 0 3 0 2133 2 1224979098644774914 -1 3 0 31 2 1224979098644774914 -1 3 0 
-64.000000  49 2071 1 1224979098644774912 2072 1 1224979098644774913 4 0 31 2 1224979098644774913 0 2120 3 1224979098644774914 144115188075856140 1 6 3 1224979098644774915 0 1224979098644774914 540 3 2087 1224979098644774915 1224979098644774912 520 3 1224979098644774916 2089 1224979098644774915 4 0 31 2 144115188075856141 -1 32 2 1224979098644774916 0 520 3 1224979098644774917 2088 1224979098644774916 2133 2 144115188075856141 1224979098644774916 947 2 1224979098644774917 0 944 2 144115188075856439 144115188075856141 729 2 1 1000 730 2 1 1000 925 2 144115188075856439 1 5 0 31 2 144115188075856141 1224979098644774916 520 3 1224979098644774917 2088 1224979098644774916 947 2 1224979098644774917 1 2133 2 144115188075856439 -1 2133 2 144115188075856141 -1 900 1 86 3 0 3 0 4 0 31 2 1224979098644774912 144115188075856440 4 0 32 2 144115188075856141 -1 946 2 0 144115188075856440 926 2 144115188075856439 0 2133 2 144115188075856142 144115188075856141 2133 2 144115188075856141 -1 900 1 86 5 0 31 2 144115188075856141 -1 32 2 144115188075856142 -1 2133 2 144115188075856142 -1 900 1 86 3 0 3 0 5 0 31 2 1224979098644774913 1 32 2 144115188075856141 -1 2133 2 144115188075856141 -1 900 1 86 3 0 
-61.000000  4 2124 1 1000 32 2 144115188075856141 -1 75 1 1 926 2 144115188075856439 1 


prsnt_item_selection 0 0 5
-60.000000  484 2124 1 1000 6 3 1224979098644774912 0 1500 500 3 2089 1224979098644774912 0 3 0 2133 2 1224979098644774913 0 7 3 1224979098644774914 38 1652 2147483679 2 1224979098644774914 1651 2147483679 2 1224979098644774914 1647 2147483679 2 1224979098644774914 1648 2147483679 2 1224979098644774914 1649 2147483679 2 1224979098644774914 1033 2147483679 2 1224979098644774914 1658 2147483679 2 1224979098644774914 1644 2147483679 2 1224979098644774914 1645 2147483679 2 1224979098644774914 1646 2147483679 2 1224979098644774914 1638 2147483679 2 1224979098644774914 1639 2147483679 2 1224979098644774914 1636 2147483681 3 1224979098644774914 42 50 2147483679 2 1224979098644774914 1204 2147483679 2 1224979098644774914 14 2147483679 2 1224979098644774914 29 2147483679 2 1224979098644774914 1206 2147483679 2 1224979098644774914 1209 2147483679 2 1224979098644774914 1211 2147483679 2 1224979098644774914 1213 2147483679 2 1224979098644774914 1215 2147483679 2 1224979098644774914 1692 2147483679 2 1224979098644774914 1711 2133 2 1224979098644774915 1 4 0 2147484194 3 125 11 6 2147486374 2 1224979098644774914 6 2726 2 1224979098644774914 73 2133 2 1224979098644774915 0 3 0 31 2 1224979098644774915 1 4 0 1073741857 3 144115188075855893 1648 1700 31 2 144115188075855893 2448 1570 2 1224979098644774916 1224979098644774914 31 2 1224979098644774916 1 500 3 2089 1224979098644774913 1224979098644774914 2105 2 1224979098644774913 1 5 0 1073741857 3 144115188075855893 1440 1492 1073741857 3 144115188075855893 1492 1544 31 2 144115188075855893 2439 1570 2 1224979098644774916 1224979098644774914 2133 2 1224979098644774917 0 4 0 31 2 144115188075855917 0 31 2 1224979098644774916 2 2133 2 1224979098644774917 1 5 0 31 2 144115188075855917 1 31 2 1224979098644774916 3 2133 2 1224979098644774917 1 5 0 31 2 144115188075855917 2 31 2 1224979098644774916 4 2133 2 1224979098644774917 1 5 0 31 2 144115188075855917 3 1073741855 2 1224979098644774916 10 1073741855 2 1224979098644774916 17 1073741855 2 1224979098644774916 16 1073741855 2 1224979098644774916 18 1073741855 2 1224979098644774916 8 1073741855 2 1224979098644774916 9 1073741855 2 1224979098644774916 6 31 2 1224979098644774916 5 2133 2 1224979098644774917 1 5 0 31 2 144115188075855917 4 31 2 1224979098644774916 7 2133 2 1224979098644774917 1 5 0 31 2 144115188075855917 5 31 2 1224979098644774916 12 2133 2 1224979098644774917 1 5 0 31 2 144115188075855917 6 31 2 1224979098644774916 13 2133 2 1224979098644774917 1 5 0 31 2 144115188075855917 7 31 2 1224979098644774916 14 2133 2 1224979098644774917 1 5 0 31 2 144115188075855917 8 31 2 1224979098644774916 15 2133 2 1224979098644774917 1 3 0 31 2 1224979098644774917 1 500 3 2089 1224979098644774913 1224979098644774914 2105 2 1224979098644774913 1 3 0 3 0 2121 3 144115188075856140 1224979098644774913 1 911 2 72057594037927936 453 729 2 1 -1 730 2 1 -1 926 2 72057594037927936 1 729 2 1 1002 730 2 1 1002 925 2 72057594037927936 1 2133 2 144115188075856772 -1 4 0 1073741857 3 144115188075855893 1440 1492 1073741857 3 144115188075855893 1492 1544 31 2 144115188075855893 2439 916 1 144115188075856772 729 2 1 450 730 2 1 700 926 2 144115188075856772 1 729 2 1 750 730 2 1 900 925 2 144115188075856772 1 931 2 144115188075856772 1585267068834415416 931 2 144115188075856772 1585267068834415417 931 2 144115188075856772 1585267068834415418 931 2 144115188075856772 1585267068834415419 931 2 144115188075856772 1585267068834415420 931 2 144115188075856772 1585267068834415421 931 2 144115188075856772 1585267068834415422 931 2 144115188075856772 1585267068834415423 931 2 144115188075856772 1585267068834415424 927 2 144115188075856772 144115188075855917 3 0 4 0 1073741857 3 144115188075855893 1648 1700 31 2 144115188075855893 2448 2320 2 1 1585267068834415425 4 0 32 2 144115188075856142 -1 2325 2 2 144115188075856142 2701 2 72057594037927958 144115188075856142 2319 1 33 4 0 31 2 144115188075855893 2448 2122 3 72057594037927959 72057594037927958 2 2320 2 33 1585267068834415426 5 0 2122 3 72057594037927959 72057594037927958 3 3 0 4 0 2147483679 2 144115188075855893 2448 521 3 1224979098644774918 144115188075855925 57 522 3 1224979098644774919 1224979098644774918 9 2147486374 2 144115188075856142 1224979098644774919 2107 2 72057594037927959 3 2108 2 72057594037927959 2 2320 2 33 1585267068834419615 3 0 1570 2 1224979098644774916 144115188075856142 1 3 591 1224979098644774916 144115188075855928 2107 2 72057594037927959 72057594037927941 2108 2 72057594037927959 100 2120 3 72057594037927960 72057594037927959 72057594037927958 2133 2 144115188075855913 72057594037927960 2133 2 1224979098644774920 1000 2133 2 1224979098644774921 -1 6 3 1224979098644774922 21 73 2147483679 2 1224979098644774922 144115188075856177 521 3 1224979098644774918 1224979098644774922 57 522 3 1224979098644774919 1224979098644774918 9 2726 2 144115188075856142 1224979098644774919 2281 3 1224979098644774923 1224979098644774922 0 2147483678 2 1224979098644774923 1224979098644774920 2133 2 1224979098644774920 1224979098644774923 2133 2 1224979098644774921 1224979098644774922 3 0 4 0 32 2 1224979098644774921 -1 2330 2 22 1224979098644774921 2320 2 33 1585267068834415428 3 0 2123 3 72057594037927961 1224979098644774920 10 2112 3 72057594037927961 1 11 2133 2 144115188075855920 72057594037927961 2320 2 1 1585267068834415429 3 0 5 0 2320 2 1 1585267068834415430 4 0 32 2 144115188075856142 -1 2325 2 2 144115188075856142 2701 2 72057594037927958 144115188075856142 2319 1 33 2133 2 1224979098644774924 1 4 0 31 2 144115188075855893 2439 2122 3 72057594037927959 72057594037927958 2 2320 2 33 1585267068834415431 5 0 1570 2 1224979098644774916 144115188075856142 33 3 144115188075855893 1492 1544 1073741855 2 1224979098644774916 12 1073741855 2 1224979098644774916 13 1073741855 2 1224979098644774916 15 31 2 1224979098644774916 14 2122 3 72057594037927959 72057594037927958 4 2320 2 33 1585267068834415432 2105 2 1224979098644774924 1 5 0 33 3 144115188075855893 1440 1492 1073741855 2 1224979098644774916 2 1073741855 2 1224979098644774916 6 1073741855 2 1224979098644774916 7 1073741855 2 1224979098644774916 3 1073741855 2 1224979098644774916 8 1073741855 2 1224979098644774916 9 1073741855 2 1224979098644774916 10 1073741855 2 1224979098644774916 16 1073741855 2 1224979098644774916 17 1073741855 2 1224979098644774916 18 1073741855 2 1224979098644774916 4 31 2 1224979098644774916 5 2122 3 72057594037927959 72057594037927958 4 2320 2 33 1585267068834415433 2105 2 1224979098644774924 1 5 0 2122 3 72057594037927959 72057594037927958 3 3 0 4 0 2147483679 2 144115188075855893 2439 521 3 1224979098644774918 144115188075855925 57 522 3 1224979098644774919 1224979098644774918 9 2147486374 2 144115188075856142 1224979098644774919 2107 2 72057594037927959 3 2108 2 72057594037927959 2 2320 2 33 1585267068834419616 2105 2 1224979098644774924 2 3 0 1570 2 1224979098644774916 144115188075856142 1 3 591 1224979098644774916 144115188075855928 2107 2 72057594037927959 72057594037927941 2108 2 72057594037927959 100 2120 3 72057594037927960 72057594037927959 72057594037927958 2133 2 144115188075855913 72057594037927960 2123 3 1224979098644774925 72057594037927958 1000 2120 3 72057594037927961 1224979098644774924 1224979098644774925 2112 3 72057594037927961 1 8 2133 2 144115188075855920 72057594037927961 2320 2 1 1585267068834415435 3 0 3 0 910 3 72057594037927937 1 10240 729 2 1 550 730 2 1 100 926 2 72057594037927937 1 729 2 1 400 730 2 1 500 929 2 72057594037927937 1 729 2 1 1100 730 2 1 1100 925 2 72057594037927937 1 2133 2 144115188075856439 -1 4 0 32 2 144115188075856142 -1 944 2 144115188075856439 144115188075856142 729 2 1 610 730 2 1 250 926 2 144115188075856439 1 729 2 1 1000 730 2 1 1000 925 2 144115188075856439 1 3 0 911 2 144115188075856440 245 729 2 1 1000 730 2 1 1000 925 2 144115188075856440 1 729 2 1 560 730 2 1 200 926 2 144115188075856440 1 4 0 31 2 144115188075856142 -1 922 2 144115188075856440 100 3 0 2319 1 0 910 3 144115188075856512 0 8192 729 2 1 15 730 2 1 100 926 2 144115188075856512 1 729 2 1 270 730 2 1 600 929 2 144115188075856512 1 945 1 144115188075856512 2133 2 1224979098644774926 0 2133 2 1224979098644774927 0 2133 2 1224979098644774928 0 2123 3 1224979098644774929 144115188075856140 3 2105 2 1224979098644774929 1 6 3 1224979098644774930 0 1224979098644774929 6 3 1224979098644774931 0 3 911 2 144115188075856512 245 729 2 1 890 730 2 1 830 925 2 144115188075856512 1 729 2 1 1224979098644774926 730 2 1 1224979098644774927 926 2 144115188075856512 1 911 2 144115188075856512 248 922 2 144115188075856512 0 729 2 1 712 730 2 1 650 925 2 144115188075856512 1 729 2 1 1224979098644774926 730 2 1 1224979098644774927 926 2 144115188075856512 1 500 3 2087 1224979098644774928 144115188075856512 520 3 1224979098644774932 2089 1224979098644774928 4 0 32 2 1224979098644774932 0 944 2 144115188075856512 1224979098644774932 729 2 1 890 730 2 1 830 925 2 144115188075856512 1 2120 3 1224979098644774933 1224979098644774926 44 2120 3 1224979098644774934 1224979098644774927 41 729 2 1 1224979098644774933 730 2 1 1224979098644774934 926 2 144115188075856512 1 500 3 2088 1224979098644774932 144115188075856512 3 0 2105 2 1224979098644774928 1 2105 2 1224979098644774926 89 3 0 2133 2 1224979098644774926 0 2105 2 1224979098644774927 83 3 0 945 1 -1 4 0 32 2 144115188075856142 -1 910 3 72057594037927937 1585267068834415436 0 729 2 1 770 730 2 1 250 926 2 72057594037927937 1 729 2 1 1200 730 2 1 1000 925 2 72057594037927937 1 1570 2 1224979098644774916 144115188075856142 2133 2 1224979098644774935 144115188075855928 916 1 144115188075856761 729 2 1 900 730 2 1 200 926 2 144115188075856761 1 729 2 1 750 730 2 1 900 925 2 144115188075856761 1 4 0 31 2 1224979098644774916 1 931 2 144115188075856761 1585267068834415437 931 2 144115188075856761 1585267068834415438 931 2 144115188075856761 1585267068834415439 931 2 144115188075856761 1585267068834414658 4 0 31 2 1224979098644774935 18 927 2 144115188075856761 0 5 0 31 2 1224979098644774935 35 927 2 144115188075856761 1 5 0 31 2 1224979098644774935 36 927 2 144115188075856761 2 5 0 927 2 144115188075856761 3 3 0 5 0 31 2 1224979098644774916 7 931 2 144115188075856761 1585267068834415440 931 2 144115188075856761 1585267068834415441 931 2 144115188075856761 1585267068834414658 4 0 31 2 1224979098644774935 25 927 2 144115188075856761 0 5 0 31 2 1224979098644774935 27 927 2 144115188075856761 1 5 0 927 2 144115188075856761 2 3 0 5 0 30 2 1224979098644774916 12 2147483680 2 1224979098644774916 15 931 2 144115188075856761 1585267068834415442 931 2 144115188075856761 1585267068834415440 931 2 144115188075856761 1585267068834415443 931 2 144115188075856761 1585267068834415441 931 2 144115188075856761 1585267068834415444 931 2 144115188075856761 1585267068834414658 4 0 31 2 1224979098644774935 24 927 2 144115188075856761 0 5 0 31 2 1224979098644774935 25 927 2 144115188075856761 1 5 0 31 2 1224979098644774935 26 927 2 144115188075856761 2 5 0 31 2 1224979098644774935 27 927 2 144115188075856761 3 5 0 31 2 1224979098644774935 29 927 2 144115188075856761 4 5 0 927 2 144115188075856761 5 3 0 5 0 1073741855 2 1224979098644774916 2 1073741855 2 1224979098644774916 3 1073741855 2 1224979098644774916 4 1073741855 2 1224979098644774916 8 1073741855 2 1224979098644774916 9 1073741855 2 1224979098644774916 16 31 2 1224979098644774916 17 931 2 144115188075856761 1585267068834415437 931 2 144115188075856761 1585267068834415445 931 2 144115188075856761 1585267068834415446 931 2 144115188075856761 1585267068834415447 931 2 144115188075856761 1585267068834415448 931 2 144115188075856761 1585267068834414658 4 0 31 2 1224979098644774935 18 927 2 144115188075856761 0 5 0 31 2 1224979098644774935 19 927 2 144115188075856761 1 5 0 31 2 1224979098644774935 13 927 2 144115188075856761 2 5 0 31 2 1224979098644774935 14 927 2 144115188075856761 3 5 0 31 2 1224979098644774935 17 927 2 144115188075856761 4 5 0 927 2 144115188075856761 5 3 0 5 0 1073741855 2 1224979098644774916 5 1073741855 2 1224979098644774916 6 1073741855 2 1224979098644774916 18 31 2 1224979098644774916 10 931 2 144115188075856761 1585267068834415449 931 2 144115188075856761 1585267068834415437 931 2 144115188075856761 1585267068834415446 931 2 144115188075856761 1585267068834414658 4 0 31 2 1224979098644774935 42 927 2 144115188075856761 0 5 0 31 2 1224979098644774935 18 927 2 144115188075856761 1 5 0 31 2 1224979098644774935 13 927 2 144115188075856761 2 5 0 927 2 144115188075856761 3 3 0 3 0 3 0 2133 2 144115188075856521 -1 4 0 32 2 144115188075856142 -1 729 2 2 50 730 2 2 50 940 3 144115188075856521 1585267068834415450 0 729 2 1 550 730 2 1 60 926 2 144115188075856521 1 929 2 144115188075856521 2 3 0 729 2 2 50 730 2 2 50 940 3 144115188075856522 1585267068834415415 0 729 2 1 750 730 2 1 60 926 2 144115188075856522 1 929 2 144115188075856522 2 902 1 999999 
-62.000000  130 2071 1 1224979098644774912 2072 1 1224979098644774913 4 0 31 2 1224979098644774912 144115188075856772 2133 2 144115188075855917 1224979098644774913 900 1 87 5 0 31 2 1224979098644774912 144115188075856761 1570 2 1224979098644774914 144115188075856142 4 0 31 2 1224979098644774914 1 4 0 31 2 1224979098644774913 0 2133 2 144115188075855928 18 5 0 31 2 1224979098644774913 1 2133 2 144115188075855928 35 5 0 31 2 1224979098644774913 2 2133 2 144115188075855928 36 5 0 2133 2 144115188075855928 -1 3 0 5 0 31 2 1224979098644774914 7 4 0 31 2 1224979098644774913 0 2133 2 144115188075855928 25 5 0 31 2 1224979098644774913 1 2133 2 144115188075855928 27 5 0 31 2 1224979098644774913 2 2133 2 144115188075855928 -1 3 0 5 0 30 2 1224979098644774914 12 2147483680 2 1224979098644774914 15 4 0 31 2 1224979098644774913 0 2133 2 144115188075855928 24 5 0 31 2 1224979098644774913 1 2133 2 144115188075855928 25 5 0 31 2 1224979098644774913 2 2133 2 144115188075855928 26 5 0 31 2 1224979098644774913 3 2133 2 144115188075855928 27 5 0 31 2 1224979098644774913 4 2133 2 144115188075855928 29 5 0 2133 2 144115188075855928 -1 3 0 5 0 1073741855 2 1224979098644774914 2 1073741855 2 1224979098644774914 3 1073741855 2 1224979098644774914 4 1073741855 2 1224979098644774914 8 1073741855 2 1224979098644774914 9 1073741855 2 1224979098644774914 16 31 2 1224979098644774914 17 4 0 31 2 1224979098644774913 0 2133 2 144115188075855928 18 5 0 31 2 1224979098644774913 1 2133 2 144115188075855928 19 5 0 31 2 1224979098644774913 2 2133 2 144115188075855928 13 5 0 31 2 1224979098644774913 3 2133 2 144115188075855928 14 5 0 31 2 1224979098644774913 4 2133 2 144115188075855928 17 5 0 2133 2 144115188075855928 -1 3 0 5 0 1073741855 2 1224979098644774914 5 1073741855 2 1224979098644774914 6 1073741855 2 1224979098644774914 18 31 2 1224979098644774914 10 4 0 31 2 1224979098644774913 0 2133 2 144115188075855928 42 5 0 31 2 1224979098644774913 1 2133 2 144115188075855928 18 5 0 31 2 1224979098644774913 2 2133 2 144115188075855928 13 5 0 2133 2 144115188075855928 -1 3 0 3 0 900 1 87 5 0 31 2 1224979098644774912 144115188075856521 4 0 2149 2 1224979098644774915 0 30 2 1224979098644774915 144115188075855913 1529 2 0 144115188075855913 2107 2 144115188075855920 24 2270 1 1224979098644774916 2105 2 1224979098644774916 144115188075855920 500 3 144115188075855893 18 1224979098644774916 500 3 144115188075855893 19 144115188075855928 500 3 144115188075855893 17 144115188075856142 4 0 540 3 2131 38 1 2060 1 193 3 0 902 1 0 1106 2 1585267068834415451 15785267 5 0 1106 2 216172782113788901 8947848 3 0 5 0 31 2 1224979098644774912 144115188075856522 4 0 540 3 2131 38 1 2060 1 193 3 0 902 1 0 3 0 
-63.000000  30 2071 1 1224979098644774912 2072 1 1224979098644774913 4 0 31 2 1224979098644774913 0 2120 3 1224979098644774914 144115188075856140 1 6 3 1224979098644774915 0 1224979098644774914 540 3 2087 1224979098644774915 1224979098644774912 520 3 1224979098644774916 2089 1224979098644774915 4 0 32 2 1224979098644774916 0 520 3 1224979098644774917 2088 1224979098644774916 946 2 0 1224979098644774917 970 3 1224979098644774916 0 100 2133 2 144115188075856607 1224979098644774916 3 0 2133 2 1224979098644774914 -1 3 0 31 2 1224979098644774914 -1 5 0 2120 3 1224979098644774914 144115188075856140 1 6 3 1224979098644774915 0 1224979098644774914 540 3 2087 1224979098644774915 1224979098644774912 4 0 31 2 144115188075856607 1224979098644774916 971 0 3 0 2133 2 1224979098644774914 -1 3 0 31 2 1224979098644774914 -1 3 0 
-64.000000  49 2071 1 1224979098644774912 2072 1 1224979098644774913 4 0 31 2 1224979098644774913 0 2120 3 1224979098644774914 144115188075856140 1 6 3 1224979098644774915 0 1224979098644774914 540 3 2087 1224979098644774915 1224979098644774912 520 3 1224979098644774916 2089 1224979098644774915 4 0 31 2 144115188075856141 -1 32 2 1224979098644774916 0 520 3 1224979098644774917 2088 1224979098644774916 2133 2 144115188075856141 1224979098644774916 947 2 1224979098644774917 0 944 2 144115188075856439 144115188075856141 729 2 1 1000 730 2 1 1000 925 2 144115188075856439 1 5 0 31 2 144115188075856141 1224979098644774916 520 3 1224979098644774917 2088 1224979098644774916 947 2 1224979098644774917 1 2133 2 144115188075856439 -1 2133 2 144115188075856141 -1 900 1 87 3 0 3 0 4 0 31 2 1224979098644774912 144115188075856440 4 0 32 2 144115188075856141 -1 946 2 0 144115188075856440 926 2 144115188075856439 0 2133 2 144115188075856142 144115188075856141 2133 2 144115188075856141 -1 900 1 87 5 0 31 2 144115188075856141 -1 32 2 144115188075856142 -1 2133 2 144115188075856142 -1 900 1 87 3 0 3 0 5 0 31 2 1224979098644774913 1 32 2 144115188075856141 -1 2133 2 144115188075856141 -1 900 1 87 3 0 
-61.000000  4 2124 1 1000 32 2 144115188075856141 -1 75 1 1 926 2 144115188075856439 1 


prsnt_custom_troop_weapon_selection 0 0 5
-60.000000  573 2124 1 1000 2120 3 1224979098644774912 144115188075855933 1 6 3 1224979098644774913 0 1500 500 3 2089 1224979098644774913 0 500 3 2093 1224979098644774913 0 500 3 1224979098644774912 1224979098644774913 0 3 0 2133 2 72057594037927937 32 6 3 1224979098644774914 0 33 1541 3 1224979098644774915 1224979098644774912 1224979098644774914 32 2 1224979098644774915 -1 1542 3 1224979098644774916 1224979098644774912 1224979098644774914 500 3 2093 72057594037927937 1224979098644774915 500 3 1224979098644774912 1224979098644774915 1224979098644774916 2106 2 72057594037927937 1 3 0 2133 2 1224979098644774917 0 7 3 1224979098644774918 38 1652 2147483681 3 1224979098644774918 42 46 2147483679 2 1224979098644774918 1204 2147483679 2 1224979098644774918 14 2147483679 2 1224979098644774918 29 2147483679 2 1224979098644774918 1206 2147483679 2 1224979098644774918 1209 2147483679 2 1224979098644774918 1211 2147483679 2 1224979098644774918 1213 2147483679 2 1224979098644774918 1215 2147483679 2 1224979098644774918 1692 2147483679 2 1224979098644774918 1711 2147483679 2 1224979098644774918 1053 2147483678 2 1224979098644774918 1644 2147483681 3 1224979098644774918 1033 1050 2147483681 3 1224979098644774918 644 650 2147483681 3 1224979098644774918 650 664 2147483681 3 1224979098644774918 664 668 2147483681 3 1224979098644774918 668 672 2147483681 3 1224979098644774918 672 676 2147483681 3 1224979098644774918 676 680 2147483681 3 1224979098644774918 696 700 2147483681 3 1224979098644774918 680 684 2147483681 3 1224979098644774918 684 688 2147483681 3 1224979098644774918 688 696 2147483681 3 1224979098644774918 705 707 2147483681 3 1224979098644774918 700 705 2147483681 3 1224979098644774918 120 123 2133 2 1224979098644774919 0 4 0 2121 3 1224979098644774920 24 6 2147483680 2 144115188075855920 1224979098644774920 4 0 2147486374 2 1224979098644774918 74 2121 3 1224979098644774921 144115188075855920 1 2105 2 1224979098644774921 6 4 0 31 2 1224979098644774921 5 2133 2 1224979098644774921 73 3 0 2726 2 1224979098644774918 1224979098644774921 2133 2 1224979098644774919 1 3 0 5 0 2133 2 1224979098644774919 1 3 0 31 2 1224979098644774919 1 2133 2 1224979098644774922 1 4 0 2147484194 3 125 11 6 2147486374 2 1224979098644774918 74 2726 2 1224979098644774918 73 2133 2 1224979098644774922 0 3 0 31 2 1224979098644774922 1 1570 2 1224979098644774923 1224979098644774918 2133 2 1224979098644774924 0 4 0 1073741857 3 1224979098644774918 1483 1513 1073741857 3 1224979098644774918 1466 1483 1073741857 3 1224979098644774918 1446 1451 1073741857 3 1224979098644774918 1643 1644 33 3 1224979098644774918 1640 1643 4 0 31 2 144115188075855917 10 2133 2 1224979098644774924 1 3 0 5 0 31 2 144115188075855917 0 31 2 1224979098644774923 2 2133 2 1224979098644774924 1 5 0 31 2 144115188075855917 1 31 2 1224979098644774923 3 2133 2 1224979098644774924 1 5 0 31 2 144115188075855917 2 31 2 1224979098644774923 4 2133 2 1224979098644774924 1 5 0 31 2 144115188075855917 3 1073741855 2 1224979098644774923 10 1073741855 2 1224979098644774923 17 1073741855 2 1224979098644774923 16 1073741855 2 1224979098644774923 18 1073741855 2 1224979098644774923 8 1073741855 2 1224979098644774923 9 1073741855 2 1224979098644774923 6 31 2 1224979098644774923 5 2133 2 1224979098644774924 1 5 0 31 2 144115188075855917 4 31 2 1224979098644774923 7 2133 2 1224979098644774924 1 5 0 31 2 144115188075855917 5 31 2 1224979098644774923 12 2133 2 1224979098644774924 1 5 0 31 2 144115188075855917 6 31 2 1224979098644774923 13 2133 2 1224979098644774924 1 5 0 31 2 144115188075855917 7 31 2 1224979098644774923 14 2133 2 1224979098644774924 1 5 0 31 2 144115188075855917 8 31 2 1224979098644774923 15 2133 2 1224979098644774924 1 5 0 31 2 144115188075855917 9 31 2 1224979098644774923 1 2133 2 1224979098644774924 1 3 0 31 2 1224979098644774924 1 500 3 2089 1224979098644774917 1224979098644774918 2105 2 1224979098644774917 1 3 0 2121 3 144115188075856140 1224979098644774917 1 911 2 72057594037927936 453 729 2 1 -1 730 2 1 -1 926 2 72057594037927936 1 729 2 1 1002 730 2 1 1002 925 2 72057594037927936 1 2122 3 1224979098644774925 144115188075855933 2 939 4 144115188075856516 -1 3 1224979098644774925 729 2 1 1000 730 2 1 1000 925 2 144115188075856516 1 729 2 1 325 730 2 1 20 926 2 144115188075856516 1 910 3 72057594037927937 1585267068834415452 16 729 2 1 155 730 2 1 705 926 2 72057594037927937 1 729 2 1 1100 730 2 1 1100 925 2 72057594037927937 1 910 3 72057594037927937 1585267068834415453 16 729 2 1 825 730 2 1 705 926 2 72057594037927937 1 729 2 1 1100 730 2 1 1100 925 2 72057594037927937 1 2133 2 1224979098644774926 690 910 3 72057594037927937 1585267068834415454 4 729 2 1 340 730 2 1 1224979098644774926 2106 2 1224979098644774926 35 926 2 72057594037927937 1 729 2 1 900 730 2 1 900 925 2 72057594037927937 1 2133 2 144115188075856772 -1 916 1 144115188075856772 729 2 1 465 730 2 1 1224979098644774926 2106 2 1224979098644774926 45 926 2 144115188075856772 1 729 2 1 750 730 2 1 900 925 2 144115188075856772 1 931 2 144115188075856772 1585267068834415416 931 2 144115188075856772 1585267068834415417 931 2 144115188075856772 1585267068834415418 931 2 144115188075856772 1585267068834415419 931 2 144115188075856772 1585267068834415420 931 2 144115188075856772 1585267068834415421 931 2 144115188075856772 1585267068834415422 931 2 144115188075856772 1585267068834415423 931 2 144115188075856772 1585267068834415424 931 2 144115188075856772 1585267068834415455 931 2 144115188075856772 1585267068834415456 927 2 144115188075856772 144115188075855917 910 3 72057594037927937 1585267068834415457 4 729 2 1 340 730 2 1 1224979098644774926 2106 2 1224979098644774926 35 926 2 72057594037927937 1 729 2 1 900 730 2 1 900 925 2 72057594037927937 1 2133 2 144115188075856825 -1 916 1 144115188075856825 729 2 1 465 730 2 1 1224979098644774926 2106 2 1224979098644774926 45 926 2 144115188075856825 1 729 2 1 750 730 2 1 900 925 2 144115188075856825 1 931 2 144115188075856825 1585267068834415458 6 3 1224979098644774921 6 24 2335 2 10 1224979098644774921 931 2 144115188075856825 1585267068834414768 3 0 931 2 144115188075856825 1585267068834415459 927 2 144115188075856825 144115188075855920 4 0 31 2 144115188075855917 10 2133 2 144115188075855913 -1 5 0 31 2 144115188075855917 9 2133 2 144115188075855913 1 5 0 31 2 144115188075855917 8 2133 2 144115188075855913 15 5 0 31 2 144115188075855917 7 2133 2 144115188075855913 14 5 0 31 2 144115188075855917 6 2133 2 144115188075855913 13 5 0 31 2 144115188075855917 5 2133 2 144115188075855913 12 5 0 31 2 144115188075855917 4 2133 2 144115188075855913 7 5 0 31 2 144115188075855917 3 2133 2 144115188075855913 8 5 0 31 2 144115188075855917 2 2133 2 144115188075855913 4 5 0 31 2 144115188075855917 1 2133 2 144115188075855913 3 5 0 31 2 144115188075855917 0 2133 2 144115188075855913 2 3 0 910 3 72057594037927937 1585267068834415460 4 729 2 1 340 730 2 1 1224979098644774926 2106 2 1224979098644774926 35 926 2 72057594037927937 1 729 2 1 900 730 2 1 900 925 2 72057594037927937 1 2133 2 1224979098644774927 144115188075855928 916 1 144115188075856761 729 2 1 465 730 2 1 1224979098644774926 2106 2 1224979098644774926 45 926 2 144115188075856761 1 729 2 1 750 730 2 1 900 925 2 144115188075856761 1 4 0 31 2 144115188075855913 1 931 2 144115188075856761 1585267068834415437 931 2 144115188075856761 1585267068834415438 931 2 144115188075856761 1585267068834415439 931 2 144115188075856761 1585267068834414658 4 0 31 2 1224979098644774927 18 927 2 144115188075856761 0 5 0 31 2 1224979098644774927 35 927 2 144115188075856761 1 5 0 31 2 1224979098644774927 36 927 2 144115188075856761 2 5 0 927 2 144115188075856761 3 3 0 5 0 31 2 144115188075855913 7 931 2 144115188075856761 1585267068834415440 931 2 144115188075856761 1585267068834415441 931 2 144115188075856761 1585267068834414658 4 0 31 2 1224979098644774927 25 927 2 144115188075856761 0 5 0 31 2 1224979098644774927 27 927 2 144115188075856761 1 5 0 927 2 144115188075856761 2 3 0 5 0 30 2 144115188075855913 12 2147483680 2 144115188075855913 15 931 2 144115188075856761 1585267068834415442 931 2 144115188075856761 1585267068834415440 931 2 144115188075856761 1585267068834415443 931 2 144115188075856761 1585267068834415441 931 2 144115188075856761 1585267068834415444 931 2 144115188075856761 1585267068834414658 4 0 31 2 1224979098644774927 24 927 2 144115188075856761 0 5 0 31 2 1224979098644774927 25 927 2 144115188075856761 1 5 0 31 2 1224979098644774927 26 927 2 144115188075856761 2 5 0 31 2 1224979098644774927 27 927 2 144115188075856761 3 5 0 31 2 1224979098644774927 29 927 2 144115188075856761 4 5 0 927 2 144115188075856761 5 3 0 5 0 1073741855 2 144115188075855913 2 1073741855 2 144115188075855913 3 1073741855 2 144115188075855913 4 1073741855 2 144115188075855913 8 1073741855 2 144115188075855913 9 1073741855 2 144115188075855913 16 31 2 144115188075855913 17 931 2 144115188075856761 1585267068834415437 931 2 144115188075856761 1585267068834415445 931 2 144115188075856761 1585267068834415446 931 2 144115188075856761 1585267068834415447 931 2 144115188075856761 1585267068834415448 931 2 144115188075856761 1585267068834414658 4 0 31 2 1224979098644774927 18 927 2 144115188075856761 0 5 0 31 2 1224979098644774927 19 927 2 144115188075856761 1 5 0 31 2 1224979098644774927 13 927 2 144115188075856761 2 5 0 31 2 1224979098644774927 14 927 2 144115188075856761 3 5 0 31 2 1224979098644774927 17 927 2 144115188075856761 4 5 0 927 2 144115188075856761 5 3 0 5 0 1073741855 2 144115188075855913 5 1073741855 2 144115188075855913 6 1073741855 2 144115188075855913 18 31 2 144115188075855913 10 931 2 144115188075856761 1585267068834415449 931 2 144115188075856761 1585267068834415437 931 2 144115188075856761 1585267068834415446 931 2 144115188075856761 1585267068834414658 4 0 31 2 1224979098644774927 42 927 2 144115188075856761 0 5 0 31 2 1224979098644774927 18 927 2 144115188075856761 1 5 0 31 2 1224979098644774927 13 927 2 144115188075856761 2 5 0 927 2 144115188075856761 3 3 0 5 0 31 2 144115188075855913 -1 931 2 144115188075856761 1585267068834414658 927 2 144115188075856761 0 3 0 910 3 72057594037927937 1585267068834415461 4 729 2 1 340 730 2 1 1224979098644774926 2106 2 1224979098644774926 35 926 2 72057594037927937 1 729 2 1 900 730 2 1 900 925 2 72057594037927937 1 919 1 144115188075856509 729 2 1 340 730 2 1 1224979098644774926 2106 2 1224979098644774926 45 926 2 144115188075856509 1 2322 2 7 144115188075855933 920 2 144115188075856509 7 910 3 72057594037927937 1585267068834415462 4 729 2 1 340 730 2 1 1224979098644774926 2106 2 1224979098644774926 35 926 2 72057594037927937 1 729 2 1 900 730 2 1 900 925 2 72057594037927937 1 919 1 144115188075856511 729 2 1 340 730 2 1 1224979098644774926 2106 2 1224979098644774926 45 926 2 144115188075856511 1 2323 2 7 144115188075855933 920 2 144115188075856511 7 2133 2 144115188075856762 -1 4 0 30 2 144115188075856193 1 910 3 72057594037927937 1585267068834415463 4 729 2 1 340 730 2 1 1224979098644774926 2106 2 1224979098644774926 35 926 2 72057594037927937 1 729 2 1 900 730 2 1 900 925 2 72057594037927937 1 916 1 144115188075856762 729 2 1 450 730 2 1 1224979098644774926 2106 2 1224979098644774926 45 926 2 144115188075856762 1 729 2 1 750 730 2 1 900 925 2 144115188075856762 1 931 2 144115188075856762 1585267068834415464 931 2 144115188075856762 1585267068834415465 1506 2 1224979098644774928 144115188075855933 927 2 144115188075856762 1224979098644774928 3 0 2319 1 1 910 3 72057594037927937 1 10240 729 2 1 560 730 2 1 100 926 2 72057594037927937 1 729 2 1 410 730 2 1 500 929 2 72057594037927937 1 729 2 1 1100 730 2 1 1100 925 2 72057594037927937 1 2319 1 0 910 3 144115188075856512 0 8192 729 2 1 25 730 2 1 100 926 2 144115188075856512 1 729 2 1 270 730 2 1 600 929 2 144115188075856512 1 945 1 144115188075856512 2133 2 1224979098644774929 0 2133 2 1224979098644774930 0 2133 2 1224979098644774931 0 2123 3 1224979098644774932 144115188075856140 3 2105 2 1224979098644774932 1 6 3 1224979098644774933 0 1224979098644774932 6 3 1224979098644774934 0 3 911 2 144115188075856512 245 729 2 1 890 730 2 1 830 925 2 144115188075856512 1 729 2 1 1224979098644774929 730 2 1 1224979098644774930 926 2 144115188075856512 1 911 2 144115188075856512 248 922 2 144115188075856512 0 729 2 1 712 730 2 1 650 925 2 144115188075856512 1 729 2 1 1224979098644774929 730 2 1 1224979098644774930 926 2 144115188075856512 1 500 3 2087 1224979098644774931 144115188075856512 520 3 1224979098644774915 2089 1224979098644774931 4 0 32 2 1224979098644774915 0 944 2 144115188075856512 1224979098644774915 729 2 1 890 730 2 1 830 925 2 144115188075856512 1 2120 3 1224979098644774935 1224979098644774929 44 2120 3 1224979098644774936 1224979098644774930 41 729 2 1 1224979098644774935 730 2 1 1224979098644774936 926 2 144115188075856512 1 500 3 2088 1224979098644774915 144115188075856512 3 0 2105 2 1224979098644774931 1 2105 2 1224979098644774929 89 3 0 2133 2 1224979098644774929 0 2105 2 1224979098644774930 83 3 0 945 1 -1 2319 1 1 910 3 72057594037927937 1 10240 729 2 1 1300 730 2 1 100 926 2 72057594037927937 1 729 2 1 500 730 2 1 500 929 2 72057594037927937 1 729 2 1 1100 730 2 1 1100 925 2 72057594037927937 1 2319 1 0 910 3 144115188075856512 0 8192 729 2 1 685 730 2 1 100 926 2 144115188075856512 1 729 2 1 270 730 2 1 600 929 2 144115188075856512 1 945 1 144115188075856512 2133 2 1224979098644774929 0 2133 2 1224979098644774930 0 2133 2 1224979098644774931 0 6 3 1224979098644774933 0 11 6 3 1224979098644774934 0 3 911 2 144115188075856512 245 729 2 1 890 730 2 1 830 925 2 144115188075856512 1 729 2 1 1224979098644774929 730 2 1 1224979098644774930 926 2 144115188075856512 1 911 2 144115188075856512 248 922 2 144115188075856512 0 729 2 1 712 730 2 1 650 925 2 144115188075856512 1 729 2 1 1224979098644774929 730 2 1 1224979098644774930 926 2 144115188075856512 1 500 3 2091 1224979098644774931 144115188075856512 520 3 1224979098644774915 2093 1224979098644774931 4 0 32 2 1224979098644774915 0 944 2 144115188075856512 1224979098644774915 729 2 1 890 730 2 1 830 925 2 144115188075856512 1 2120 3 1224979098644774935 1224979098644774929 44 2120 3 1224979098644774936 1224979098644774930 41 729 2 1 1224979098644774935 730 2 1 1224979098644774936 926 2 144115188075856512 1 500 3 2092 1224979098644774915 144115188075856512 3 0 2105 2 1224979098644774931 1 2105 2 1224979098644774929 89 3 0 2133 2 1224979098644774929 0 2105 2 1224979098644774930 83 3 0 945 1 -1 940 3 144115188075856522 216172782113786653 0 729 2 1 750 730 2 1 20 926 2 144115188075856522 1 902 1 999999 
-62.000000  139 2071 1 1224979098644774912 2072 1 1224979098644774913 4 0 31 2 1224979098644774912 144115188075856509 2320 2 7 0 2120 3 1224979098644774914 144115188075855933 1 1501 2 144115188075855933 7 1501 2 1224979098644774914 7 900 1 88 5 0 31 2 1224979098644774912 144115188075856522 4 0 31 2 144115188075856143 46 2133 2 144115188075855921 2 2133 2 72057594037927979 1 2133 2 144115188075855928 3 2133 2 144115188075855934 426 3 0 900 1 144115188075856143 1 2 692 144115188075855933 5 0 31 2 1224979098644774912 144115188075856511 2320 2 7 0 2120 3 1224979098644774914 144115188075855933 1 1502 2 144115188075855933 7 1502 2 1224979098644774914 7 900 1 88 5 0 31 2 1224979098644774912 144115188075856762 2120 3 1224979098644774914 144115188075855933 1 1505 2 144115188075855933 1224979098644774913 1505 2 1224979098644774914 1224979098644774913 900 1 88 5 0 31 2 1224979098644774912 144115188075856772 2133 2 144115188075855917 1224979098644774913 900 1 88 5 0 31 2 1224979098644774912 144115188075856825 2133 2 144115188075855920 1224979098644774913 900 1 88 5 0 31 2 1224979098644774912 144115188075856761 4 0 31 2 144115188075855913 1 4 0 31 2 1224979098644774913 0 2133 2 144115188075855928 18 5 0 31 2 1224979098644774913 1 2133 2 144115188075855928 35 5 0 31 2 1224979098644774913 2 2133 2 144115188075855928 36 5 0 2133 2 144115188075855928 -1 3 0 5 0 31 2 144115188075855913 7 4 0 31 2 1224979098644774913 0 2133 2 144115188075855928 25 5 0 31 2 1224979098644774913 1 2133 2 144115188075855928 27 5 0 31 2 1224979098644774913 2 2133 2 144115188075855928 -1 3 0 5 0 30 2 144115188075855913 12 2147483680 2 144115188075855913 15 4 0 31 2 1224979098644774913 0 2133 2 144115188075855928 24 5 0 31 2 1224979098644774913 1 2133 2 144115188075855928 25 5 0 31 2 1224979098644774913 2 2133 2 144115188075855928 26 5 0 31 2 1224979098644774913 3 2133 2 144115188075855928 27 5 0 31 2 1224979098644774913 4 2133 2 144115188075855928 29 5 0 2133 2 144115188075855928 -1 3 0 5 0 1073741855 2 144115188075855913 2 1073741855 2 144115188075855913 3 1073741855 2 144115188075855913 4 1073741855 2 144115188075855913 8 1073741855 2 144115188075855913 9 1073741855 2 144115188075855913 16 31 2 144115188075855913 17 4 0 31 2 1224979098644774913 0 2133 2 144115188075855928 18 5 0 31 2 1224979098644774913 1 2133 2 144115188075855928 19 5 0 31 2 1224979098644774913 2 2133 2 144115188075855928 13 5 0 31 2 1224979098644774913 3 2133 2 144115188075855928 14 5 0 31 2 1224979098644774913 4 2133 2 144115188075855928 17 5 0 2133 2 144115188075855928 -1 3 0 5 0 1073741855 2 144115188075855913 5 1073741855 2 144115188075855913 6 1073741855 2 144115188075855913 18 31 2 144115188075855913 10 4 0 31 2 1224979098644774913 0 2133 2 144115188075855928 42 5 0 31 2 1224979098644774913 1 2133 2 144115188075855928 18 5 0 31 2 1224979098644774913 2 2133 2 144115188075855928 13 5 0 2133 2 144115188075855928 -1 3 0 5 0 31 2 144115188075855914 -1 2133 2 144115188075855928 -1 3 0 900 1 88 3 0 
-63.000000  46 2071 1 1224979098644774912 2072 1 1224979098644774913 4 0 31 2 1224979098644774913 0 2120 3 1224979098644774914 144115188075856140 1 6 3 1224979098644774915 0 1224979098644774914 540 3 2087 1224979098644774915 1224979098644774912 520 3 1224979098644774916 2089 1224979098644774915 4 0 32 2 1224979098644774916 0 520 3 1224979098644774917 2088 1224979098644774916 946 2 0 1224979098644774917 970 3 1224979098644774916 0 100 2133 2 144115188075856607 1224979098644774916 3 0 3 0 6 3 1224979098644774915 0 33 540 3 2091 1224979098644774915 1224979098644774912 520 3 1224979098644774916 2093 1224979098644774915 4 0 32 2 1224979098644774916 0 520 3 1224979098644774917 2092 1224979098644774916 946 2 0 1224979098644774917 2120 3 1224979098644774918 144115188075855933 1 520 3 1224979098644774919 1224979098644774918 1224979098644774916 972 4 1224979098644774916 1224979098644774919 0 100 2133 2 144115188075856607 1224979098644774916 3 0 3 0 5 0 2120 3 1224979098644774914 144115188075856140 1 6 3 1224979098644774915 0 1224979098644774914 540 3 2087 1224979098644774915 1224979098644774912 4 0 31 2 144115188075856607 1224979098644774916 971 0 3 0 3 0 6 3 1224979098644774915 0 33 540 3 2091 1224979098644774915 1224979098644774912 4 0 31 2 144115188075856607 1224979098644774916 971 0 3 0 3 0 3 0 
-64.000000  83 2071 1 1224979098644774912 2072 1 1224979098644774913 4 0 31 2 1224979098644774913 0 2120 3 1224979098644774914 144115188075856140 1 6 3 1224979098644774915 0 1224979098644774914 540 3 2087 1224979098644774915 1224979098644774912 520 3 1224979098644774916 2089 1224979098644774915 4 0 31 2 144115188075856141 -1 32 2 1224979098644774916 0 520 3 1224979098644774917 2088 1224979098644774916 2133 2 144115188075856141 1224979098644774916 947 2 1224979098644774917 0 944 2 144115188075856439 144115188075856141 729 2 1 1000 730 2 1 1000 925 2 144115188075856439 1 5 0 31 2 144115188075856141 1224979098644774916 520 3 1224979098644774917 2088 1224979098644774916 947 2 1224979098644774917 1 2133 2 144115188075856439 -1 2133 2 144115188075856141 -1 900 1 88 3 0 3 0 4 0 32 2 144115188075856141 -1 6 3 1224979098644774915 0 33 540 3 2091 1224979098644774915 1224979098644774912 520 3 1224979098644774918 2093 1224979098644774915 4 0 32 2 1224979098644774918 -1 520 3 1224979098644774917 2092 1224979098644774918 946 2 0 1224979098644774917 947 2 1224979098644774917 0 926 2 144115188075856439 0 500 3 2093 1224979098644774915 144115188075856141 2120 3 1224979098644774919 144115188075855933 1 1531 2 144115188075855933 1224979098644774918 1531 2 1224979098644774919 1224979098644774918 1530 3 1224979098644774919 144115188075856141 144115188075855928 1530 3 144115188075855933 144115188075856141 144115188075855928 1533 1 144115188075855933 2133 2 144115188075856439 -1 2133 2 144115188075856141 -1 900 1 88 5 0 946 2 0 1224979098644774912 926 2 144115188075856439 0 500 3 2093 1224979098644774915 144115188075856141 1530 2 1224979098644774919 144115188075856141 1530 2 144115188075855933 144115188075856141 1533 1 144115188075855933 2133 2 144115188075856439 -1 2133 2 144115188075856141 -1 900 1 88 3 0 3 0 3 0 5 0 31 2 1224979098644774913 1 4 0 32 2 144115188075856141 -1 2133 2 144115188075856439 -1 2133 2 144115188075856141 -1 900 1 88 5 0 6 3 1224979098644774915 0 33 540 3 2091 1224979098644774915 1224979098644774912 520 3 1224979098644774918 2093 1224979098644774915 32 2 1224979098644774918 -1 500 3 2089 1224979098644774915 -1 2120 3 1224979098644774919 144115188075855933 1 1531 2 144115188075855933 1224979098644774918 1531 2 1224979098644774919 1224979098644774918 1533 1 144115188075855933 900 1 88 3 0 3 0 900 1 88 3 0 
-61.000000  12 2124 1 1000 4 0 71 1 1 900 1 144115188075856143 1 2 692 144115188075855933 3 0 4 0 32 2 144115188075856141 -1 32 2 144115188075856439 -1 75 1 1 926 2 144115188075856439 1 3 0 


prsnt_custom_troop_tree_legion 0 236 3
-60.000000  118 902 1 999999 2124 1 1000 6 3 1224979098644774912 0 80 500 3 2087 1224979098644774912 0 500 3 2088 1224979098644774912 0 3 0 910 3 72057594037927937 1585267068834415466 16 729 2 1 500 730 2 1 660 926 2 72057594037927937 1 729 2 1 970 730 2 1 970 929 2 72057594037927937 1 919 1 144115188075856509 729 2 1 400 730 2 1 620 926 2 144115188075856509 1 2323 2 7 144115188075855932 920 2 144115188075856509 7 2319 1 0 910 3 72057594037927979 0 131072 729 2 1 50 730 2 1 70 926 2 72057594037927979 1 729 2 1 970 730 2 1 527 929 2 72057594037927979 1 945 1 72057594037927979 4 0 31 2 144115188075855932 2349 1 5 711 5 2352 60 110 1 5 711 4 2354 210 110 1 5 711 3 2356 360 110 1 5 711 2 2358 560 110 1 5 711 1 2360 710 110 1 5 712 25 4 115 210 1 5 712 25 4 260 210 5 0 31 2 144115188075855932 2350 1 5 711 5 2366 60 110 1 5 711 4 2368 210 110 1 5 711 3 2370 360 110 1 5 711 2 2362 560 110 1 5 711 1 2364 710 110 1 5 712 25 4 260 210 1 5 712 25 4 615 210 5 0 31 2 144115188075855932 2351 1 5 711 5 2380 60 110 1 5 711 4 2372 210 110 1 5 711 3 2374 360 110 1 5 711 2 2382 560 110 1 5 711 1 2376 710 110 1 5 711 0 2378 860 110 1 5 712 25 4 260 210 1 5 712 25 4 765 210 5 0 31 2 144115188075855932 2346 1 5 711 9 2402 560 310 1 5 711 10 2422 710 310 1 5 711 8 2396 60 310 1 5 711 7 2398 210 310 1 5 711 6 2400 360 310 1 5 711 5 2384 60 110 1 5 711 4 2386 210 110 1 5 711 3 2388 360 110 1 5 711 2 2390 560 110 1 5 711 1 2392 710 110 1 5 711 0 2394 860 110 1 5 712 25 4 115 210 1 5 712 25 4 260 210 5 0 31 2 144115188075855932 2347 1 5 711 3 2416 360 110 1 5 711 2 2414 560 110 1 5 711 1 2406 710 110 1 5 711 0 2408 860 110 5 0 31 2 144115188075855932 2348 1 5 711 5 2404 60 110 1 5 711 4 2410 210 110 1 5 711 3 2412 360 110 1 5 711 2 2424 560 110 1 5 711 1 2420 710 110 1 5 711 0 2418 860 110 3 0 945 1 -1 4 0 31 2 144115188075855932 2346 940 3 144115188075856521 1585267068834415467 0 729 2 1 200 730 2 1 615 926 2 144115188075856521 1 520 3 1224979098644774913 2346 13 32 2 1224979098644774913 0 2106 2 1224979098644774913 243 2105 2 1224979098644774913 270 911 2 72057594037927937 1224979098644774913 729 2 1 200 730 2 1 730 926 2 72057594037927937 1 729 2 1 70 730 2 1 70 925 2 72057594037927937 1 5 0 2133 2 144115188075856521 -1 3 0 910 3 72057594037927937 1585267068834415468 131072 729 2 1 625 730 2 1 275 926 2 72057594037927937 1 729 2 1 300 730 2 1 450 929 2 72057594037927937 1 940 3 144115188075856522 216172782113786653 0 729 2 1 750 730 2 1 30 926 2 144115188075856522 1 
-61.000000  5 4 0 71 1 1 902 1 0 2060 1 144115188075855934 3 0 
-62.000000  32 2071 1 1224979098644774912 4 0 31 2 144115188075856509 1224979098644774912 2320 2 7 0 1502 2 144115188075855932 7 1501 2 144115188075855932 7 900 1 89 2120 3 1224979098644774913 215 13 520 3 1224979098644774914 2090 1224979098644774913 4 0 30 2 1224979098644774914 1 520 3 1224979098644774915 1224979098644774914 10 132 1 1224979098644774915 1605 2 1224979098644774915 7 3 0 5 0 31 2 1224979098644774912 144115188075856522 902 1 0 2060 1 144115188075855934 5 0 31 2 1224979098644774912 144115188075856521 2133 2 144115188075856182 2346 2133 2 144115188075856143 89 900 1 8 5 0 6 3 1224979098644774916 0 80 540 3 2087 1224979098644774916 1224979098644774912 520 3 1224979098644774917 2088 1224979098644774916 2133 2 144115188075856143 89 1 2 691 1224979098644774917 3 0 3 0 


prsnt_recruit_cohorts 0 236 3
-60.000000  166 902 1 999999 2124 1 1000 2133 2 1224979098644774912 0 6 3 1224979098644774913 111 279 500 3 2088 1224979098644774913 0 1 3 826 1224979098644774913 144115188075855925 2105 2 1224979098644774912 1 3 0 910 3 72057594037927937 1585267068834415469 65552 729 2 1 1200 730 2 1 1200 925 2 72057594037927937 1 729 2 1 500 730 2 1 710 926 2 72057594037927937 1 921 2 72057594037927937 127 910 3 144115188075856767 1585267068834415470 4 729 2 1 785 730 2 1 710 926 2 144115188075856767 1 729 2 1 1000 730 2 1 1000 925 2 144115188075856767 1 921 2 144115188075856767 127 2157 2 72057594037927937 0 1 2 176 0 2133 2 72057594037927938 72057594037927936 1 2 32 0 2133 2 1224979098644774914 72057594037927936 2133 2 72057594037927939 1224979098644774914 2149 2 72057594037927940 0 1 2 824 0 2121 3 72057594037927941 72057594037927936 10 910 3 144115188075856765 1585267068834420211 4 729 2 1 785 730 2 1 630 926 2 144115188075856765 1 729 2 1 920 730 2 1 920 925 2 144115188075856765 1 1 2 914 144115188075855925 4 0 30 2 144115188075856034 1 520 3 1224979098644774915 2131 71 2133 2 72057594037927938 1224979098644774915 910 3 72057594037927937 1585267068834415472 4 729 2 1 785 730 2 1 540 926 2 72057594037927937 1 729 2 1 920 730 2 1 920 925 2 72057594037927937 1 3 0 940 2 72057594037927937 216172782113789079 729 2 1 500 730 2 1 23 926 2 72057594037927937 1 2133 2 144115188075856597 72057594037927937 940 2 72057594037927937 1585267068834415473 729 2 1 750 730 2 1 23 926 2 72057594037927937 1 2133 2 144115188075856513 72057594037927937 911 2 72057594037927937 239 921 2 72057594037927937 0 729 2 3 200000 730 2 3 50 925 2 72057594037927937 3 729 2 3 0 730 2 3 530 926 2 72057594037927937 3 2133 2 144115188075856512 -1 4 0 1073741857 3 144115188075855914 111 202 33 3 144115188075855914 220 279 1 2 825 144115188075855914 910 3 72057594037927937 1585267068834415474 4 729 2 1 25 730 2 1 710 926 2 72057594037927937 1 921 2 72057594037927937 127 729 2 1 900 730 2 1 900 925 2 72057594037927937 1 1 2 830 144115188075855914 2122 3 1224979098644774916 72057594037927936 2 939 4 72057594037927936 -1 5 1224979098644774916 729 2 1 0 730 2 1 515 926 2 72057594037927936 1 729 2 3 250 730 2 3 250 925 2 72057594037927936 3 1 3 817 144115188075855914 144115188075856921 910 3 72057594037927937 5 131072 729 2 1 140 730 2 1 535 926 2 72057594037927937 1 729 2 1 330 730 2 1 100 929 2 72057594037927937 1 940 2 72057594037927937 1585267068834415239 729 2 1 250 730 2 1 650 926 2 72057594037927937 1 2133 2 144115188075856512 72057594037927937 3 0 910 3 72057594037927937 1585267068834415475 4 729 2 1 25 730 2 1 510 926 2 72057594037927937 1 921 2 72057594037927937 127 729 2 1 900 730 2 1 900 925 2 72057594037927937 1 2319 1 0 910 3 72057594037927937 0 131072 729 2 1 50 730 2 1 75 926 2 72057594037927937 1 729 2 1 900 730 2 1 425 929 2 72057594037927937 1 2123 3 1224979098644774917 1224979098644774912 4 2133 2 72057594037927938 1224979098644774917 2107 2 1224979098644774917 250 2133 2 1224979098644774918 0 729 2 2 925 730 2 2 925 945 1 72057594037927937 7 3 1224979098644774913 111 279 1 3 826 1224979098644774913 144115188075855925 4 0 32 2 1224979098644774918 690 2133 2 1224979098644774918 0 2106 2 1224979098644774917 220 3 0 1 2 830 1224979098644774913 2122 3 1224979098644774916 72057594037927936 2 939 4 72057594037927936 -1 5 1224979098644774916 729 2 1 1224979098644774918 730 2 1 1224979098644774917 926 2 72057594037927936 1 729 2 3 250 730 2 3 250 925 2 72057594037927936 3 913 3 72057594037927946 466 466 729 2 1 1224979098644774918 2121 3 1224979098644774919 1224979098644774917 20 730 2 1 1224979098644774919 926 2 72057594037927946 1 729 2 3 500 730 2 3 4000 925 2 72057594037927946 3 922 2 72057594037927946 0 921 2 72057594037927946 14540253 500 3 2088 1224979098644774913 72057594037927946 1 2 825 1224979098644774913 910 3 72057594037927937 1585267068834415006 4096 729 2 1 1224979098644774918 730 2 1 1224979098644774919 926 2 72057594037927937 1 925 2 72057594037927937 2 2105 2 1224979098644774918 230 3 0 945 1 -1 
-62.000000  92 2071 1 1224979098644774912 4 0 31 2 1224979098644774912 144115188075856597 902 1 0 5 0 31 2 1224979098644774912 144115188075856513 2133 2 144115188075855914 -1 2133 2 144115188075855920 -1 2133 2 144115188075855928 90 900 1 91 5 0 31 2 1224979098644774912 144115188075856512 1 3 817 144115188075855914 144115188075856921 2149 2 1224979098644774913 0 4 0 30 2 144115188075856034 1 520 3 1224979098644774914 2131 71 2105 2 1224979098644774913 1224979098644774914 3 0 2133 2 1224979098644774915 0 2133 2 1224979098644774916 0 2133 2 1224979098644774917 0 521 3 1224979098644774918 144115188075856177 68 6 3 1224979098644774919 21 408 541 3 1224979098644774919 68 1224979098644774918 2204 2 1224979098644774920 1224979098644774919 31 2 1224979098644774920 144115188075856150 521 3 1224979098644774921 1224979098644774919 152 2105 2 1224979098644774915 1224979098644774921 521 3 1224979098644774922 1224979098644774919 83 2105 2 1224979098644774916 1224979098644774922 521 3 1224979098644774923 1224979098644774919 84 2105 2 1224979098644774917 1224979098644774923 3 0 4 0 2147483678 2 1224979098644774913 72057594037927942 1106 1 216172782113788901 5 0 2147483753 1 72057594037927938 1106 1 1585267068834415476 5 0 32 2 72057594037927939 0 2147483680 2 1224979098644774915 0 3221225504 2 1224979098644774916 0 31 2 72057594037927940 0 4 0 542 3 144115188075856150 9 13 2320 2 4 1585267068834415228 5 0 2320 2 4 1585267068834415229 3 0 1106 1 1585267068834415477 5 0 32 2 72057594037927940 0 2147483680 2 1224979098644774916 0 3221225504 2 1224979098644774915 0 31 2 72057594037927939 0 1106 1 1585267068834415478 5 0 2147483680 2 1224979098644774917 0 1106 1 1585267068834415479 5 0 1 2 824 0 2133 2 1224979098644774924 72057594037927936 2133 2 1224979098644774925 -1 6 3 1224979098644774926 10 1224979098644774924 541 3 0 1224979098644774926 0 2133 2 1224979098644774924 -1 501 3 0 1224979098644774926 144115188075855914 2133 2 1224979098644774925 1224979098644774926 3 0 4 0 31 2 1224979098644774924 -1 32 2 1224979098644774925 -1 1 2 825 144115188075855914 1106 1 1585267068834415480 1 7 818 0 144115188075855914 1224979098644774925 144115188075855925 0 1 5 0 1106 1 1585267068834415482 3 0 3 0 900 1 90 5 0 2133 2 1224979098644774924 279 6 3 1224979098644774927 111 1224979098644774924 540 3 2088 1224979098644774927 1224979098644774912 2133 2 1224979098644774924 -1 3 0 31 2 1224979098644774924 -1 2133 2 144115188075855914 1224979098644774927 900 1 90 3 0 
-61.000000  8 4 0 71 1 57 2124 1 1000 75 1 31 726 2 72057594037927967 31 727 2 72057594037927968 31 1106 1 1585267068834414774 3 0 


prsnt_manage_cohorts 0 236 3
-60.000000  218 902 1 999999 2124 1 1000 2133 2 1224979098644774912 0 1 2 824 0 2133 2 1224979098644774913 72057594037927936 6 3 1224979098644774914 10 1224979098644774913 500 3 2088 1224979098644774914 0 561 3 0 1224979098644774914 1 2105 2 1224979098644774912 1 3 0 2133 2 72057594037927958 1224979098644774912 2122 3 72057594037927936 72057594037927958 -1 2105 3 72057594037927936 72057594037927958 2 910 3 72057594037927937 1585267068834415483 65552 729 2 1 1200 730 2 1 1200 925 2 72057594037927937 1 729 2 1 500 730 2 1 710 926 2 72057594037927937 1 921 2 72057594037927937 127 910 3 144115188075856767 1585267068834415470 4 729 2 1 785 730 2 1 710 926 2 144115188075856767 1 729 2 1 1000 730 2 1 1000 925 2 144115188075856767 1 921 2 144115188075856767 127 2157 2 72057594037927937 0 1 2 176 0 2133 2 72057594037927938 72057594037927936 1 2 32 0 2133 2 1224979098644774915 72057594037927936 2133 2 72057594037927939 1224979098644774915 2149 2 72057594037927940 0 1 2 824 0 2121 3 72057594037927941 72057594037927936 10 910 3 144115188075856765 1585267068834420211 4 729 2 1 785 730 2 1 630 926 2 144115188075856765 1 729 2 1 920 730 2 1 920 925 2 144115188075856765 1 1 2 914 144115188075855925 4 0 30 2 144115188075856034 1 520 3 1224979098644774916 2131 71 2133 2 72057594037927938 1224979098644774916 910 3 72057594037927937 1585267068834415472 4 729 2 1 785 730 2 1 580 926 2 72057594037927937 1 729 2 1 920 730 2 1 920 925 2 72057594037927937 1 3 0 940 2 72057594037927937 216172782113789079 729 2 1 500 730 2 1 23 926 2 72057594037927937 1 2133 2 144115188075856597 72057594037927937 2133 2 144115188075856514 -1 2133 2 144115188075856515 -1 4 0 32 2 1224979098644774912 1 940 2 72057594037927937 1585267068834415484 729 2 1 750 730 2 1 23 926 2 72057594037927937 1 2133 2 144115188075856514 72057594037927937 940 2 72057594037927937 1585267068834415485 729 2 1 250 730 2 1 23 926 2 72057594037927937 1 2133 2 144115188075856515 72057594037927937 3 0 911 2 72057594037927937 239 921 2 72057594037927937 0 729 2 3 200000 730 2 3 50 925 2 72057594037927937 3 729 2 3 0 730 2 3 530 926 2 72057594037927937 3 2133 2 144115188075856512 -1 2133 2 144115188075856513 -1 2133 2 144115188075856516 -1 4 0 1073741857 3 144115188075855914 111 202 33 3 144115188075855914 220 279 1 2 825 144115188075855914 910 3 72057594037927937 1585267068834415474 4 729 2 1 25 730 2 1 715 926 2 72057594037927937 1 921 2 72057594037927937 127 729 2 1 900 730 2 1 900 925 2 72057594037927937 1 1 2 830 144115188075855914 2122 3 1224979098644774917 72057594037927936 2 939 4 72057594037927936 -1 5 1224979098644774917 729 2 1 0 730 2 1 525 926 2 72057594037927936 1 729 2 3 250 730 2 3 250 925 2 72057594037927936 3 1 7 818 0 144115188075855914 144115188075855920 144115188075855925 -1 0 910 3 72057594037927937 5 131072 729 2 1 140 730 2 1 535 926 2 72057594037927937 1 729 2 1 330 730 2 1 90 929 2 72057594037927937 1 4 0 1 2 831 144115188075855925 940 2 72057594037927937 1585267068834415486 729 2 1 250 730 2 1 685 926 2 72057594037927937 1 729 2 1 115 730 2 1 25 925 2 72057594037927937 1 2133 2 144115188075856516 72057594037927937 5 0 1 2 832 144115188075855925 940 2 72057594037927937 1585267068834415486 729 2 1 250 730 2 1 685 926 2 72057594037927937 1 729 2 1 115 730 2 1 25 925 2 72057594037927937 1 2133 2 144115188075856516 72057594037927937 3 0 940 2 72057594037927937 1585267068834415487 729 2 1 250 730 2 1 658 926 2 72057594037927937 1 729 2 1 115 730 2 1 25 925 2 72057594037927937 1 2133 2 144115188075856512 72057594037927937 940 2 72057594037927937 1585267068834415488 729 2 1 250 730 2 1 631 926 2 72057594037927937 1 729 2 1 115 730 2 1 25 925 2 72057594037927937 1 2133 2 144115188075856513 72057594037927937 3 0 910 3 72057594037927937 1585267068834415489 4 729 2 1 25 730 2 1 510 926 2 72057594037927937 1 921 2 72057594037927937 127 729 2 1 900 730 2 1 900 925 2 72057594037927937 1 2319 1 0 910 3 72057594037927937 0 131072 729 2 1 70 730 2 1 70 926 2 72057594037927937 1 729 2 1 900 730 2 1 430 929 2 72057594037927937 1 2123 3 1224979098644774918 1224979098644774912 4 2107 2 1224979098644774918 250 2133 2 1224979098644774919 0 729 2 2 900 730 2 2 900 2133 2 1224979098644774920 1 945 1 72057594037927937 6 3 1224979098644774914 10 1224979098644774913 521 3 1224979098644774921 0 1224979098644774914 30 2 1224979098644774921 1 4 0 32 2 1224979098644774919 690 2133 2 1224979098644774919 0 2106 2 1224979098644774918 220 3 0 1 2 830 1224979098644774921 2122 3 1224979098644774917 72057594037927936 2 939 4 72057594037927936 -1 5 1224979098644774917 729 2 1 1224979098644774919 730 2 1 1224979098644774918 926 2 72057594037927936 1 729 2 3 250 730 2 3 250 925 2 72057594037927936 3 913 3 72057594037927946 466 466 729 2 1 1224979098644774919 2121 3 1224979098644774922 1224979098644774918 20 730 2 1 1224979098644774922 926 2 72057594037927946 1 729 2 3 500 730 2 3 4000 925 2 72057594037927946 3 922 2 72057594037927946 0 921 2 72057594037927946 14540253 500 3 2088 1224979098644774914 72057594037927946 1 2 825 1224979098644774921 2133 2 72057594037927936 1224979098644774920 910 3 72057594037927937 1585267068834415490 4 729 2 1 1224979098644774919 730 2 1 1224979098644774922 926 2 72057594037927937 1 925 2 72057594037927937 2 2105 2 1224979098644774919 230 2105 2 1224979098644774920 1 3 0 945 1 -1 
-62.000000  52 2071 1 1224979098644774912 4 0 31 2 1224979098644774912 144115188075856597 2133 2 144115188075855914 -1 900 1 144115188075855928 5 0 31 2 1224979098644774912 144115188075856512 1 7 818 0 144115188075855914 144115188075855920 144115188075855925 0 1 900 1 91 5 0 31 2 1224979098644774912 144115188075856513 1 4 822 0 144115188075855914 144115188075855920 2133 2 144115188075855914 -1 900 1 91 5 0 31 2 1224979098644774912 144115188075856516 1 5 823 0 144115188075855925 144115188075855914 144115188075855920 2133 2 144115188075855914 -1 900 1 91 5 0 31 2 1224979098644774912 144115188075856514 1 2 824 0 2133 2 1224979098644774913 72057594037927936 6 3 1224979098644774914 10 1224979098644774913 521 3 1224979098644774915 0 1224979098644774914 30 2 1224979098644774915 1 1 4 822 0 1224979098644774915 1224979098644774914 3 0 2133 2 144115188075855914 -1 900 1 91 5 0 31 2 1224979098644774912 144115188075856515 1 2 824 0 2133 2 1224979098644774913 72057594037927936 6 3 1224979098644774914 10 1224979098644774913 521 3 1224979098644774915 0 1224979098644774914 30 2 1224979098644774915 1 1 7 818 0 1224979098644774915 1224979098644774914 144115188075855925 0 1 3 0 900 1 91 5 0 1 2 824 0 2133 2 1224979098644774913 72057594037927936 6 3 1224979098644774916 10 1224979098644774913 540 3 2088 1224979098644774916 1224979098644774912 521 3 144115188075855914 0 1224979098644774916 2133 2 1224979098644774913 -1 3 0 31 2 1224979098644774913 -1 2133 2 144115188075855920 1224979098644774916 900 1 91 3 0 
-61.000000  8 4 0 71 1 57 2124 1 1000 75 1 31 726 2 72057594037927967 31 727 2 72057594037927968 31 1106 1 1585267068834414774 3 0 


prsnt_manage_cohorts_town 0 236 3
-60.000000  194 902 1 999999 2124 1 1000 2133 2 1224979098644774912 0 6 3 1224979098644774913 381 406 500 3 2088 1224979098644774913 0 561 3 144115188075855925 1224979098644774913 1 2105 2 1224979098644774912 1 3 0 2133 2 72057594037927958 1224979098644774912 2122 3 72057594037927936 72057594037927958 -1 2105 3 72057594037927936 72057594037927958 2 910 3 72057594037927937 1585267068834415491 65552 729 2 1 1200 730 2 1 1200 925 2 72057594037927937 1 729 2 1 500 730 2 1 710 926 2 72057594037927937 1 921 2 72057594037927937 127 910 3 144115188075856767 1585267068834415492 4 729 2 1 785 730 2 1 710 926 2 144115188075856767 1 729 2 1 1000 730 2 1 1000 925 2 144115188075856767 1 921 2 144115188075856767 127 2157 2 72057594037927937 144115188075855925 1 2 176 144115188075855925 2133 2 72057594037927938 72057594037927936 521 3 72057594037927940 144115188075855925 45 910 3 144115188075856765 1585267068834420212 4 729 2 1 785 730 2 1 630 926 2 144115188075856765 1 729 2 1 920 730 2 1 920 925 2 144115188075856765 1 1 2 914 144115188075856177 4 0 30 2 144115188075856034 1 520 3 1224979098644774914 2131 71 2133 2 72057594037927938 1224979098644774914 910 3 72057594037927937 1585267068834415472 4 729 2 1 785 730 2 1 540 926 2 72057594037927937 1 729 2 1 920 730 2 1 920 925 2 72057594037927937 1 3 0 940 2 72057594037927937 216172782113789079 729 2 1 500 730 2 1 23 926 2 72057594037927937 1 2133 2 144115188075856597 72057594037927937 940 2 72057594037927937 1585267068834415494 729 2 1 750 730 2 1 23 926 2 72057594037927937 1 2133 2 144115188075856514 72057594037927937 911 2 72057594037927937 239 921 2 72057594037927937 0 729 2 3 200000 730 2 3 50 925 2 72057594037927937 3 729 2 3 0 730 2 3 530 926 2 72057594037927937 3 2133 2 144115188075856512 -1 2133 2 144115188075856515 -1 2133 2 144115188075856513 -1 4 0 1073741857 3 144115188075855914 220 279 33 3 144115188075855914 144 202 1 2 825 144115188075855914 910 3 72057594037927937 1585267068834415474 4 729 2 1 25 730 2 1 715 926 2 72057594037927937 1 921 2 72057594037927937 127 729 2 1 900 730 2 1 900 925 2 72057594037927937 1 1 2 830 144115188075855914 2122 3 1224979098644774915 72057594037927936 2 939 4 72057594037927936 -1 5 1224979098644774915 729 2 1 0 730 2 1 525 926 2 72057594037927936 1 729 2 3 250 730 2 3 250 925 2 72057594037927936 3 1 7 818 144115188075855925 144115188075855914 144115188075855920 144115188075855925 -1 0 910 3 72057594037927937 5 131072 729 2 1 140 730 2 1 535 926 2 72057594037927937 1 729 2 1 330 730 2 1 90 929 2 72057594037927937 1 4 0 1 2 831 144115188075855925 940 2 72057594037927937 1585267068834415495 729 2 1 250 730 2 1 685 926 2 72057594037927937 1 729 2 1 115 730 2 1 25 925 2 72057594037927937 1 2133 2 144115188075856515 72057594037927937 3 0 940 2 72057594037927937 1585267068834415487 729 2 1 250 730 2 1 658 926 2 72057594037927937 1 729 2 1 115 730 2 1 25 925 2 72057594037927937 1 2133 2 144115188075856512 72057594037927937 4 0 1 2 831 144115188075855925 940 2 72057594037927937 1585267068834415488 729 2 1 250 730 2 1 631 926 2 72057594037927937 1 729 2 1 115 730 2 1 25 925 2 72057594037927937 1 2133 2 144115188075856513 72057594037927937 3 0 3 0 910 3 72057594037927937 1585267068834415496 4 729 2 1 25 730 2 1 510 926 2 72057594037927937 1 921 2 72057594037927937 127 729 2 1 900 730 2 1 900 925 2 72057594037927937 1 2319 1 0 910 3 72057594037927937 0 131072 729 2 1 70 730 2 1 70 926 2 72057594037927937 1 729 2 1 900 730 2 1 430 929 2 72057594037927937 1 2123 3 1224979098644774916 1224979098644774912 4 2107 2 1224979098644774916 250 2133 2 1224979098644774917 0 729 2 2 900 730 2 2 900 2133 2 1224979098644774918 1 945 1 72057594037927937 6 3 1224979098644774913 381 406 521 3 1224979098644774919 144115188075855925 1224979098644774913 30 2 1224979098644774919 1 4 0 32 2 1224979098644774917 690 2133 2 1224979098644774917 0 2106 2 1224979098644774916 220 3 0 1 2 830 1224979098644774919 2122 3 1224979098644774915 72057594037927936 2 939 4 72057594037927936 -1 5 1224979098644774915 729 2 1 1224979098644774917 730 2 1 1224979098644774916 926 2 72057594037927936 1 729 2 3 250 730 2 3 250 925 2 72057594037927936 3 913 3 72057594037927946 466 466 729 2 1 1224979098644774917 2121 3 1224979098644774920 1224979098644774916 20 730 2 1 1224979098644774920 926 2 72057594037927946 1 729 2 3 500 730 2 3 4000 925 2 72057594037927946 3 922 2 72057594037927946 0 921 2 72057594037927946 14540253 500 3 2088 1224979098644774913 72057594037927946 1 2 825 1224979098644774919 2133 2 72057594037927936 1224979098644774918 910 3 72057594037927937 1585267068834415490 4 729 2 1 1224979098644774917 730 2 1 1224979098644774920 926 2 72057594037927937 1 925 2 72057594037927937 2 2105 2 1224979098644774917 230 2105 2 1224979098644774918 1 3 0 945 1 -1 
-62.000000  52 2071 1 1224979098644774912 4 0 31 2 1224979098644774912 144115188075856597 2133 2 144115188075855914 -1 2133 2 144115188075855920 -1 902 1 0 5 0 31 2 1224979098644774912 144115188075856512 1 7 818 144115188075855925 144115188075855914 144115188075855920 144115188075855925 0 1 900 1 92 5 0 31 2 1224979098644774912 144115188075856514 2133 2 144115188075855914 -1 2133 2 144115188075855920 -1 2133 2 144115188075855928 92 900 1 91 5 0 31 2 1224979098644774912 144115188075856515 4 0 33 3 144115188075855914 144 163 1106 2 1585267068834415497 15785267 5 0 1 7 818 144115188075855925 144115188075855914 144115188075855920 144115188075855925 -1 0 2147483753 1 72057594037927938 1106 2 1585267068834415498 15785267 5 0 1 5 823 144115188075855925 0 144115188075855914 144115188075855920 2133 2 144115188075855914 -1 2133 2 144115188075855920 -1 3 0 900 1 92 5 0 31 2 1224979098644774912 144115188075856513 4 0 33 3 144115188075855914 144 163 1106 2 1585267068834415499 15785267 5 0 1 4 822 144115188075855925 144115188075855914 144115188075855920 2133 2 144115188075855914 -1 3 0 900 1 92 5 0 2133 2 1224979098644774913 406 6 3 1224979098644774914 381 1224979098644774913 540 3 2088 1224979098644774914 1224979098644774912 521 3 144115188075855914 144115188075855925 1224979098644774914 2133 2 1224979098644774913 -1 3 0 31 2 1224979098644774913 -1 2133 2 144115188075855920 1224979098644774914 900 1 92 3 0 
-61.000000  8 4 0 71 1 57 2124 1 1000 75 1 31 726 2 72057594037927967 31 727 2 72057594037927968 31 1106 1 1585267068834414774 3 0 


prsnt_senate 0 0 2
-60.000000  43 902 1 999999 2124 1 1000 911 2 72057594037927937 490 729 2 1 700 730 2 1 0 926 2 72057594037927937 1 911 2 72057594037927938 239 921 2 72057594037927938 0 922 2 72057594037927938 176 910 3 72057594037927937 60 10256 729 2 1 850 730 2 1 850 925 2 72057594037927937 1 729 2 1 33000 730 2 1 6850 925 2 72057594037927938 1 729 2 1 660 730 2 1 132 929 2 72057594037927937 1 729 2 1 20 730 2 1 600 926 2 72057594037927938 1 926 2 72057594037927937 1 921 2 72057594037927937 14540253 2133 2 1224979098644774912 40 2133 2 1224979098644774913 0 6 3 1224979098644774914 0 30 500 3 2087 1224979098644774914 -1 1 3 843 1224979098644774914 0 2105 2 1224979098644774913 1 30 2 1224979098644774913 15 2106 2 1224979098644774912 1 3 0 2133 2 1224979098644774915 600 6 3 1224979098644774914 0 30 1 3 843 1224979098644774914 0 912 3 72057594037927937 1 16 500 3 2087 1224979098644774914 72057594037927937 729 2 1 850 730 2 1 1224979098644774915 2106 2 1224979098644774915 1224979098644774912 926 2 72057594037927937 1 3 0 
-62.000000  5 2071 1 1224979098644774912 6 3 1224979098644774913 0 30 540 3 2087 1224979098644774913 1224979098644774912 1 3 843 1224979098644774913 1 3 0 


prsnt_imperial_budget_report 0 236 3
-60.000000  828 902 1 999999 2124 1 1000 2133 2 1224979098644774912 0 2133 2 1224979098644774913 0 2133 2 1224979098644774914 0 2133 2 1224979098644774915 0 910 3 72057594037927937 1585267068834415500 16 729 2 1 1500 730 2 1 1500 925 2 72057594037927937 1 729 2 1 500 730 2 1 710 926 2 72057594037927937 1 910 3 72057594037927937 1585267068834415501 16 729 2 1 1350 730 2 1 1350 925 2 72057594037927937 1 729 2 1 250 730 2 1 680 926 2 72057594037927937 1 910 3 72057594037927937 1585267068834415502 16 729 2 1 1350 730 2 1 1350 925 2 72057594037927937 1 729 2 1 750 730 2 1 680 926 2 72057594037927937 1 910 3 72057594037927937 1585267068834415503 16 729 2 1 1100 730 2 1 1100 925 2 72057594037927937 1 729 2 1 750 730 2 1 645 926 2 72057594037927937 1 910 3 72057594037927937 1585267068834415504 4 729 2 1 1000 730 2 1 1000 925 2 72057594037927937 1 729 2 1 570 730 2 1 620 926 2 72057594037927937 1 910 3 72057594037927937 1585267068834415505 4 729 2 1 1000 730 2 1 1000 925 2 72057594037927937 1 729 2 1 750 730 2 1 620 926 2 72057594037927937 1 910 3 72057594037927937 1585267068834415506 4 729 2 1 1000 730 2 1 1000 925 2 72057594037927937 1 729 2 1 850 730 2 1 620 926 2 72057594037927937 1 2319 1 0 910 3 72057594037927937 0 8192 729 2 1 550 730 2 1 510 926 2 72057594037927937 1 729 2 1 350 730 2 1 100 929 2 72057594037927937 1 945 1 72057594037927937 2133 2 1224979098644774916 -1 6 3 1224979098644774917 21 408 2204 2 1224979098644774918 1224979098644774917 31 2 1224979098644774918 32 2105 2 1224979098644774916 1 3 0 2122 3 1224979098644774919 1224979098644774916 27 2133 2 1224979098644774920 0 2133 2 1224979098644774921 0 6 3 1224979098644774917 21 408 2204 2 1224979098644774918 1224979098644774917 31 2 1224979098644774918 32 2330 2 1 1224979098644774917 521 3 72057594037927938 1224979098644774917 270 521 3 72057594037927936 1224979098644774917 44 2105 2 72057594037927938 72057594037927936 910 3 72057594037927937 1585267068834415507 0 729 2 1 900 730 2 1 900 925 2 72057594037927937 1 729 2 1 25 730 2 1 1224979098644774919 926 2 72057594037927937 1 2105 2 1224979098644774920 72057594037927938 910 3 72057594037927937 1585267068834415508 0 729 2 1 900 730 2 1 900 925 2 72057594037927937 1 729 2 1 200 730 2 1 1224979098644774919 926 2 72057594037927937 1 2107 2 72057594037927938 60 2108 2 72057594037927938 100 522 3 1224979098644774922 32 276 2107 2 72057594037927938 1224979098644774922 2108 2 72057594037927938 100 2105 2 1224979098644774921 72057594037927938 910 3 72057594037927937 1585267068834415508 0 921 2 72057594037927937 43520 729 2 1 900 730 2 1 900 925 2 72057594037927937 1 729 2 1 300 730 2 1 1224979098644774919 926 2 72057594037927937 1 2106 2 1224979098644774919 27 3 0 945 1 -1 911 2 72057594037927937 239 921 2 72057594037927937 0 729 2 3 17000 730 2 3 100 925 2 72057594037927937 3 729 2 3 575 730 2 3 500 926 2 72057594037927937 3 2319 1 0 910 3 72057594037927937 0 8192 729 2 1 550 730 2 1 415 926 2 72057594037927937 1 729 2 1 350 730 2 1 75 929 2 72057594037927937 1 945 1 72057594037927937 2133 2 1224979098644774916 1 2122 3 1224979098644774919 1224979098644774916 27 910 3 72057594037927937 1585267068834415509 0 729 2 1 900 730 2 1 900 925 2 72057594037927937 1 729 2 1 25 730 2 1 1224979098644774919 926 2 72057594037927937 1 2133 2 72057594037927938 1224979098644774920 910 3 72057594037927937 1585267068834415508 0 729 2 1 900 730 2 1 900 925 2 72057594037927937 1 729 2 1 200 730 2 1 1224979098644774919 926 2 72057594037927937 1 2105 2 1224979098644774914 1224979098644774921 2133 2 72057594037927938 1224979098644774921 910 3 72057594037927937 1585267068834415508 0 729 2 1 900 730 2 1 900 925 2 72057594037927937 1 921 2 72057594037927937 43520 729 2 1 300 730 2 1 1224979098644774919 926 2 72057594037927937 1 2106 2 1224979098644774919 27 945 1 -1 910 3 72057594037927937 1585267068834415510 16 729 2 1 1100 730 2 1 1100 925 2 72057594037927937 1 729 2 1 750 730 2 1 453 926 2 72057594037927937 1 910 3 72057594037927937 1585267068834415511 4 729 2 1 1000 730 2 1 1000 925 2 72057594037927937 1 729 2 1 570 730 2 1 428 926 2 72057594037927937 1 910 3 72057594037927937 1585267068834414849 4 729 2 1 1000 730 2 1 1000 925 2 72057594037927937 1 729 2 1 750 730 2 1 428 926 2 72057594037927937 1 910 3 72057594037927937 1585267068834415512 4 729 2 1 1000 730 2 1 1000 925 2 72057594037927937 1 729 2 1 850 730 2 1 428 926 2 72057594037927937 1 2319 1 0 910 3 72057594037927937 0 8192 729 2 1 550 730 2 1 323 926 2 72057594037927937 1 729 2 1 350 730 2 1 100 929 2 72057594037927937 1 945 1 72057594037927937 2133 2 1224979098644774916 -1 6 3 1224979098644774923 781 1051 2173 2 1224979098644774918 1224979098644774923 31 2 1224979098644774918 32 520 3 1224979098644774924 1224979098644774923 178 520 3 1224979098644774925 1224979098644774923 179 1073741856 2 1224979098644774924 1 32 2 1224979098644774925 1 2105 2 1224979098644774916 1 3 0 2122 3 1224979098644774919 1224979098644774916 27 2133 2 1224979098644774926 0 2133 2 1224979098644774927 0 6 3 1224979098644774923 781 1051 2173 2 1224979098644774918 1224979098644774923 31 2 1224979098644774918 32 540 3 1224979098644774923 2 2 520 3 1224979098644774924 1224979098644774923 178 520 3 1224979098644774925 1224979098644774923 179 1073741856 2 1224979098644774924 1 32 2 1224979098644774925 1 4 0 31 2 1224979098644774924 13 2322 2 1 2346 5 0 32 2 1224979098644774924 0 2120 3 1224979098644774928 216172782113788581 1224979098644774924 2320 2 1 1224979098644774928 5 0 1 2 825 1224979098644774925 2321 2 1 5 3 0 910 3 72057594037927937 1585267068834415507 0 729 2 1 900 730 2 1 900 925 2 72057594037927937 1 729 2 1 25 730 2 1 1224979098644774919 926 2 72057594037927937 1 520 3 1224979098644774929 1224979098644774923 10 2133 2 72057594037927938 0 4 0 132 1 1224979098644774929 2157 2 72057594037927938 1224979098644774929 2105 2 1224979098644774926 72057594037927938 3 0 910 3 72057594037927937 1585267068834415508 0 729 2 1 900 730 2 1 900 925 2 72057594037927937 1 729 2 1 200 730 2 1 1224979098644774919 926 2 72057594037927937 1 2133 2 72057594037927936 0 4 0 132 1 1224979098644774929 1 2 176 1224979098644774929 2105 2 1224979098644774927 72057594037927936 3 0 910 3 72057594037927937 1585267068834414729 0 921 2 72057594037927937 16711680 729 2 1 900 730 2 1 900 925 2 72057594037927937 1 729 2 1 300 730 2 1 1224979098644774919 926 2 72057594037927937 1 2106 2 1224979098644774919 27 3 0 945 1 -1 911 2 72057594037927937 239 921 2 72057594037927937 0 729 2 3 18000 730 2 3 100 925 2 72057594037927937 3 729 2 3 575 730 2 3 318 926 2 72057594037927937 3 2319 1 0 910 3 72057594037927937 0 8192 729 2 1 550 730 2 1 228 926 2 72057594037927937 1 729 2 1 350 730 2 1 75 929 2 72057594037927937 1 945 1 72057594037927937 2133 2 1224979098644774916 1 2122 3 1224979098644774919 1224979098644774916 27 910 3 72057594037927937 1585267068834415509 0 729 2 1 900 730 2 1 900 925 2 72057594037927937 1 729 2 1 25 730 2 1 1224979098644774919 926 2 72057594037927937 1 2133 2 72057594037927938 1224979098644774926 910 3 72057594037927937 1585267068834415508 0 729 2 1 900 730 2 1 900 925 2 72057594037927937 1 729 2 1 200 730 2 1 1224979098644774919 926 2 72057594037927937 1 2105 2 1224979098644774912 1224979098644774927 2133 2 72057594037927938 1224979098644774927 910 3 72057594037927937 1585267068834415508 0 921 2 72057594037927937 16711680 729 2 1 900 730 2 1 900 925 2 72057594037927937 1 729 2 1 300 730 2 1 1224979098644774919 926 2 72057594037927937 1 2106 2 1224979098644774919 27 945 1 -1 910 3 72057594037927937 1585267068834415513 16 729 2 1 1100 730 2 1 1100 925 2 72057594037927937 1 729 2 1 750 730 2 1 255 926 2 72057594037927937 1 910 3 72057594037927937 1585267068834415504 4 729 2 1 1000 730 2 1 1000 925 2 72057594037927937 1 729 2 1 570 730 2 1 230 926 2 72057594037927937 1 910 3 72057594037927937 1585267068834415514 4 729 2 1 1000 730 2 1 1000 925 2 72057594037927937 1 729 2 1 750 730 2 1 230 926 2 72057594037927937 1 910 3 72057594037927937 1585267068834415512 4 729 2 1 1000 730 2 1 1000 925 2 72057594037927937 1 729 2 1 850 730 2 1 230 926 2 72057594037927937 1 2319 1 0 910 3 72057594037927937 0 8192 729 2 1 550 730 2 1 125 926 2 72057594037927937 1 729 2 1 350 730 2 1 100 929 2 72057594037927937 1 945 1 72057594037927937 2133 2 1224979098644774916 -1 6 3 1224979098644774917 21 153 2204 2 1224979098644774918 1224979098644774917 31 2 1224979098644774918 32 2105 2 1224979098644774916 1 3 0 2122 3 1224979098644774919 1224979098644774916 27 2133 2 1224979098644774930 0 2133 2 1224979098644774931 0 6 3 1224979098644774917 21 153 2204 2 1224979098644774918 1224979098644774917 31 2 1224979098644774918 32 2330 2 1 1224979098644774917 910 3 72057594037927937 1585267068834415507 0 729 2 1 900 730 2 1 900 925 2 72057594037927937 1 729 2 1 25 730 2 1 1224979098644774919 926 2 72057594037927937 1 2157 2 72057594037927938 1224979098644774917 2105 2 1224979098644774930 72057594037927938 910 3 72057594037927937 1585267068834415508 0 729 2 1 900 730 2 1 900 925 2 72057594037927937 1 729 2 1 200 730 2 1 1224979098644774919 926 2 72057594037927937 1 2133 2 1224979098644774932 0 6 3 1224979098644774933 385 406 521 3 1224979098644774934 1224979098644774917 1224979098644774933 1 7 818 1224979098644774917 1224979098644774934 1224979098644774933 -1 -1 0 2105 2 1224979098644774932 72057594037927941 3 0 2108 2 1224979098644774932 2 2105 2 1224979098644774931 1224979098644774932 2133 2 72057594037927936 1224979098644774932 910 3 72057594037927937 1585267068834414729 0 921 2 72057594037927937 16711680 729 2 1 900 730 2 1 900 925 2 72057594037927937 1 729 2 1 300 730 2 1 1224979098644774919 926 2 72057594037927937 1 2106 2 1224979098644774919 27 3 0 945 1 -1 911 2 72057594037927937 239 921 2 72057594037927937 0 729 2 3 18000 730 2 3 100 925 2 72057594037927937 3 729 2 3 575 730 2 3 120 926 2 72057594037927937 3 2319 1 0 910 3 72057594037927937 0 8192 729 2 1 550 730 2 1 30 926 2 72057594037927937 1 729 2 1 350 730 2 1 75 929 2 72057594037927937 1 945 1 72057594037927937 2133 2 1224979098644774916 1 2122 3 1224979098644774919 1224979098644774916 27 910 3 72057594037927937 1585267068834415509 0 729 2 1 900 730 2 1 900 925 2 72057594037927937 1 729 2 1 25 730 2 1 1224979098644774919 926 2 72057594037927937 1 2133 2 72057594037927938 1224979098644774930 910 3 72057594037927937 1585267068834415508 0 729 2 1 900 730 2 1 900 925 2 72057594037927937 1 729 2 1 200 730 2 1 1224979098644774919 926 2 72057594037927937 1 2105 2 1224979098644774912 1224979098644774931 2133 2 72057594037927938 1224979098644774931 910 3 72057594037927937 1585267068834415508 0 921 2 72057594037927937 16711680 729 2 1 900 730 2 1 900 925 2 72057594037927937 1 729 2 1 300 730 2 1 1224979098644774919 926 2 72057594037927937 1 2106 2 1224979098644774919 27 945 1 -1 910 3 72057594037927937 1585267068834415515 16 729 2 1 1100 730 2 1 1100 925 2 72057594037927937 1 729 2 1 250 730 2 1 650 926 2 72057594037927937 1 910 3 72057594037927937 1585267068834415516 4 729 2 1 1000 730 2 1 1000 925 2 72057594037927937 1 729 2 1 70 730 2 1 620 926 2 72057594037927937 1 910 3 72057594037927937 1585267068834415517 4 729 2 1 1000 730 2 1 1000 925 2 72057594037927937 1 729 2 1 250 730 2 1 620 926 2 72057594037927937 1 2319 1 0 910 3 72057594037927937 0 8192 729 2 1 50 730 2 1 510 926 2 72057594037927937 1 729 2 1 350 730 2 1 100 929 2 72057594037927937 1 945 1 72057594037927937 522 3 1224979098644774935 32 275 2121 3 1224979098644774916 274 270 4 0 32 2 1224979098644774935 0 2105 2 1224979098644774916 1 3 0 2122 3 1224979098644774919 1224979098644774916 27 2133 2 1224979098644774936 0 6 3 1224979098644774937 270 275 2121 3 1224979098644774928 1224979098644774937 270 2105 2 1224979098644774928 216172782113790091 2320 2 1 1224979098644774928 910 3 72057594037927937 1585267068834415507 0 729 2 1 900 730 2 1 900 925 2 72057594037927937 1 729 2 1 25 730 2 1 1224979098644774919 926 2 72057594037927937 1 522 3 72057594037927938 32 1224979098644774937 2105 2 1224979098644774936 72057594037927938 910 3 72057594037927937 1585267068834415508 0 921 2 72057594037927937 43520 729 2 1 900 730 2 1 900 925 2 72057594037927937 1 729 2 1 200 730 2 1 1224979098644774919 926 2 72057594037927937 1 2106 2 1224979098644774919 27 3 0 4 0 32 2 1224979098644774935 0 910 3 72057594037927937 1585267068834415518 0 729 2 1 900 730 2 1 900 925 2 72057594037927937 1 729 2 1 25 730 2 1 1224979098644774919 926 2 72057594037927937 1 2113 1 1224979098644774935 2105 2 1224979098644774936 1224979098644774935 2133 2 72057594037927938 1224979098644774935 910 3 72057594037927937 1585267068834415508 0 921 2 72057594037927937 43520 729 2 1 900 730 2 1 900 925 2 72057594037927937 1 729 2 1 200 730 2 1 1224979098644774919 926 2 72057594037927937 1 2106 2 1224979098644774919 27 3 0 945 1 -1 911 2 72057594037927937 239 921 2 72057594037927937 0 729 2 3 17000 730 2 3 100 925 2 72057594037927937 3 729 2 3 75 730 2 3 500 926 2 72057594037927937 3 2319 1 0 910 3 72057594037927937 0 8192 729 2 1 50 730 2 1 415 926 2 72057594037927937 1 729 2 1 350 730 2 1 75 929 2 72057594037927937 1 945 1 72057594037927937 2133 2 1224979098644774916 1 2122 3 1224979098644774919 1224979098644774916 27 910 3 72057594037927937 1585267068834415509 0 729 2 1 900 730 2 1 900 925 2 72057594037927937 1 729 2 1 25 730 2 1 1224979098644774919 926 2 72057594037927937 1 2105 2 1224979098644774915 1224979098644774936 2133 2 72057594037927938 1224979098644774936 910 3 72057594037927937 1585267068834415508 0 921 2 72057594037927937 43520 729 2 1 900 730 2 1 900 925 2 72057594037927937 1 729 2 1 200 730 2 1 1224979098644774919 926 2 72057594037927937 1 945 1 -1 910 3 72057594037927937 1585267068834415519 16 729 2 1 1100 730 2 1 1100 925 2 72057594037927937 1 729 2 1 250 730 2 1 425 926 2 72057594037927937 1 910 3 72057594037927937 1585267068834415520 4 729 2 1 1000 730 2 1 1000 925 2 72057594037927937 1 729 2 1 70 730 2 1 395 926 2 72057594037927937 1 910 3 72057594037927937 1585267068834415521 4 729 2 1 1000 730 2 1 1000 925 2 72057594037927937 1 729 2 1 250 730 2 1 395 926 2 72057594037927937 1 2319 1 0 910 3 72057594037927937 0 8192 729 2 1 50 730 2 1 285 926 2 72057594037927937 1 729 2 1 350 730 2 1 100 929 2 72057594037927937 1 945 1 72057594037927937 2121 3 1224979098644774916 269 262 4 0 2147483678 2 1224979098644774935 0 2105 2 1224979098644774916 1 3 0 2122 3 1224979098644774919 1224979098644774916 27 2133 2 1224979098644774938 0 6 3 1224979098644774937 262 270 2121 3 1224979098644774928 1224979098644774937 262 2105 2 1224979098644774928 216172782113790096 2320 2 1 1224979098644774928 910 3 72057594037927937 1585267068834415507 0 729 2 1 900 730 2 1 900 925 2 72057594037927937 1 729 2 1 25 730 2 1 1224979098644774919 926 2 72057594037927937 1 522 3 72057594037927938 32 1224979098644774937 2105 2 1224979098644774938 72057594037927938 910 3 72057594037927937 1585267068834415508 0 921 2 72057594037927937 16711680 729 2 1 900 730 2 1 900 925 2 72057594037927937 1 729 2 1 200 730 2 1 1224979098644774919 926 2 72057594037927937 1 2106 2 1224979098644774919 27 3 0 4 0 2147483678 2 1224979098644774935 0 910 3 72057594037927937 1585267068834415522 0 729 2 1 900 730 2 1 900 925 2 72057594037927937 1 729 2 1 25 730 2 1 1224979098644774919 926 2 72057594037927937 1 2113 1 1224979098644774935 2105 2 1224979098644774938 1224979098644774935 2133 2 72057594037927938 1224979098644774935 910 3 72057594037927937 1585267068834415508 0 921 2 72057594037927937 16711680 729 2 1 900 730 2 1 900 925 2 72057594037927937 1 729 2 1 200 730 2 1 1224979098644774919 926 2 72057594037927937 1 2106 2 1224979098644774919 27 3 0 945 1 -1 911 2 72057594037927937 239 921 2 72057594037927937 0 729 2 3 17000 730 2 3 100 925 2 72057594037927937 3 729 2 3 75 730 2 3 275 926 2 72057594037927937 3 2319 1 0 910 3 72057594037927937 0 8192 729 2 1 50 730 2 1 190 926 2 72057594037927937 1 729 2 1 350 730 2 1 75 929 2 72057594037927937 1 945 1 72057594037927937 2133 2 1224979098644774916 1 2122 3 1224979098644774919 1224979098644774916 27 910 3 72057594037927937 1585267068834415509 0 729 2 1 900 730 2 1 900 925 2 72057594037927937 1 729 2 1 25 730 2 1 1224979098644774919 926 2 72057594037927937 1 2105 2 1224979098644774913 1224979098644774938 2133 2 72057594037927938 1224979098644774938 910 3 72057594037927937 1585267068834415508 0 921 2 72057594037927937 16711680 729 2 1 900 730 2 1 900 925 2 72057594037927937 1 729 2 1 200 730 2 1 1224979098644774919 926 2 72057594037927937 1 945 1 -1 910 3 72057594037927937 1585267068834415523 0 729 2 1 1000 730 2 1 1000 925 2 72057594037927937 1 729 2 1 580 730 2 1 55 926 2 72057594037927937 1 2121 3 1224979098644774939 1224979098644774914 1224979098644774912 2133 2 72057594037927938 1224979098644774939 910 3 72057594037927937 1585267068834415508 0 4 0 32 2 1224979098644774939 0 921 2 72057594037927937 43520 5 0 921 2 72057594037927937 16711680 3 0 729 2 1 1000 730 2 1 1000 925 2 72057594037927937 1 729 2 1 850 730 2 1 55 926 2 72057594037927937 1 910 3 72057594037927937 1585267068834415524 0 729 2 1 1000 730 2 1 1000 925 2 72057594037927937 1 729 2 1 75 730 2 1 215 926 2 72057594037927937 1 2121 3 1224979098644774940 1224979098644774915 1224979098644774913 2133 2 72057594037927938 1224979098644774940 910 3 72057594037927937 1585267068834415508 0 4 0 32 2 1224979098644774940 0 921 2 72057594037927937 43520 5 0 921 2 72057594037927937 16711680 3 0 729 2 1 1000 730 2 1 1000 925 2 72057594037927937 1 729 2 1 250 730 2 1 215 926 2 72057594037927937 1 910 3 72057594037927937 1585267068834415525 0 729 2 1 1000 730 2 1 1000 925 2 72057594037927937 1 729 2 1 75 730 2 1 175 926 2 72057594037927937 1 522 3 1224979098644774941 32 44 2133 2 72057594037927938 1224979098644774941 910 3 72057594037927937 1585267068834415508 0 4 0 32 2 1224979098644774941 0 921 2 72057594037927937 43520 5 0 921 2 72057594037927937 16711680 3 0 729 2 1 1000 730 2 1 1000 925 2 72057594037927937 1 729 2 1 250 730 2 1 175 926 2 72057594037927937 1 910 3 72057594037927937 1585267068834415526 0 729 2 1 1000 730 2 1 1000 925 2 72057594037927937 1 729 2 1 75 730 2 1 145 926 2 72057594037927937 1 522 3 1224979098644774942 32 43 2133 2 72057594037927938 1224979098644774942 910 3 72057594037927937 1585267068834415508 0 4 0 32 2 1224979098644774942 0 921 2 72057594037927937 16711680 5 0 921 2 72057594037927937 43520 3 0 729 2 1 1000 730 2 1 1000 925 2 72057594037927937 1 729 2 1 250 730 2 1 145 926 2 72057594037927937 1 910 3 72057594037927937 1585267068834415527 0 729 2 1 1000 730 2 1 1000 925 2 72057594037927937 1 729 2 1 75 730 2 1 115 926 2 72057594037927937 1 2120 3 72057594037927938 1224979098644774941 1224979098644774940 2111 2 72057594037927938 0 910 3 72057594037927937 1585267068834415508 0 4 0 32 2 72057594037927938 0 921 2 72057594037927937 43520 5 0 921 2 72057594037927937 16711680 3 0 729 2 1 1000 730 2 1 1000 925 2 72057594037927937 1 729 2 1 250 730 2 1 115 926 2 72057594037927937 1 910 3 72057594037927937 1585267068834415528 0 729 2 1 1000 730 2 1 1000 925 2 72057594037927937 1 729 2 1 75 730 2 1 85 926 2 72057594037927937 1 2120 3 72057594037927938 1224979098644774941 1224979098644774940 2107 2 72057594037927938 -1 2111 2 72057594037927938 0 2105 2 72057594037927938 1224979098644774942 910 3 72057594037927937 1585267068834415508 0 4 0 32 2 72057594037927938 0 921 2 72057594037927937 16711680 5 0 921 2 72057594037927937 43520 3 0 729 2 1 1000 730 2 1 1000 925 2 72057594037927937 1 729 2 1 250 730 2 1 85 926 2 72057594037927937 1 940 2 72057594037927937 216172782113789079 729 2 1 500 730 2 1 23 926 2 72057594037927937 1 2133 2 144115188075856597 72057594037927937 4 0 31 2 144115188075855873 1 1 2 852 32 2133 2 144115188075855873 0 3 0 
-62.000000  7 2071 1 1224979098644774912 4 0 31 2 1224979098644774912 144115188075856597 2133 2 144115188075855914 -1 2133 2 144115188075855920 -1 902 1 0 3 0 
-61.000000  8 4 0 71 1 57 2124 1 1000 75 1 31 726 2 72057594037927967 31 727 2 72057594037927968 31 1106 1 1585267068834414774 3 0 


prsnt_select_kingdom 0 236 3
-60.000000  237 902 1 999999 2124 1 1000 6 3 1224979098644774912 1 30 500 3 2087 1224979098644774912 -1 500 3 2088 1224979098644774912 -1 3 0 2133 2 1224979098644774913 0 6 3 1224979098644774914 26 53 2121 3 1224979098644774912 1224979098644774914 26 500 3 2088 1224979098644774912 -1 2133 2 1224979098644774915 0 4 0 540 3 2131 72 63 33 3 1224979098644774914 49 53 2133 2 1224979098644774915 1 3 0 31 2 1224979098644774915 0 2105 2 1224979098644774912 1 500 3 2087 1224979098644774912 1224979098644774914 2105 2 1224979098644774913 1 3 0 916 1 144115188075856512 729 2 1 750 730 2 1 710 926 2 144115188075856512 1 931 2 144115188075856512 1585267068834415529 931 2 144115188075856512 1585267068834415530 4 0 540 3 2131 72 63 927 2 144115188075856512 0 5 0 927 2 144115188075856512 1 3 0 4 0 32 2 144115188075855933 -1 4 0 31 2 144115188075855933 1007 2133 2 1224979098644774916 49 5 0 31 2 144115188075855933 982 2133 2 1224979098644774916 50 5 0 31 2 144115188075855933 1004 2133 2 1224979098644774916 51 5 0 31 2 144115188075855933 1003 2133 2 1224979098644774916 52 5 0 2173 2 1224979098644774916 144115188075855933 3 0 2322 2 0 144115188075855933 910 3 72057594037927937 1585267068834420309 0 729 2 1 25 730 2 1 715 926 2 72057594037927937 1 729 2 1 950 730 2 1 950 925 2 72057594037927937 1 939 4 72057594037927936 -1 20 144115188075855933 729 2 1 10 730 2 1 540 926 2 72057594037927936 1 729 2 1 500 730 2 1 500 925 2 72057594037927936 1 4 0 31 2 144115188075856788 0 2106 2 1224979098644774916 25 2120 3 1224979098644774917 1224979098644774916 216172782113790116 2106 2 1224979098644774917 1 2320 2 0 1224979098644774917 5 0 522 3 1224979098644774918 1224979098644774916 9 2121 3 1224979098644774917 1224979098644774918 6 2105 2 1224979098644774917 216172782113790143 2320 2 0 1224979098644774917 2335 2 2 1224979098644774916 2335 2 1 1224979098644774918 2320 2 0 1585267068834415532 3 0 910 3 72057594037927937 0 131072 729 2 1 535 730 2 1 50 926 2 72057594037927937 1 729 2 1 415 730 2 1 650 929 2 72057594037927937 1 945 1 72057594037927937 945 1 -1 4 0 31 2 144115188075856788 0 910 3 72057594037927937 1585267068834415533 65536 921 2 72057594037927937 15785267 729 2 1 1000 730 2 1 1000 925 2 72057594037927937 1 729 2 1 295 730 2 1 710 926 2 72057594037927937 1 2319 1 0 910 3 72057594037927937 0 131072 729 2 1 225 730 2 1 550 926 2 72057594037927937 1 729 2 1 260 730 2 1 150 929 2 72057594037927937 1 945 1 72057594037927937 2133 2 1224979098644774919 0 6 3 1224979098644774920 781 1209 1 3 261 1224979098644774920 144115188075855933 32 2 72057594037927936 0 2105 2 1224979098644774919 1 3 0 2105 2 1224979098644774919 1 2122 3 1224979098644774921 1224979098644774919 27 6 3 1224979098644774920 781 1209 1 3 261 1224979098644774920 144115188075855933 32 2 72057594037927936 0 2322 2 1 1224979098644774920 910 3 72057594037927937 1585267068834415534 0 729 2 1 900 730 2 1 900 925 2 72057594037927937 1 729 2 1 25 730 2 1 1224979098644774921 926 2 72057594037927937 1 2106 2 1224979098644774921 27 3 0 520 3 72057594037927937 144115188075855933 18 910 3 72057594037927937 1585267068834415535 0 729 2 1 900 730 2 1 900 925 2 72057594037927937 1 729 2 1 25 730 2 1 1224979098644774921 926 2 72057594037927937 1 2106 2 1224979098644774921 27 945 1 -1 3 0 3 0 940 2 72057594037927937 1585267068834415536 729 2 1 300 730 2 1 10 926 2 72057594037927937 1 2133 2 144115188075856597 72057594037927937 940 2 72057594037927937 1585267068834415537 729 2 1 700 730 2 1 10 926 2 72057594037927937 1 2133 2 144115188075856613 72057594037927937 910 3 72057594037927937 1585267068834415538 4 729 2 1 25 730 2 1 510 926 2 72057594037927937 1 921 2 72057594037927937 127 729 2 1 900 730 2 1 900 925 2 72057594037927937 1 2319 1 0 910 3 72057594037927937 0 131072 729 2 1 50 730 2 1 50 926 2 72057594037927937 1 729 2 1 450 730 2 1 450 929 2 72057594037927937 1 2123 3 1224979098644774922 1224979098644774913 2 2107 2 1224979098644774922 225 2133 2 1224979098644774923 20 729 2 2 900 730 2 2 900 945 1 72057594037927937 6 3 1224979098644774912 1 30 520 3 1224979098644774924 2087 1224979098644774912 32 2 1224979098644774924 -1 4 0 31 2 1224979098644774924 49 2133 2 1224979098644774925 1007 5 0 31 2 1224979098644774924 50 2133 2 1224979098644774925 982 5 0 31 2 1224979098644774924 51 2133 2 1224979098644774925 1004 5 0 31 2 1224979098644774924 52 2133 2 1224979098644774925 1003 5 0 522 3 1224979098644774925 1224979098644774924 10 3 0 33 3 1224979098644774925 823 1209 2147483679 2 144115188075855933 1224979098644774925 4 0 30 2 1224979098644774923 460 2133 2 1224979098644774923 0 2106 2 1224979098644774922 220 3 0 2133 2 72057594037927936 0 4 0 540 3 2131 72 68 31 2 1224979098644774924 32 2133 2 72057594037927936 1 3 0 31 2 72057594037927936 0 939 4 72057594037927936 -1 20 1224979098644774925 729 2 1 1224979098644774923 730 2 1 1224979098644774922 926 2 72057594037927936 1 729 2 3 500 730 2 3 500 925 2 72057594037927936 3 913 3 72057594037927946 466 466 926 2 72057594037927946 1 729 2 3 1000 730 2 3 2000 925 2 72057594037927946 3 922 2 72057594037927946 0 921 2 72057594037927946 14540253 500 3 2088 1224979098644774912 72057594037927946 2322 2 0 1224979098644774925 910 3 72057594037927937 216172782113783815 4 729 2 1 1224979098644774923 2121 3 1224979098644774926 1224979098644774922 20 730 2 1 1224979098644774926 926 2 72057594037927937 1 925 2 72057594037927937 2 2335 2 21 1224979098644774924 910 3 72057594037927937 1585267068834415362 4 729 2 1 1224979098644774923 2121 3 1224979098644774926 1224979098644774922 40 730 2 1 1224979098644774926 926 2 72057594037927937 1 925 2 72057594037927937 2 2105 2 1224979098644774923 230 3 0 945 1 -1 
-62.000000  71 2071 1 1224979098644774912 2072 1 1224979098644774913 4 0 31 2 1224979098644774912 144115188075856512 2133 2 144115188075856512 1224979098644774913 4 0 31 2 1224979098644774913 0 500 3 2131 72 63 5 0 500 3 2131 72 68 3 0 900 1 95 5 0 31 2 1224979098644774912 144115188075856597 2060 1 0 902 1 0 5 0 2133 2 1224979098644774914 30 6 3 1224979098644774915 1 1224979098644774914 540 3 2088 1224979098644774915 1224979098644774912 520 3 1224979098644774916 2087 1224979098644774915 2133 2 1224979098644774914 -1 3 0 31 2 1224979098644774914 -1 4 0 31 2 1224979098644774916 49 2133 2 144115188075855933 1007 5 0 31 2 1224979098644774916 50 2133 2 144115188075855933 982 5 0 31 2 1224979098644774916 51 2133 2 144115188075855933 1004 5 0 31 2 1224979098644774916 52 2133 2 144115188075855933 1003 5 0 522 3 144115188075855933 1224979098644774916 10 3 0 900 1 95 5 0 31 2 1224979098644774912 144115188075856613 4 0 33 3 144115188075855933 823 1209 4 0 31 2 144115188075855933 1007 2133 2 1224979098644774916 49 5 0 31 2 144115188075855933 982 2133 2 1224979098644774916 50 5 0 31 2 144115188075855933 1004 2133 2 1224979098644774916 51 5 0 31 2 144115188075855933 1003 2133 2 1224979098644774916 52 5 0 2173 2 1224979098644774916 144115188075855933 3 0 4 0 31 2 144115188075856788 0 1 2 810 1224979098644774916 5 0 1 2 807 1224979098644774916 3 0 902 1 0 2060 1 11 5 0 1106 2 1585267068834415539 15785267 3 0 3 0 
-61.000000  8 4 0 71 1 57 2124 1 1000 75 1 31 726 2 72057594037927967 31 727 2 72057594037927968 31 1106 1 1585267068834414774 3 0 


prsnt_mcc_character_creation 0 0 2
-60.000000  340 902 1 999999 2124 1 1000 911 2 72057594037927937 236 729 2 1 0 730 2 1 0 926 2 72057594037927937 1 916 1 144115188075856517 729 2 1 750 730 2 1 710 926 2 144115188075856517 1 931 2 144115188075856517 1585267068834415529 931 2 144115188075856517 1585267068834415530 4 0 540 3 2131 72 63 927 2 144115188075856517 0 5 0 927 2 144115188075856517 1 3 0 940 2 144115188075856512 1585267068834415258 729 2 1 875 730 2 1 35 926 2 144115188075856512 1 940 2 144115188075856513 1585267068834415540 729 2 1 700 730 2 1 35 926 2 144115188075856513 1 940 2 144115188075856514 1585267068834414851 729 2 1 125 730 2 1 35 926 2 144115188075856514 1 910 3 72057594037927937 1585267068834415541 16 729 2 1 1500 730 2 1 1500 925 2 72057594037927937 1 729 2 1 500 730 2 1 690 926 2 72057594037927937 1 2133 2 1224979098644774912 695 910 3 72057594037927937 1585267068834415542 16 729 2 1 1200 730 2 1 1200 925 2 72057594037927937 1 729 2 1 150 730 2 1 1224979098644774912 926 2 72057594037927937 1 2106 2 1224979098644774912 40 910 3 72057594037927937 1585267068834415543 16 729 2 1 1000 730 2 1 1000 925 2 72057594037927937 1 729 2 1 150 730 2 1 1224979098644774912 926 2 72057594037927937 1 2106 2 1224979098644774912 30 916 1 144115188075856826 729 2 1 175 730 2 1 1224979098644774912 926 2 144115188075856826 1 729 2 1 800 730 2 1 800 925 2 144115188075856826 1 6 3 1224979098644774913 6 24 2335 2 1 1224979098644774913 931 2 144115188075856826 1585267068834414691 3 0 2121 3 1224979098644774914 144115188075856180 6 927 2 144115188075856826 1224979098644774914 2106 2 1224979098644774912 40 910 3 72057594037927937 1585267068834415463 16 729 2 1 1000 730 2 1 1000 925 2 72057594037927937 1 729 2 1 150 730 2 1 1224979098644774912 926 2 72057594037927937 1 2106 2 1224979098644774912 30 916 2 144115188075856827 16 729 2 1 175 730 2 1 1224979098644774912 926 2 144115188075856827 1 729 2 1 800 730 2 1 800 925 2 144115188075856827 1 931 2 144115188075856827 1585267068834415544 931 2 144115188075856827 1585267068834415545 927 2 144115188075856827 144115188075856306 2106 2 1224979098644774912 40 910 3 72057594037927937 1585267068834415546 16 729 2 1 1000 730 2 1 1000 925 2 72057594037927937 1 729 2 1 150 730 2 1 1224979098644774912 926 2 72057594037927937 1 2106 2 1224979098644774912 30 916 1 144115188075856828 729 2 1 175 730 2 1 1224979098644774912 926 2 144115188075856828 1 729 2 1 800 730 2 1 800 925 2 144115188075856828 1 931 2 144115188075856828 1585267068834415547 931 2 144115188075856828 1585267068834415548 931 2 144115188075856828 1585267068834415549 927 2 144115188075856828 144115188075856844 2106 2 1224979098644774912 40 910 3 72057594037927937 1585267068834415550 16 729 2 1 1000 730 2 1 1000 925 2 72057594037927937 1 729 2 1 150 730 2 1 1224979098644774912 926 2 72057594037927937 1 2106 2 1224979098644774912 30 916 1 144115188075856829 729 2 1 175 730 2 1 1224979098644774912 926 2 144115188075856829 1 729 2 1 800 730 2 1 800 925 2 144115188075856829 1 931 2 144115188075856829 1585267068834415445 931 2 144115188075856829 1585267068834415551 931 2 144115188075856829 1585267068834415552 927 2 144115188075856829 144115188075856845 2106 2 1224979098644774912 40 910 3 72057594037927937 1585267068834415553 16 729 2 1 1000 730 2 1 1000 925 2 72057594037927937 1 729 2 1 150 730 2 1 1224979098644774912 926 2 72057594037927937 1 2106 2 1224979098644774912 30 916 1 144115188075856830 729 2 1 175 730 2 1 1224979098644774912 926 2 144115188075856830 1 729 2 1 800 730 2 1 800 925 2 144115188075856830 1 931 2 144115188075856830 1585267068834415554 931 2 144115188075856830 1585267068834415555 931 2 144115188075856830 1585267068834415556 931 2 144115188075856830 1585267068834415557 927 2 144115188075856830 144115188075856846 2106 2 1224979098644774912 40 910 3 72057594037927937 1585267068834415558 16 729 2 1 1200 730 2 1 1200 925 2 72057594037927937 1 729 2 1 500 730 2 1 660 926 2 72057594037927937 1 1 1 870 910 3 144115188075856831 1585267068834414691 10240 729 2 1 320 730 2 1 90 926 2 144115188075856831 1 729 2 1 340 730 2 1 520 929 2 144115188075856831 1 910 3 72057594037927937 1585267068834415559 16 729 2 1 1200 730 2 1 1200 925 2 72057594037927937 1 729 2 1 835 730 2 1 660 926 2 72057594037927937 1 2319 1 5 910 3 72057594037927937 1585267068834415560 16 729 2 1 900 730 2 1 900 925 2 72057594037927937 1 729 2 1 760 730 2 1 620 926 2 72057594037927937 1 910 3 144115188075856832 216172782113790230 16 729 2 1 850 730 2 1 850 925 2 144115188075856832 1 729 2 1 760 730 2 1 595 926 2 144115188075856832 1 910 3 72057594037927937 1585267068834415561 16 729 2 1 900 730 2 1 900 925 2 72057594037927937 1 729 2 1 805 730 2 1 620 926 2 72057594037927937 1 910 3 144115188075856833 216172782113790230 16 729 2 1 850 730 2 1 850 925 2 144115188075856833 1 729 2 1 805 730 2 1 595 926 2 144115188075856833 1 910 3 72057594037927937 1585267068834415562 16 729 2 1 900 730 2 1 900 925 2 72057594037927937 1 729 2 1 850 730 2 1 620 926 2 72057594037927937 1 910 3 144115188075856834 216172782113790230 16 729 2 1 850 730 2 1 850 925 2 144115188075856834 1 729 2 1 850 730 2 1 595 926 2 144115188075856834 1 910 3 72057594037927937 1585267068834415563 16 729 2 1 900 730 2 1 900 925 2 72057594037927937 1 729 2 1 895 730 2 1 620 926 2 72057594037927937 1 910 3 144115188075856835 216172782113790230 16 729 2 1 850 730 2 1 850 925 2 144115188075856835 1 729 2 1 895 730 2 1 595 926 2 144115188075856835 1 910 2 72057594037927937 1585267068834415564 729 2 1 900 730 2 1 900 925 2 72057594037927937 1 729 2 1 695 730 2 1 520 926 2 72057594037927937 1 910 3 144115188075856836 216172782113790230 16 729 2 1 850 730 2 1 850 925 2 144115188075856836 1 729 2 1 805 730 2 1 520 926 2 144115188075856836 1 910 2 72057594037927937 1585267068834415565 729 2 1 900 730 2 1 900 925 2 72057594037927937 1 729 2 1 695 730 2 1 500 926 2 72057594037927937 1 910 3 144115188075856837 216172782113790230 16 729 2 1 850 730 2 1 850 925 2 144115188075856837 1 729 2 1 805 730 2 1 500 926 2 144115188075856837 1 910 2 72057594037927937 1585267068834415566 729 2 1 900 730 2 1 900 925 2 72057594037927937 1 729 2 1 695 730 2 1 480 926 2 72057594037927937 1 910 3 144115188075856838 216172782113790230 16 729 2 1 850 730 2 1 850 925 2 144115188075856838 1 729 2 1 805 730 2 1 480 926 2 144115188075856838 1 910 2 72057594037927937 1585267068834415567 729 2 1 900 730 2 1 900 925 2 72057594037927937 1 729 2 1 695 730 2 1 460 926 2 72057594037927937 1 910 3 144115188075856839 216172782113790230 16 729 2 1 850 730 2 1 850 925 2 144115188075856839 1 729 2 1 805 730 2 1 460 926 2 144115188075856839 1 910 2 72057594037927937 1585267068834415418 729 2 1 900 730 2 1 900 925 2 72057594037927937 1 729 2 1 695 730 2 1 440 926 2 72057594037927937 1 910 3 144115188075856840 216172782113790230 16 729 2 1 850 730 2 1 850 925 2 144115188075856840 1 729 2 1 805 730 2 1 440 926 2 144115188075856840 1 910 2 72057594037927937 1585267068834415568 729 2 1 900 730 2 1 900 925 2 72057594037927937 1 729 2 1 695 730 2 1 420 926 2 72057594037927937 1 910 3 144115188075856841 216172782113790230 16 729 2 1 850 730 2 1 850 925 2 144115188075856841 1 729 2 1 805 730 2 1 420 926 2 144115188075856841 1 910 2 72057594037927937 1585267068834415569 729 2 1 900 730 2 1 900 925 2 72057594037927937 1 729 2 1 695 730 2 1 400 926 2 72057594037927937 1 910 3 144115188075856842 216172782113790230 16 729 2 1 850 730 2 1 850 925 2 144115188075856842 1 729 2 1 805 730 2 1 400 926 2 144115188075856842 1 910 2 72057594037927937 1585267068834415570 729 2 1 900 730 2 1 900 925 2 72057594037927937 1 729 2 1 695 730 2 1 380 926 2 72057594037927937 1 910 3 144115188075856843 216172782113790230 16 729 2 1 850 730 2 1 850 925 2 144115188075856843 1 729 2 1 805 730 2 1 380 926 2 144115188075856843 1 1 2 871 0 
-62.000000  53 2071 1 1224979098644774912 2072 1 1224979098644774913 4 0 31 2 1224979098644774912 144115188075856517 2133 2 144115188075856517 1224979098644774913 4 0 31 2 1224979098644774913 0 500 3 2131 72 63 5 0 500 3 2131 72 68 3 0 900 1 96 5 0 31 2 1224979098644774912 144115188075856512 1 1 868 4 0 902 1 0 2060 1 11 3 0 5 0 31 2 1224979098644774912 144115188075856513 2060 1 0 902 1 0 5 0 31 2 1224979098644774912 144115188075856514 1 1 867 900 1 96 5 0 31 2 1224979098644774912 144115188075856827 2133 2 144115188075856306 1224979098644774913 900 1 96 2133 2 144115188075856827 1224979098644774913 5 0 31 2 1224979098644774912 144115188075856828 2133 2 144115188075856844 1224979098644774913 900 1 96 2133 2 144115188075856828 1224979098644774913 5 0 31 2 1224979098644774912 144115188075856829 2133 2 144115188075856845 1224979098644774913 900 1 96 2133 2 144115188075856829 1224979098644774913 5 0 31 2 1224979098644774912 144115188075856830 2133 2 144115188075856846 1224979098644774913 900 1 96 2133 2 144115188075856830 1224979098644774913 5 0 31 2 1224979098644774912 144115188075856826 2133 2 144115188075856826 1224979098644774913 2120 3 144115188075856180 1224979098644774913 6 900 1 96 3 0 


prsnt_simple_encounter 0 0 3
-60.000000  327 902 1 999999 2124 1 1000 911 2 72057594037927937 236 729 2 1 0 730 2 1 0 926 2 72057594037927937 1 1 3 906 144115188075856252 144115188075856150 911 2 72057594037927937 72057594037927936 729 2 1 -350 730 2 1 0 926 2 72057594037927937 1 910 3 72057594037927936 1585267068834415571 98320 921 2 72057594037927936 3497531 729 2 1 1500 730 2 1 1500 925 2 72057594037927936 1 729 2 1 175 730 2 1 700 926 2 72057594037927936 1 729 2 2 900 730 2 2 900 2319 1 0 910 3 72057594037927937 0 8192 729 2 1 15 730 2 1 365 926 2 72057594037927937 1 729 2 1 250 730 2 1 315 929 2 72057594037927937 1 945 1 72057594037927937 729 2 1 125 730 2 1 0 1695 2 1224979098644774912 0 6 3 1224979098644774913 0 1224979098644774912 1696 3 1224979098644774914 0 1224979098644774913 1 2 907 1224979098644774914 3 0 4 0 132 1 144115188075856199 1695 2 1224979098644774912 144115188075856199 6 3 1224979098644774913 0 1224979098644774912 1696 3 1224979098644774914 144115188075856199 1224979098644774913 1 2 907 1224979098644774914 3 0 1 2 907 144115188075856199 3 0 1 2 907 0 945 1 -1 2319 1 0 910 3 72057594037927937 0 8192 729 2 1 15 730 2 1 130 926 2 72057594037927937 1 729 2 1 250 730 2 1 200 929 2 72057594037927937 1 945 1 72057594037927937 1617 1 1 1662 2 0 1 4 0 32 2 144115188075856199 0 1662 2 144115188075856199 3 2133 2 144115188075855970 1 1 3 100 1 3 3 0 2157 2 72057594037927958 1 1 4 908 1 0 250 945 1 -1 910 3 72057594037927936 1585267068834415572 98320 921 2 72057594037927936 8388640 729 2 1 1500 730 2 1 1500 925 2 72057594037927936 1 729 2 1 820 730 2 1 700 926 2 72057594037927936 1 2319 1 0 910 3 72057594037927937 0 8192 729 2 1 715 730 2 1 365 926 2 72057594037927937 1 729 2 1 250 730 2 1 315 929 2 72057594037927937 1 945 1 72057594037927937 729 2 1 125 730 2 1 0 4 0 132 1 144115188075856198 1695 2 1224979098644774912 144115188075856198 6 3 1224979098644774913 0 1224979098644774912 1696 3 1224979098644774914 144115188075856198 1224979098644774913 1 2 907 1224979098644774914 3 0 1 2 907 144115188075856198 3 0 945 1 -1 4 0 132 1 144115188075856198 2319 1 0 910 3 72057594037927937 0 8192 729 2 1 715 730 2 1 130 926 2 72057594037927937 1 729 2 1 250 730 2 1 200 929 2 72057594037927937 1 945 1 72057594037927937 1617 1 1 1662 2 144115188075856198 1 2157 2 72057594037927958 1 1 4 908 1 0 250 945 1 -1 3 0 910 3 72057594037927936 3 8208 729 2 1 1000 730 2 1 1000 925 2 72057594037927936 1 729 2 1 320 730 2 1 560 926 2 72057594037927936 1 729 2 1 360 730 2 1 130 929 2 72057594037927936 1 6 3 1224979098644774915 0 20 500 2 2089 -1 3 0 2133 2 1224979098644774916 0 2319 1 0 4 0 2147483679 2 144115188075856202 1 31 2 144115188075856012 0 32 2 144115188075856848 -1 1 2 121 144115188075856198 2147483680 2 72057594037927936 0 2320 2 0 1585267068834415573 5 0 2147483679 2 144115188075856202 1 31 2 144115188075856012 0 31 2 144115188075856848 -1 2320 2 0 1585267068834415573 5 0 31 2 144115188075856012 1 2320 2 0 1585267068834415574 3 0 2133 2 144115188075856512 -1 4 0 2147485966 1 0 940 2 144115188075856512 0 729 2 1 500 730 2 1 50 926 2 144115188075856512 1 500 3 2089 1224979098644774916 144115188075856512 2105 2 1224979098644774916 1 3 0 2319 1 0 4 0 31 2 144115188075856848 -1 2147483679 2 144115188075856202 1 31 2 144115188075856012 1 1 2 351 15 2133 2 1224979098644774917 72057594037927936 2105 2 1224979098644774917 4 1 3 122 15 0 2133 2 1224979098644774918 72057594037927936 2108 2 1224979098644774918 2 2108 2 1224979098644774918 1224979098644774917 2111 2 1224979098644774918 1 1 2 120 0 2133 2 1224979098644774919 72057594037927936 30 2 1224979098644774919 1224979098644774918 2133 2 1224979098644774920 0 4 0 200 1 142 546 3 142 11 11 546 3 142 2 982 2133 2 1224979098644774920 1 5 0 200 1 142 546 3 142 11 15 1073742370 3 142 2 1004 546 3 142 2 996 2133 2 1224979098644774920 1 3 0 31 2 1224979098644774920 0 2320 2 0 1585267068834415575 5 0 32 2 144115188075856848 -1 2320 2 0 1585267068834415576 3 0 2133 2 144115188075856513 -1 4 0 2147485966 1 0 940 2 144115188075856513 0 729 2 1 500 730 2 1 50 926 2 144115188075856513 1 500 3 2089 1224979098644774916 144115188075856513 2105 2 1224979098644774916 1 3 0 2133 2 144115188075856514 -1 4 0 2147483679 2 144115188075856202 1 1 2 122 0 30 2 72057594037927936 4 31 2 144115188075855924 0 940 2 144115188075856514 1585267068834415577 730 2 1 50 926 2 144115188075856514 1 500 3 2089 1224979098644774916 144115188075856514 2105 2 1224979098644774916 1 3 0 2133 2 144115188075855928 -1 2319 1 0 4 0 31 2 144115188075855924 0 2147485156 1 0 541 3 0 39 1 1608 2 1224979098644774921 0 1073741855 2 1224979098644774921 0 1073741855 2 1224979098644774921 7 1073741855 2 1224979098644774921 8 31 2 1224979098644774921 6 2320 2 0 1585267068834415578 2133 2 144115188075855928 1 5 0 2147483679 2 144115188075856202 1 1608 2 1224979098644774921 0 2147483679 2 1224979098644774921 0 2147483679 2 1224979098644774921 7 2147483679 2 1224979098644774921 8 2147483679 2 1224979098644774921 6 31 2 144115188075855924 0 2147485156 1 0 2320 2 0 1585267068834415579 2133 2 144115188075855928 2 5 0 31 2 144115188075856202 1 31 2 144115188075855924 0 2320 2 0 1585267068834415580 2133 2 144115188075855928 3 5 0 31 2 144115188075856202 5 31 2 144115188075855924 0 2147485156 1 0 2147483679 2 144115188075856201 1 1608 2 1224979098644774921 0 2147483679 2 1224979098644774921 0 2147483679 2 1224979098644774921 7 2147483679 2 1224979098644774921 8 2147483681 3 144115188075855925 65 110 2147483681 3 144115188075855925 202 220 540 3 2131 27 0 2320 2 0 1585267068834415581 2133 2 144115188075855928 4 3 0 2133 2 144115188075856515 -1 4 0 2147485966 1 0 940 2 144115188075856515 0 729 2 1 500 730 2 1 50 926 2 144115188075856515 1 500 3 2089 1224979098644774916 144115188075856515 2105 2 1224979098644774916 1 3 0 2133 2 144115188075856517 -1 4 0 2147483679 2 144115188075856202 1 2147483679 2 144115188075855997 1 31 2 144115188075855924 0 2147485156 1 0 1685 3 1224979098644774922 0 15 30 2 1224979098644774922 4 1608 2 1224979098644774923 0 2147483679 2 1224979098644774923 0 2147483679 2 1224979098644774923 7 2147483679 2 1224979098644774923 8 2147483679 2 1224979098644774923 6 540 3 2131 27 0 940 2 144115188075856517 1585267068834415582 729 2 1 500 730 2 1 50 926 2 144115188075856517 1 500 3 2089 1224979098644774916 144115188075856517 2105 2 1224979098644774916 1 3 0 940 2 144115188075856516 1585267068834415583 729 2 1 500 730 2 1 50 926 2 144115188075856516 1 500 3 2089 1224979098644774916 144115188075856516 2105 2 1224979098644774916 1 4 0 30 2 1224979098644774916 2 2133 2 1224979098644774924 50 4 0 30 2 1224979098644774916 8 2133 2 1224979098644774925 3 5 0 30 2 1224979098644774916 4 2133 2 1224979098644774925 2 5 0 2133 2 1224979098644774925 1 3 0 2133 2 1224979098644774926 0 2133 2 1224979098644774927 1224979098644774916 2110 2 1224979098644774927 4 6 3 1224979098644774928 0 1224979098644774925 32 2 1224979098644774927 0 2121 3 1224979098644774929 1224979098644774927 1224979098644774926 2107 2 1224979098644774929 80 2121 3 1224979098644774929 580 1224979098644774929 6 3 1224979098644774915 1224979098644774926 1224979098644774927 520 3 1224979098644774930 2089 1224979098644774915 32 2 1224979098644774930 -1 729 2 1 1224979098644774929 730 2 1 1224979098644774924 926 2 1224979098644774930 1 2105 2 1224979098644774929 160 3 0 2133 2 1224979098644774926 1224979098644774927 2105 2 1224979098644774927 4 2110 2 1224979098644774927 1224979098644774916 2105 2 1224979098644774924 50 3 0 3 0 
-62.000000  225 2071 1 1224979098644774912 4 0 31 2 1224979098644774912 144115188075856512 4 0 31 2 144115188075856012 1 2133 2 144115188075855999 1 2060 1 48 5 0 4 0 31 2 144115188075855924 0 39 0 1 3 367 1 216172782113784256 3 0 4 0 31 2 144115188075855924 0 1650 2 1224979098644774913 10 6 3 1224979098644774914 0 1224979098644774913 1652 3 1224979098644774915 10 1224979098644774914 33 3 1224979098644774915 781 1051 540 3 1224979098644774915 2 2 2173 2 1224979098644774916 1224979098644774915 1 6 406 15 0 -1 1224979098644774915 1224979098644774916 3 0 3 0 1301 0 2060 1 14 3 0 5 0 31 2 1224979098644774912 144115188075856513 4 0 32 2 144115188075856848 -1 1301 0 2060 1 14 1666 1 144115188075856848 1623 3 144115188075856848 144115188075855925 3 5 0 2060 1 49 3 0 5 0 31 2 1224979098644774912 144115188075856514 2060 1 51 5 0 31 2 1224979098644774912 144115188075856515 4 0 31 2 144115188075855928 1 2133 2 144115188075855919 0 2133 2 144115188075856205 1 1 1 265 1 1 160 1691 1 72057594037927936 1020 0 4 0 31 2 144115188075856201 1 1911 1 17 521 3 1224979098644774917 144115188075856200 10 1910 1 1224979098644774917 5 0 31 2 144115188075856201 2 1911 1 17 521 3 1224979098644774917 144115188075856200 10 1910 1 1224979098644774917 5 0 1911 1 67 1910 1 757 3 0 2133 2 144115188075855934 48 2060 1 53 2048 0 5 0 31 2 144115188075855928 2 2133 2 144115188075855919 0 2133 2 144115188075856205 1 2133 2 144115188075856224 1 1 1 265 4 0 31 2 144115188075856756 0 2133 2 1224979098644774918 -1 4 0 1073741855 2 144115188075856201 1 31 2 144115188075856201 2 2133 2 1224979098644774918 -3 5 0 39 0 1 3 1035 144115188075855925 0 2133 2 1224979098644774918 72057594037927936 5 0 1 3 1035 0 144115188075855925 2133 2 1224979098644774918 72057594037927936 3 0 2147483679 2 1224979098644774918 -1 1 5 1036 0 1224979098644774918 0 1 1 5 1036 144115188075855925 1224979098644774918 0 1 3 0 1 1 160 1691 1 72057594037927936 1020 0 4 0 540 3 2131 27 1 1911 1 11 1 1 543 1910 1 72057594037927936 5 0 31 2 144115188075856201 1 1911 1 17 521 3 1224979098644774917 144115188075856200 10 1910 1 1224979098644774917 5 0 31 2 144115188075856201 2 1911 1 17 521 3 1224979098644774917 144115188075856200 10 1910 1 1224979098644774917 5 0 200 1 142 546 3 142 11 11 546 3 142 2 982 1911 1 12 1910 1 878 5 0 200 1 142 1073742370 3 142 2 1004 546 3 142 2 996 546 3 142 11 15 1911 1 12 1910 1 878 5 0 1911 1 12 1 1 232 3 0 2133 2 144115188075855934 48 2060 1 53 2048 0 5 0 31 2 144115188075855928 3 2133 2 144115188075856202 3 2133 2 144115188075855919 0 2133 2 144115188075856205 1 1 1 265 4 0 31 2 144115188075856756 0 2133 2 1224979098644774918 -1 4 0 1073741855 2 144115188075856201 1 31 2 144115188075856201 2 2133 2 1224979098644774918 -3 5 0 39 0 1 3 1035 144115188075855925 0 2133 2 1224979098644774918 72057594037927936 5 0 1 3 1035 0 144115188075855925 2133 2 1224979098644774918 72057594037927936 3 0 2147483679 2 1224979098644774918 -1 1 5 1036 0 1224979098644774918 0 1 1 5 1036 144115188075855925 1224979098644774918 0 1 3 0 1 1 160 1691 1 72057594037927936 1020 0 1106 2 1585267068834415584 16724787 1911 1 14 1608 2 1224979098644774919 0 1 2 231 1224979098644774919 1910 1 72057594037927936 2133 2 144115188075855934 48 2060 1 53 2048 0 5 0 31 2 144115188075855928 4 2133 2 144115188075856202 4 2133 2 144115188075855919 0 2133 2 144115188075856205 1 1 1 265 4 0 31 2 144115188075856756 0 2133 2 1224979098644774918 -1 4 0 1073741855 2 144115188075856201 1 31 2 144115188075856201 2 2133 2 1224979098644774918 -3 5 0 39 0 1 3 1035 144115188075855925 0 2133 2 1224979098644774918 72057594037927936 5 0 1 3 1035 0 144115188075855925 2133 2 1224979098644774918 72057594037927936 3 0 2147483679 2 1224979098644774918 -1 1 5 1036 0 1224979098644774918 0 1 1 5 1036 144115188075855925 1224979098644774918 0 1 3 0 1 1 160 1691 1 72057594037927936 1020 0 1106 2 1585267068834415585 3407667 1911 1 15 1608 2 1224979098644774919 0 1 2 231 1224979098644774919 1910 1 72057594037927936 2133 2 144115188075855934 48 2060 1 53 2048 0 5 0 1106 2 1585267068834415586 16724787 3 0 5 0 31 2 1224979098644774912 144115188075856516 2133 2 144115188075855914 1 2060 1 17 5 0 31 2 1224979098644774912 144115188075856517 1650 2 1224979098644774913 0 2133 2 1224979098644774920 0 6 3 1224979098644774921 0 1224979098644774913 1653 3 1224979098644774922 0 1224979098644774921 2105 2 1224979098644774920 1224979098644774922 3 0 4 0 30 2 1224979098644774920 50 2060 1 407 5 0 1106 2 1585267068834415587 15785267 3 0 3 0 
-61.000000  12 4 0 73 1 44 1532 1 2111 2042 1 2111 5 0 73 1 43 2046 1 0 5 0 73 1 45 2133 2 144115188075855914 1 2060 1 16 3 0 


prsnt_select_household_slave 2 0 3
-60.000000  158 902 1 999999 2124 1 1000 911 2 72057594037927936 495 729 2 1 250 730 2 1 100 926 2 72057594037927936 1 729 2 1 1000 730 2 1 1000 925 2 72057594037927936 1 2319 1 0 4 0 31 2 144115188075855914 1 2320 2 0 1585267068834419797 5 0 31 2 144115188075855914 2 2320 2 0 1585267068834419798 3 0 910 3 72057594037927937 216172782113783815 16 729 2 1 500 730 2 1 710 926 2 72057594037927937 1 729 2 1 1200 730 2 1 1200 925 2 72057594037927937 1 2319 1 0 910 3 72057594037927937 0 131072 729 2 1 275 730 2 1 160 926 2 72057594037927937 1 729 2 1 375 730 2 1 525 929 2 72057594037927937 1 945 1 72057594037927937 729 2 1 25 729 2 2 950 730 2 2 950 2133 2 1224979098644774912 10 1651 2 1224979098644774913 0 2133 2 1224979098644774914 0 7 3 1224979098644774915 0 1224979098644774913 1656 3 1224979098644774916 0 1224979098644774915 2133 2 1224979098644774917 0 4 0 31 2 144115188075855914 1 33 3 1224979098644774916 2172 2197 2133 2 1224979098644774917 1 5 0 31 2 144115188075855914 2 33 3 1224979098644774916 2146 2172 2133 2 1224979098644774917 1 3 0 31 2 1224979098644774917 1 1657 3 1224979098644774918 0 1224979098644774915 4 0 31 2 1224979098644774918 1 2322 2 20 1224979098644774916 5 0 2323 2 20 1224979098644774916 3 0 2330 2 1 0 2133 2 72057594037927936 1224979098644774918 912 3 72057594037927937 1585267068834419800 65536 730 2 1 1224979098644774912 926 2 72057594037927937 1 921 2 72057594037927937 8398162 925 2 72057594037927937 2 500 3 2087 1224979098644774914 72057594037927937 500 3 2088 1224979098644774914 1224979098644774916 500 3 2089 1224979098644774914 0 2105 2 1224979098644774914 1 2105 2 1224979098644774912 30 3 0 6 3 1224979098644774919 21 408 541 3 1224979098644774919 7 0 1651 2 1224979098644774913 1224979098644774919 32 2 1224979098644774913 0 7 3 1224979098644774915 0 1224979098644774913 1656 3 1224979098644774916 1224979098644774919 1224979098644774915 2133 2 1224979098644774917 0 4 0 31 2 144115188075855914 1 33 3 1224979098644774916 2172 2197 2133 2 1224979098644774917 1 5 0 31 2 144115188075855914 2 33 3 1224979098644774916 2146 2172 2133 2 1224979098644774917 1 3 0 31 2 1224979098644774917 1 1657 3 1224979098644774918 1224979098644774919 1224979098644774915 4 0 31 2 1224979098644774918 1 2322 2 20 1224979098644774916 5 0 2323 2 20 1224979098644774916 3 0 2330 2 1 1224979098644774919 2133 2 72057594037927936 1224979098644774918 912 3 72057594037927937 1585267068834419800 65536 730 2 1 1224979098644774912 926 2 72057594037927937 1 921 2 72057594037927937 8398162 925 2 72057594037927937 2 500 3 2087 1224979098644774914 72057594037927937 500 3 2088 1224979098644774914 1224979098644774916 500 3 2089 1224979098644774914 1224979098644774919 2105 2 1224979098644774914 1 2105 2 1224979098644774912 30 3 0 3 0 4 0 520 3 1224979098644774920 2131 81 30 2 1224979098644774920 1 1 2 962 1224979098644774920 1651 2 1224979098644774913 3 7 3 1224979098644774915 0 1224979098644774913 1656 3 1224979098644774916 3 1224979098644774915 2133 2 1224979098644774917 0 4 0 31 2 144115188075855914 1 33 3 1224979098644774916 2172 2197 2133 2 1224979098644774917 1 5 0 31 2 144115188075855914 2 33 3 1224979098644774916 2146 2172 2133 2 1224979098644774917 1 3 0 31 2 1224979098644774917 1 1657 3 1224979098644774918 3 1224979098644774915 4 0 31 2 1224979098644774918 1 2322 2 20 1224979098644774916 5 0 2323 2 20 1224979098644774916 3 0 2322 2 1 1224979098644774920 1 2 24 1224979098644774916 2133 2 72057594037927939 72057594037927936 2133 2 72057594037927938 1224979098644774918 912 3 72057594037927937 1585267068834419943 65536 730 2 1 1224979098644774912 926 2 72057594037927937 1 921 2 72057594037927937 8398162 925 2 72057594037927937 2 500 3 2087 1224979098644774914 72057594037927937 500 3 2088 1224979098644774914 1224979098644774916 500 3 2089 1224979098644774914 3 2105 2 1224979098644774914 1 2105 2 1224979098644774912 30 3 0 3 0 2133 2 144115188075855920 1224979098644774914 945 1 -1 940 2 72057594037927937 216172782113789079 729 2 1 500 730 2 1 110 926 2 72057594037927937 1 2133 2 144115188075856597 72057594037927937 
-62.000000  40 2071 1 1224979098644774912 4 0 31 2 1224979098644774912 144115188075856597 900 1 69 5 0 6 3 1224979098644774913 0 144115188075855920 540 3 2087 1224979098644774913 1224979098644774912 520 3 1224979098644774914 2088 1224979098644774913 520 3 1224979098644774915 2089 1224979098644774913 2133 2 144115188075855920 -1 4 0 31 2 144115188075855914 1 1 3 949 1224979098644774914 0 5 0 31 2 144115188075855914 2 1 3 948 1224979098644774914 0 3 0 1616 3 1224979098644774915 1224979098644774914 1 4 0 31 2 1224979098644774915 3 520 3 1224979098644774916 2131 81 1 2 963 1224979098644774916 1 2 24 1224979098644774914 2133 2 1224979098644774917 72057594037927936 4 0 2149 2 1224979098644774918 0 2149 2 1224979098644774919 2086 2105 2 1224979098644774918 1224979098644774919 30 2 1224979098644774918 1224979098644774917 1 3 1039 1224979098644774917 0 5 0 1106 1 216172782113788901 2133 2 72057594037927936 1224979098644774917 1106 1 1585267068834420213 2105 2 144115188075855949 1224979098644774917 3 0 3 0 3 0 900 1 69 3 0 
-61.000000  11 4 0 71 1 1 902 1 0 5 0 71 1 57 2124 1 1000 75 1 31 726 2 72057594037927967 31 727 2 72057594037927968 31 1106 1 1585267068834414774 3 0 


prsnt_trade_slaves 2 0 3
-60.000000  207 902 1 999999 2124 1 1000 911 2 72057594037927936 236 729 2 1 -1 730 2 1 -1 926 2 72057594037927936 1 729 2 1 1002 730 2 1 1002 925 2 72057594037927936 1 2320 2 0 1585267068834419947 910 3 72057594037927937 216172782113783815 65552 729 2 1 500 730 2 1 710 926 2 72057594037927937 1 729 2 1 1200 730 2 1 1200 925 2 72057594037927937 1 921 2 72057594037927937 127 4 0 33 3 144115188075855913 2146 2197 939 4 72057594037927936 -1 19 144115188075855913 729 2 1 475 730 2 1 450 926 2 72057594037927936 1 729 2 1 500 730 2 1 500 925 2 72057594037927936 1 2323 2 0 144115188075855913 910 3 72057594037927937 216172782113783815 16 729 2 1 550 730 2 1 420 926 2 72057594037927937 1 729 2 1 900 730 2 1 900 925 2 72057594037927937 1 2112 3 144115188075855928 0 144115188075856800 4 0 31 2 144115188075855920 3 1 2 24 144115188075855913 2133 2 1224979098644774912 72057594037927936 2320 2 2 1585267068834419949 5 0 1 2 23 144115188075855913 2133 2 1224979098644774912 72057594037927936 2320 2 2 1585267068834419950 3 0 4 0 31 2 144115188075855928 1 2322 2 1 144115188075855913 5 0 2323 2 1 144115188075855913 3 0 2122 3 72057594037927980 144115188075855928 1224979098644774912 2133 2 72057594037927979 144115188075855928 2320 2 0 1585267068834420214 910 3 144115188075856766 0 16 729 2 1 550 730 2 1 390 926 2 144115188075856766 1 729 2 1 900 730 2 1 900 925 2 144115188075856766 1 914 3 144115188075856777 0 144115188075856800 729 2 2 550 730 2 2 355 926 2 144115188075856777 2 729 2 2 700 730 2 2 700 925 2 144115188075856777 2 927 2 144115188075856777 144115188075855928 940 2 72057594037927937 1585267068834419952 729 2 1 550 730 2 1 300 926 2 72057594037927937 1 2133 2 144115188075856767 72057594037927937 3 0 911 2 72057594037927937 430 4 0 2147483681 3 144115188075855913 2146 2197 950 2 72057594037927937 1585267068834419948 3 0 729 2 1 475 730 2 1 445 926 2 72057594037927937 1 729 2 1 1750 730 2 1 1850 925 2 72057594037927937 1 2330 2 0 144115188075855917 910 3 72057594037927937 216172782113783815 65552 729 2 1 850 730 2 1 700 926 2 72057594037927937 1 729 2 1 1100 730 2 1 1100 925 2 72057594037927937 1 921 2 72057594037927937 15785267 2149 2 72057594037927938 0 910 3 72057594037927937 1585267068834420215 16 729 2 1 850 730 2 1 675 926 2 72057594037927937 1 729 2 1 900 730 2 1 900 925 2 72057594037927937 1 1602 2 72057594037927939 144115188075855917 1 2 49 144115188075855917 2133 2 72057594037927940 72057594037927936 910 3 72057594037927937 1585267068834419954 16 729 2 1 850 730 2 1 660 926 2 72057594037927937 1 729 2 1 900 730 2 1 900 925 2 72057594037927937 1 2319 1 0 910 3 72057594037927937 0 131072 729 2 1 730 730 2 1 50 926 2 72057594037927937 1 729 2 1 250 730 2 1 600 929 2 72057594037927937 1 945 1 72057594037927937 729 2 1 25 729 2 2 950 730 2 2 950 2133 2 1224979098644774913 10 1651 2 1224979098644774914 144115188075855917 2133 2 1224979098644774915 0 7 3 1224979098644774916 0 1224979098644774914 1656 3 1224979098644774917 144115188075855917 1224979098644774916 33 3 1224979098644774917 2146 2197 1657 3 1224979098644774918 144115188075855917 1224979098644774916 4 0 31 2 1224979098644774918 1 2322 2 20 1224979098644774917 5 0 2323 2 20 1224979098644774917 3 0 1 2 23 1224979098644774917 2133 2 72057594037927939 72057594037927936 2133 2 72057594037927938 1224979098644774918 912 3 72057594037927937 1585267068834419945 65536 730 2 1 1224979098644774913 926 2 72057594037927937 1 921 2 72057594037927937 8398162 925 2 72057594037927937 2 500 3 2087 1224979098644774915 72057594037927937 500 3 2088 1224979098644774915 1224979098644774917 500 3 2089 1224979098644774915 144115188075855917 2105 2 1224979098644774915 1 2105 2 1224979098644774913 20 3 0 945 1 -1 2322 2 0 144115188075855933 910 3 72057594037927937 216172782113783815 65552 729 2 1 150 730 2 1 700 926 2 72057594037927937 1 729 2 1 1100 730 2 1 1100 925 2 72057594037927937 1 921 2 72057594037927937 15785267 2319 1 0 910 3 72057594037927937 0 131072 729 2 1 5 730 2 1 50 926 2 72057594037927937 1 729 2 1 250 730 2 1 600 929 2 72057594037927937 1 945 1 72057594037927937 729 2 1 25 1 2 962 144115188075855933 1651 2 1224979098644774914 3 2133 2 1224979098644774913 10 7 3 1224979098644774916 0 1224979098644774914 1656 3 1224979098644774917 3 1224979098644774916 33 3 1224979098644774917 2146 2197 1657 3 1224979098644774918 3 1224979098644774916 4 0 31 2 1224979098644774918 1 2322 2 20 1224979098644774917 5 0 2323 2 20 1224979098644774917 3 0 1 2 24 1224979098644774917 2133 2 72057594037927939 72057594037927936 2133 2 72057594037927938 1224979098644774918 912 3 72057594037927937 1585267068834419946 65536 730 2 1 1224979098644774913 926 2 72057594037927937 1 921 2 72057594037927937 8398162 925 2 72057594037927937 2 500 3 2087 1224979098644774915 72057594037927937 500 3 2088 1224979098644774915 1224979098644774917 500 3 2089 1224979098644774915 3 2105 2 1224979098644774915 1 2105 2 1224979098644774913 20 3 0 2133 2 144115188075855921 1224979098644774915 945 1 -1 940 2 72057594037927937 216172782113789079 729 2 1 500 730 2 1 50 926 2 72057594037927937 1 2133 2 144115188075856597 72057594037927937 
-62.000000  77 2071 1 1224979098644774912 2072 1 1224979098644774913 4 0 31 2 1224979098644774912 144115188075856597 902 1 0 960 1 1 5 0 31 2 1224979098644774912 144115188075856767 33 3 144115188075855913 2146 2197 4 0 31 2 144115188075855920 3 1 2 24 144115188075855913 2133 2 1224979098644774914 72057594037927936 2122 3 72057594037927980 144115188075855928 1224979098644774914 2149 2 1224979098644774915 0 4 0 31 2 144115188075855917 0 1634 2 1224979098644774916 0 32 2 144115188075855928 1224979098644774916 1106 1 216172782113788900 5 0 2147483678 2 1224979098644774915 72057594037927980 1106 1 216172782113788901 5 0 1529 2 0 72057594037927980 1616 3 144115188075855920 144115188075855913 144115188075855928 1611 3 144115188075855917 144115188075855913 144115188075855928 3 0 5 0 1 2 23 144115188075855913 2133 2 1224979098644774914 72057594037927936 2122 3 72057594037927980 144115188075855928 1224979098644774914 1528 2 0 72057594037927980 1616 3 144115188075855917 144115188075855913 144115188075855928 1611 3 3 144115188075855913 144115188075855928 3 0 2133 2 144115188075855913 -1 2133 2 144115188075855920 -1 2133 2 144115188075855928 0 1 2 963 144115188075855933 900 1 99 1 3 367 3 216172782113784249 5 0 31 2 1224979098644774912 144115188075856777 33 3 144115188075855913 2146 2197 2133 2 144115188075855928 1224979098644774913 2112 3 144115188075855928 0 1000 4 0 31 2 144115188075855920 3 1 2 24 144115188075855913 2133 2 1224979098644774914 72057594037927936 2320 2 2 1585267068834419949 5 0 1 2 23 144115188075855913 2133 2 1224979098644774914 72057594037927936 2320 2 2 1585267068834419950 3 0 4 0 31 2 144115188075855928 1 2322 2 1 144115188075855913 5 0 2323 2 1 144115188075855913 3 0 2122 3 72057594037927980 144115188075855928 1224979098644774914 2133 2 72057594037927979 144115188075855928 920 2 144115188075856766 1585267068834420214 5 0 6 3 1224979098644774917 0 144115188075855921 540 3 2087 1224979098644774917 1224979098644774912 520 3 1224979098644774918 2088 1224979098644774917 520 3 1224979098644774919 2089 1224979098644774917 2133 2 144115188075855913 1224979098644774918 2133 2 144115188075855920 1224979098644774919 1632 3 144115188075856800 1224979098644774919 1224979098644774918 3 0 900 1 99 3 0 
-61.000000  5 4 0 71 1 1 902 1 0 960 1 1 3 0 


prsnt_select_minister 2 0 3
-60.000000  86 902 1 999999 2124 1 1000 6 3 1224979098644774912 781 1209 500 3 2087 1224979098644774912 -1 3 0 911 2 72057594037927936 495 729 2 1 250 730 2 1 100 926 2 72057594037927936 1 729 2 1 1000 730 2 1 1000 925 2 72057594037927936 1 910 3 72057594037927937 1585267068834419721 16 729 2 1 500 730 2 1 710 926 2 72057594037927937 1 729 2 1 1200 730 2 1 1200 925 2 72057594037927937 1 2319 1 0 910 3 72057594037927937 0 131072 729 2 1 275 730 2 1 160 926 2 72057594037927937 1 729 2 1 375 730 2 1 525 929 2 72057594037927937 1 945 1 72057594037927937 729 2 1 25 729 2 2 950 730 2 2 950 2133 2 1224979098644774913 10 6 3 1224979098644774914 781 1209 2147483679 2 1224979098644774914 1051 2147483679 2 1224979098644774914 144115188075855985 2147483679 2 1224979098644774914 814 2147483679 2 1224979098644774914 815 2133 2 1224979098644774915 0 4 0 110 1 1224979098644774914 2133 2 1224979098644774915 1 2322 2 20 1224979098644774914 5 0 540 3 0 30 1224979098644774914 2147484208 3 1224979098644774914 2 11 2133 2 1224979098644774915 1 2322 2 20 1224979098644774914 5 0 2147484208 3 1224979098644774914 2 11 1 3 1055 1224979098644774914 0 32 2 72057594037927936 0 4 0 1073741854 2 72057594037927936 15 1073741855 2 72057594037927937 216172782113788333 31 2 72057594037927937 216172782113788334 5 0 1 2 435 1224979098644774914 4 0 3221225504 2 72057594037927936 0 31 2 72057594037927936 1224979098644774914 2133 2 72057594037927936 1 5 0 2133 2 72057594037927936 0 3 0 3 0 30 2 72057594037927936 0 1 5 1058 1 0 1224979098644774914 144115188075855985 2321 2 20 0 2133 2 1224979098644774915 1 3 0 31 2 1224979098644774915 1 1 2 206 1224979098644774914 912 3 72057594037927937 1585267068834415591 65536 730 2 1 1224979098644774913 926 2 72057594037927937 1 921 2 72057594037927937 8398162 925 2 72057594037927937 2 500 3 2087 1224979098644774914 72057594037927937 2105 2 1224979098644774913 30 3 0 945 1 -1 940 2 72057594037927937 216172782113789079 729 2 1 500 730 2 1 110 926 2 72057594037927937 1 2133 2 144115188075856597 72057594037927937 
-62.000000  51 2071 1 1224979098644774912 4 0 31 2 1224979098644774912 144115188075856597 900 1 69 5 0 2133 2 1224979098644774913 1209 2133 2 1224979098644774914 144115188075855985 6 3 1224979098644774915 781 1224979098644774913 540 3 2087 1224979098644774915 1224979098644774912 2133 2 144115188075855985 1224979098644774915 2133 2 1224979098644774913 -1 3 0 4 0 540 3 1224979098644774914 2 5 1610 3 0 1224979098644774914 1 2133 2 144115188075855926 1 4 0 110 1 144115188075855985 1615 3 0 144115188075855985 1 3 0 6 3 1224979098644774916 0 154 546 3 1224979098644774916 6 1224979098644774914 1 3 252 1224979098644774916 0 3 0 5 0 2322 2 9 144115188075855985 4 0 110 1 144115188075855985 1615 3 0 144115188075855985 1 3 0 4 0 3221225505 3 1224979098644774914 781 1209 1073742364 3 1224979098644774914 2 2 540 3 1224979098644774914 2 6 5 0 33 3 1224979098644774914 1051 1209 2147484188 3 1224979098644774914 82 6 2147484188 3 1224979098644774914 82 7 500 3 1224979098644774914 2 6 5 0 33 3 1224979098644774914 781 823 2147484188 3 1224979098644774914 82 6 2147484188 3 1224979098644774914 82 7 2147484188 3 1224979098644774914 82 8 500 3 1224979098644774914 2 0 5 0 500 3 1224979098644774914 2 2 3 0 3 0 900 1 69 3 0 
-61.000000  11 4 0 71 1 1 902 1 0 5 0 71 1 57 2124 1 1000 75 1 31 726 2 72057594037927967 31 727 2 72057594037927968 31 1106 1 1585267068834414774 3 0 


prsnt_ask_audience 2 0 3
-60.000000  89 902 1 999999 2124 1 1000 6 3 1224979098644774912 781 1209 500 3 2087 1224979098644774912 -1 3 0 2133 2 1224979098644774913 0 1 3 1020 144115188075855925 1 1650 2 1224979098644774914 1 6 3 1224979098644774915 0 1224979098644774914 1652 3 1224979098644774916 1 1224979098644774915 2105 2 1224979098644774913 1 3 0 6 3 1224979098644774917 1051 1209 2147483679 2 1224979098644774917 1051 540 3 1224979098644774917 2 6 540 3 1224979098644774917 12 144115188075855925 2105 2 1224979098644774913 1 3 0 4 0 31 2 1224979098644774913 0 1120 1 1585267068834415588 902 1 0 5 0 911 2 72057594037927936 495 729 2 1 250 730 2 1 100 926 2 72057594037927936 1 729 2 1 1000 730 2 1 1000 925 2 72057594037927936 1 4 0 542 3 144115188075856150 10 0 2320 2 20 1585267068834415589 5 0 2320 2 20 1585267068834415590 3 0 910 3 72057594037927937 1585267068834414762 16 729 2 1 500 730 2 1 710 926 2 72057594037927937 1 729 2 1 1200 730 2 1 1200 925 2 72057594037927937 1 2319 1 0 910 3 72057594037927937 0 131072 729 2 1 275 730 2 1 160 926 2 72057594037927937 1 729 2 1 375 730 2 1 525 929 2 72057594037927937 1 945 1 72057594037927937 729 2 1 50 2122 3 1224979098644774918 30 1224979098644774913 729 2 2 950 730 2 2 950 6 3 1224979098644774915 0 1224979098644774914 1652 3 1224979098644774916 1 1224979098644774915 2322 2 20 1224979098644774916 1 2 206 1224979098644774916 912 3 72057594037927937 1585267068834415591 65536 730 2 1 1224979098644774918 926 2 72057594037927937 1 921 2 72057594037927937 127 925 2 72057594037927937 2 500 3 2087 1224979098644774916 72057594037927937 2106 2 1224979098644774918 30 3 0 6 3 1224979098644774917 1051 1209 2147483679 2 1224979098644774917 1051 540 3 1224979098644774917 2 6 540 3 1224979098644774917 12 144115188075855925 2322 2 20 1224979098644774917 1 2 206 1224979098644774917 912 3 72057594037927937 1585267068834415591 65536 730 2 1 1224979098644774918 926 2 72057594037927937 1 921 2 72057594037927937 8398162 925 2 72057594037927937 2 500 3 2087 1224979098644774917 72057594037927937 2106 2 1224979098644774918 30 3 0 945 1 -1 940 2 72057594037927937 216172782113789079 729 2 1 500 730 2 1 110 926 2 72057594037927937 1 2133 2 144115188075856597 72057594037927937 3 0 
-62.000000  41 2071 1 1224979098644774912 4 0 31 2 1224979098644774912 144115188075856597 902 1 0 5 0 2133 2 144115188075856028 -1 6 3 1224979098644774913 781 1209 31 2 144115188075856028 -1 540 3 2087 1224979098644774913 1224979098644774912 2133 2 144115188075856028 1224979098644774913 3 0 4 0 33 3 144115188075856028 781 1209 1 2 206 144115188075856028 2147483680 2 72057594037927936 -10 2322 2 58 144115188075856028 1 3 1029 144115188075856028 4 1120 2 1585267068834415592 1585267068834415593 5 0 540 3 144115188075856028 30 -1 1 2 435 144115188075856028 2133 2 1224979098644774914 72057594037927936 30 2 1224979098644774914 0 1073742384 3 144115188075856028 5 2 540 3 1224979098644774914 38 1 2147484188 3 144115188075856028 5 4 2133 2 144115188075856847 144115188075856028 2060 1 280 5 0 33 3 144115188075856028 1051 1209 2147484188 3 144115188075856028 30 0 1 4 925 144115188075856028 144115188075855925 144115188075856150 31 2 72057594037927936 0 1120 2 1585267068834415594 1585267068834415593 5 0 33 3 144115188075856028 781 1209 2322 2 58 144115188075856028 1106 2 1585267068834415595 15785267 1 3 235 144115188075855925 144115188075856028 3 0 3 0 
-61.000000  11 4 0 71 1 1 902 1 0 5 0 71 1 57 2124 1 1000 75 1 31 726 2 72057594037927967 31 727 2 72057594037927968 31 1106 1 1585267068834414774 3 0 


prsnt_travel_port 2 0 3
-60.000000  145 902 1 999999 2124 1 1000 2133 2 144115188075856113 -1 6 3 1224979098644774912 21 153 500 3 2087 1224979098644774912 -1 3 0 2133 2 1224979098644774913 0 6 3 1224979098644774912 21 153 2133 2 1224979098644774914 0 4 0 31 2 144115188075855925 33 541 3 1224979098644774912 41 1 2133 2 1224979098644774914 1 5 0 4 0 1 2 653 144115188075855925 2133 2 1224979098644774915 653 5 0 2133 2 1224979098644774915 654 3 0 1 2 1224979098644774915 1224979098644774912 2133 2 1224979098644774914 1 3 0 31 2 1224979098644774914 1 2147483679 2 1224979098644774912 144115188075855925 2105 2 1224979098644774913 1 3 0 4 0 31 2 1224979098644774913 0 1120 1 1585267068834415596 902 1 0 5 0 200 1 29 526 3 1224979098644774916 29 8 132 1 1224979098644774916 31 2 144115188075856121 0 1120 2 1585267068834415597 1585267068834415593 902 1 0 5 0 33 3 144115188075856921 25 53 542 3 144115188075856921 7 0 1120 2 1585267068834415598 1585267068834415593 902 1 0 5 0 911 2 72057594037927936 495 729 2 1 250 730 2 1 100 926 2 72057594037927936 1 729 2 1 1000 730 2 1 1000 925 2 72057594037927936 1 4 0 31 2 144115188075855925 33 2320 2 20 1585267068834420368 5 0 1 2 654 144115188075855925 2320 2 20 1585267068834420369 5 0 2320 2 20 1585267068834420370 3 0 910 3 72057594037927937 1585267068834414762 16 729 2 1 500 730 2 1 710 926 2 72057594037927937 1 729 2 1 1200 730 2 1 1200 925 2 72057594037927937 1 2319 1 0 910 3 144115188075856613 0 131072 729 2 1 275 730 2 1 160 926 2 144115188075856613 1 729 2 1 375 730 2 1 525 929 2 144115188075856613 1 945 1 144115188075856613 729 2 1 50 2122 3 1224979098644774917 30 1224979098644774913 729 2 2 950 730 2 2 950 6 3 1224979098644774912 21 153 2133 2 1224979098644774914 0 4 0 31 2 144115188075855925 33 541 3 1224979098644774912 41 1 2133 2 1224979098644774914 1 5 0 4 0 1 2 653 144115188075855925 2133 2 1224979098644774915 653 5 0 2133 2 1224979098644774915 654 3 0 1 2 1224979098644774915 1224979098644774912 2133 2 1224979098644774914 1 3 0 31 2 1224979098644774914 1 2147483679 2 1224979098644774912 144115188075855925 2330 2 20 1224979098644774912 2204 2 1224979098644774918 1224979098644774912 2335 2 21 1224979098644774918 912 3 72057594037927937 1585267068834414765 65536 730 2 1 1224979098644774917 926 2 72057594037927937 1 921 2 72057594037927937 127 925 2 72057594037927937 2 500 3 2087 1224979098644774912 72057594037927937 2106 2 1224979098644774917 30 3 0 945 1 -1 940 2 72057594037927937 216172782113789079 729 2 1 500 730 2 1 110 926 2 72057594037927937 1 2133 2 144115188075856597 72057594037927937 3 0 910 3 144115188075856439 216172782113783809 8196 729 2 1 950 730 2 1 950 925 2 144115188075856439 1 729 2 1 315 730 2 1 350 926 2 144115188075856439 1 729 2 1 350 730 2 1 150 929 2 144115188075856439 1 947 2 144115188075856439 0 911 3 144115188075856440 468 468 729 2 1 300 730 2 1 275 926 2 144115188075856440 1 729 2 1 725 730 2 1 1250 925 2 144115188075856440 1 947 2 144115188075856440 0 912 2 144115188075856441 1585267068834415601 729 2 1 350 730 2 1 310 926 2 144115188075856441 1 947 2 144115188075856441 0 912 2 144115188075856442 1585267068834414916 729 2 1 525 730 2 1 310 926 2 144115188075856442 1 947 2 144115188075856442 0 
-62.000000  75 2071 1 1224979098644774912 4 0 31 2 1224979098644774912 144115188075856597 902 1 0 2133 2 144115188075856113 -1 5 0 31 2 1224979098644774912 144115188075856442 947 2 144115188075856439 0 947 2 144115188075856440 0 947 2 144115188075856441 0 947 2 144115188075856442 0 947 2 144115188075856613 1 920 2 144115188075856439 216172782113783809 2133 2 144115188075856113 -1 5 0 31 2 1224979098644774912 144115188075856441 4 0 2149 2 72057594037927943 0 2147483678 2 72057594037927943 144115188075855935 1120 2 1585267068834415602 1585267068834415593 947 2 144115188075856439 0 947 2 144115188075856440 0 947 2 144115188075856441 0 947 2 144115188075856442 0 947 2 144115188075856613 1 920 2 144115188075856439 216172782113783809 5 0 33 3 144115188075856113 21 153 1529 2 0 144115188075855935 521 3 1224979098644774913 144115188075855925 40 521 3 1224979098644774914 144115188075856113 40 1231 1 489 1625 2 1 1224979098644774913 1626 2 489 1 1625 2 2 1224979098644774914 501 3 489 39 1 1603 3 489 512 1 1640 2 489 6 1642 2 489 2 2133 2 144115188075855916 611 2060 1 14 1907 1 0 3 0 5 0 31 2 144115188075856113 -1 6 3 1224979098644774915 21 153 31 2 144115188075856113 -1 540 3 2087 1224979098644774915 1224979098644774912 2133 2 144115188075856113 1224979098644774915 3 0 33 3 144115188075856113 21 153 1625 2 1 144115188075855925 1625 2 2 144115188075856113 710 3 144115188075855935 1 2 2108 2 144115188075855935 100 1601 2 1224979098644774916 0 2122 3 1224979098644774917 144115188075855935 1224979098644774916 2108 2 1224979098644774917 5 2105 2 144115188075855935 1224979098644774917 2133 2 72057594037927937 144115188075855935 4 0 2319 1 3 32 2 1224979098644774916 1 2320 2 3 1585267068834415603 3 0 521 3 1224979098644774918 144115188075856113 40 2330 2 1 1224979098644774918 2320 2 2 1585267068834420361 947 2 144115188075856439 1 947 2 144115188075856440 1 947 2 144115188075856441 1 947 2 144115188075856442 1 920 2 144115188075856439 2 947 2 144115188075856613 0 3 0 
-61.000000  22 4 0 71 1 1 4 0 33 3 144115188075856113 21 153 947 2 144115188075856439 0 947 2 144115188075856440 0 947 2 144115188075856441 0 947 2 144115188075856442 0 947 2 144115188075856613 1 920 2 144115188075856439 216172782113783809 2133 2 144115188075856113 -1 5 0 902 1 0 3 0 5 0 71 1 57 2124 1 1000 75 1 31 726 2 72057594037927967 31 727 2 72057594037927968 31 1106 1 1585267068834414774 3 0 


prsnt_event_corruption_player 0 236 2
-60.000000  97 2124 1 1000 4 0 31 2 144115188075856033 1 2330 2 41 144115188075855922 521 3 1224979098644774912 144115188075855922 68 2105 2 1224979098644774912 216172782113788815 2320 2 40 1224979098644774912 2170 3 72057594037927946 0 0 2122 3 1224979098644774913 72057594037927946 10 2105 2 1224979098644774913 10 2133 2 72057594037927945 0 2133 2 72057594037927948 0 2319 1 39 6 3 1224979098644774914 271 305 521 3 1224979098644774915 144115188075855922 1224979098644774914 4 0 31 2 1224979098644774915 1 2105 2 72057594037927948 1 3 0 2136 3 1224979098644774916 0 100 4 0 31 2 1224979098644774915 0 32 2 1224979098644774916 1224979098644774913 2133 2 1224979098644774915 1 5 0 31 2 1224979098644774915 1 32 2 1224979098644774916 1224979098644774913 2133 2 1224979098644774915 0 3 0 31 2 1224979098644774915 1 2105 2 72057594037927945 1 1 3 354 1224979098644774914 144115188075855922 4 0 2318 1 39 2320 2 39 1585267068834419634 5 0 2320 2 39 1585267068834419635 3 0 3 0 4 0 2318 1 39 2320 2 39 216172782113788807 3 0 2320 2 0 1585267068834419628 2320 2 22 1585267068834419625 2133 2 1224979098644774917 51 5 0 31 2 144115188075856033 2 520 3 1224979098644774918 0 189 2105 2 1224979098644774918 216172782113788741 2320 2 44 1224979098644774918 2320 2 0 1585267068834419651 2320 2 22 1585267068834419650 520 3 72057594037927948 0 102 2107 2 72057594037927948 1000 2133 2 1224979098644774917 5000000 5 0 31 2 144115188075856033 3 4 0 520 3 1224979098644774919 0 177 32 2 1224979098644774919 0 2120 3 1224979098644774920 216172782113788815 1224979098644774919 2320 2 40 1224979098644774920 2320 2 44 1585267068834419661 5 0 520 3 1224979098644774921 0 178 32 2 1224979098644774921 0 2120 3 1224979098644774922 216172782113788581 1224979098644774921 2320 2 40 1224979098644774922 2320 2 44 1585267068834419662 3 0 2320 2 0 1585267068834419663 2320 2 22 1585267068834419664 2133 2 72057594037927948 0 2133 2 1224979098644774917 501 3 0 910 3 72057594037927937 216172782113783815 8208 729 2 1 100 730 2 1 375 926 2 72057594037927937 1 729 2 1 600 730 2 1 250 929 2 72057594037927937 1 910 3 72057594037927937 216172782113790996 4 729 2 1 150 730 2 1 280 926 2 72057594037927937 1 942 3 144115188075856509 0 1224979098644774917 729 2 1 350 730 2 1 275 926 2 144115188075856509 1 2133 2 144115188075856510 -1 912 3 144115188075856511 1585267068834419621 16 729 2 1 750 730 2 1 150 926 2 144115188075856511 1 902 1 999999 
-62.000000  100 2071 1 1224979098644774912 2072 1 1224979098644774913 4 0 31 2 1224979098644774912 144115188075856509 2133 2 72057594037927947 1224979098644774913 5 0 31 2 1224979098644774912 144115188075856511 902 1 0 4 0 31 2 144115188075856033 1 4 0 31 2 72057594037927948 72057594037927947 31 2 72057594037927948 0 2319 1 29 2320 2 29 1585267068834420216 1106 1 1585267068834419637 2060 1 707 4 0 2133 2 1224979098644774914 0 4 0 32 2 144115188075855973 0 2149 2 1224979098644774914 2086 3 0 2149 2 1224979098644774915 0 2105 2 1224979098644774915 1224979098644774914 30 2 1224979098644774915 5000 5 0 1106 1 216172782113788901 1 3 207 0 -25 3 0 1 3 1039 5000 0 1 3 207 0 -5 5 0 31 2 72057594037927948 72057594037927947 2320 2 29 1585267068834419630 1106 1 1585267068834419637 2060 1 707 5 0 2320 2 29 1585267068834419631 1106 1 1585267068834419637 2060 1 707 522 3 1224979098644774916 144115188075856921 10 1290 1 150 2341 2 15 1224979098644774916 2320 2 2 1585267068834419632 1 3 310 150 1224979098644774916 1 3 207 0 -25 506 3 150 11 1 506 3 150 23 30 3 0 5 0 31 2 144115188075856033 2 4 0 31 2 72057594037927948 72057594037927947 31 2 72057594037927948 0 2319 1 29 2320 2 29 1585267068834419643 1106 1 1585267068834419637 2060 1 707 5 0 31 2 72057594037927948 72057594037927947 2320 2 29 1585267068834419652 1106 1 1585267068834419637 2060 1 707 5 0 2320 2 29 1585267068834420217 1106 1 1585267068834419637 2060 1 707 522 3 1224979098644774916 144115188075856921 10 1290 1 150 2341 2 15 1224979098644774916 2320 2 2 1585267068834419646 1 3 310 150 1224979098644774916 506 3 150 11 2 506 3 150 23 30 1 3 207 0 -25 3 0 5 0 31 2 144115188075856033 3 4 0 31 2 72057594037927948 72057594037927947 2320 2 29 1585267068834419665 1106 1 1585267068834419637 2060 1 707 5 0 2320 2 29 1585267068834419666 1106 1 1585267068834419637 1 3 1039 72057594037927947 0 522 3 1224979098644774916 144115188075856921 10 1290 1 150 2341 2 15 1224979098644774916 2320 2 2 1585267068834419667 1 3 310 150 1224979098644774916 1 3 207 0 -25 506 3 150 11 3 506 3 150 23 30 2060 1 707 3 0 3 0 3 0 


