simple_triggers_file version 1
197
-6.000000  0 
-5.000000  0 
1.000000  16 1 2 865 3 32 2 144115188075856256 0 32 2 144115188075856233 0 30 2 144115188075856245 1 2270 1 1224979098644774912 31 2 144115188075856253 0 30 2 1224979098644774912 144115188075856257 2147485921 0 4 0 1 2 351 8 2133 2 1224979098644774913 72057594037927937 2147483679 2 1224979098644774913 0 2122 3 1224979098644774914 144115188075856245 4 1 3 207 1224979098644774913 1224979098644774914 3 0 1030 3 0 0 0 
0.000000  13 1 2 865 4 4 0 31 2 144115188075855936 1 32 2 144115188075856023 0 132 1 144115188075856023 1623 3 0 144115188075856023 0 5 0 32 2 144115188075856848 -1 132 1 144115188075856848 1231 1 0 1623 3 0 144115188075856848 0 1230 1 0 3 0 
0.000000  108 1 2 865 5 4 0 200 1 135 566 3 135 11 8 2147484214 3 135 11 15 2270 1 1224979098644774912 546 3 135 22 1224979098644774912 4 0 546 3 135 11 8 2060 1 1131 5 0 546 3 135 11 9 2060 1 1132 5 0 546 3 135 11 10 2060 1 1134 5 0 546 3 135 11 11 2060 1 1137 5 0 546 3 135 11 12 2060 1 1139 5 0 546 3 135 11 14 2060 1 1140 3 0 5 0 560 3 2287 41 1 4 0 2270 1 1224979098644774912 540 3 2287 39 1224979098644774912 520 3 1224979098644774913 2287 41 500 3 2287 41 0 500 3 2287 39 0 2060 1 1224979098644774913 5 0 540 3 2209 32 1 2060 1 719 3 0 501 3 0 195 0 5 0 200 1 113 566 3 113 17 1 30 2 144115188075855916 1 2060 1 144115188075855916 2133 2 144115188075855916 -1 506 3 113 17 0 5 0 33 3 144115188075856272 21 408 1680 2 1224979098644774914 144115188075856272 32 2 1224979098644774914 0 2204 2 1224979098644774915 144115188075856272 2190 3 1224979098644774916 1224979098644774915 25 2204 2 1224979098644774917 1224979098644774914 2190 3 1224979098644774918 1224979098644774917 25 30 2 1224979098644774916 0 2147483678 2 1224979098644774918 0 1300 1 144115188075856272 1030 3 0 0 0 5 0 2270 1 1224979098644774919 2133 2 1224979098644774920 0 4 0 2147483679 2 144115188075856937 0 30 2 1224979098644774919 144115188075856937 2133 2 1224979098644774920 1 2133 2 144115188075856937 0 3 0 1073741855 2 1224979098644774920 1 37 0 4 0 30 2 144115188075855916 1 2060 1 144115188075855916 2133 2 144115188075855916 -1 5 0 30 2 144115188075856061 1 1300 1 144115188075856061 5 0 30 2 144115188075856190 1 560 3 2131 27 1 2060 1 22 5 0 30 2 144115188075856190 1 2133 2 144115188075856190 0 2133 2 144115188075856191 0 2133 2 144115188075856188 0 1030 3 0 0 0 1106 2 1585267068834419238 15785267 5 0 32 2 144115188075856231 0 1106 2 1585267068834416709 15785267 4 0 31 2 144115188075856755 1 1107 1 0 6 3 1224979098644774921 0 10 1541 3 1224979098644774922 0 1224979098644774921 2147483679 2 1224979098644774922 -1 1542 3 1224979098644774923 0 1224979098644774921 1530 3 5 1224979098644774922 1224979098644774923 3 0 1 4 531 0 5 0 1 3 1017 5 0 1 4 530 5 0 0 1107 1 1 3 0 2133 2 144115188075856231 0 3 0 3 0 
0.000000  20 1 2 865 6 560 3 2097 0 1 520 3 1224979098644774912 2097 0 520 3 144115188075855922 2098 0 520 3 144115188075856033 2099 0 2060 1 1224979098644774912 2133 2 1224979098644774913 2 6 3 1224979098644774914 1 1224979098644774913 4 0 560 3 2097 1224979098644774914 1 2105 2 1224979098644774913 1 3 0 2121 3 1224979098644774915 1224979098644774914 1 520 3 1224979098644774916 2097 1224979098644774914 500 3 2097 1224979098644774915 1224979098644774916 520 3 1224979098644774916 2098 1224979098644774914 500 3 2098 1224979098644774915 1224979098644774916 520 3 1224979098644774916 2099 1224979098644774914 500 3 2099 1224979098644774915 1224979098644774916 3 0 
1.000000  3 1 2 865 7 37 0 1 2 414 65536 
1.000000  7 1 2 865 8 4 0 32 2 144115188075855998 1 6 3 1224979098644774912 781 1209 500 3 1224979098644774912 149 0 3 0 3 0 
0.857143  17 1 2 865 9 2136 3 1224979098644774912 25 53 4 0 542 3 1224979098644774912 14 0 1 2 127 1224979098644774912 1 2 425 1224979098644774912 4 0 30 2 1224979098644774912 26 522 3 1224979098644774913 1224979098644774912 67 2121 3 1224979098644774914 140 144115188075856013 2108 2 1224979098644774914 14 2111 2 1224979098644774914 1 2123 3 1224979098644774915 1224979098644774913 1224979098644774914 2106 2 1224979098644774913 1224979098644774915 502 3 1224979098644774912 67 1224979098644774913 3 0 3 0 
0.040000  22 1 2 865 10 2136 3 1224979098644774912 1051 1209 540 3 1224979098644774912 2 6 520 3 1224979098644774913 1224979098644774912 10 4 0 32 2 1224979098644774913 0 2147483780 1 1224979098644774913 2133 2 1224979098644774913 -1 3 0 2147483678 2 1224979098644774913 1 2133 2 1224979098644774914 1 4 0 520 3 1224979098644774915 1224979098644774912 12 32 2 1224979098644774915 -1 541 3 1224979098644774915 32 5 2133 2 1224979098644774914 0 3 0 31 2 1224979098644774914 1 2147484208 3 1224979098644774912 8 0 1 2 435 1224979098644774912 2133 2 1224979098644774915 72057594037927937 500 3 1224979098644774912 12 1224979098644774915 
168.000000  87 1 2 865 11 4 0 520 3 1224979098644774912 0 102 32 2 1224979098644774912 0 2106 2 1224979098644774912 10 2111 2 1224979098644774912 0 500 3 0 102 1224979098644774912 3 0 4 0 32 2 144115188075855985 0 2147483679 2 144115188075855985 2110 1 3 207 144115188075855985 10 3 0 520 3 1224979098644774913 0 7 2123 3 1224979098644774914 1224979098644774913 200 2106 2 1224979098644774913 1224979098644774914 500 3 0 7 1224979098644774913 6 3 1224979098644774915 1051 1209 4 0 540 3 1224979098644774915 41 -1 540 3 1224979098644774915 42 2 500 3 1224979098644774915 42 1 3 0 520 3 1224979098644774916 1224979098644774915 41 30 2 1224979098644774916 0 4 0 540 3 1224979098644774916 2 2 4 0 31 2 1224979098644774916 0 1 3 431 1224979098644774915 1224979098644774916 2147483678 2 72057594037927936 10 2322 2 30 1224979098644774915 1120 2 1585267068834419239 1585267068834419240 500 3 1224979098644774915 41 -1 3 0 2133 2 1224979098644774917 1 4 0 31 2 1224979098644774916 0 2133 2 1224979098644774918 144115188075856858 2105 2 1224979098644774917 100 2106 2 1224979098644774917 1224979098644774918 5 0 1073742364 3 1224979098644774916 52 6 1073742364 3 1224979098644774916 52 7 540 3 1224979098644774916 52 10 2105 2 1224979098644774917 1 5 0 1073742364 3 1224979098644774916 52 1 1073742364 3 1224979098644774916 52 3 540 3 1224979098644774916 52 8 2105 2 1224979098644774917 1 5 0 2105 2 1224979098644774917 2 3 0 2136 3 1224979098644774919 1 350 4 0 2147483678 2 1224979098644774919 1224979098644774917 520 3 1224979098644774920 1224979098644774915 30 30 2 1224979098644774920 0 1 4 430 1224979098644774916 1224979098644774920 -60 1 4 430 1224979098644774915 1224979098644774920 -40 4 0 31 2 1224979098644774920 0 2322 2 33 1224979098644774916 1120 2 1585267068834419241 1585267068834419242 5 0 31 2 1224979098644774916 0 500 3 1224979098644774915 42 1 2322 2 33 1224979098644774915 1120 2 1585267068834419243 1585267068834419242 5 0 31 2 144115188075856173 1 2322 2 43 1224979098644774915 2322 2 33 1224979098644774916 1120 2 1585267068834419244 1585267068834419242 3 0 1 3 731 1224979098644774916 100 1 3 207 1224979098644774916 -50 1 3 207 1224979098644774920 -75 500 3 1224979098644774915 43 1224979098644774916 500 3 1224979098644774915 41 -1 3 0 5 0 500 3 1224979098644774915 43 -1 500 3 1224979098644774915 41 -1 3 0 3 0 
335.000000  42 1 2 865 12 4 0 560 3 0 30 1 32 2 144115188075855973 0 520 3 1224979098644774912 0 30 2147484208 3 1224979098644774912 184 1 2133 2 1224979098644774913 144115188075856897 2112 3 1224979098644774913 -50 50 2107 2 1224979098644774913 -1 2105 2 1224979098644774913 60 4 0 540 3 1224979098644774912 52 16 2105 2 1224979098644774913 40 3 0 2136 3 1224979098644774914 0 190 2147483678 2 1224979098644774914 1224979098644774913 2060 1 451 3 0 6 3 1224979098644774915 1051 1209 4 0 540 3 1224979098644774915 41 -1 560 3 1224979098644774915 43 0 500 3 1224979098644774915 43 -1 3 0 4 0 540 3 1224979098644774915 42 1 500 3 1224979098644774915 42 0 3 0 4 0 520 3 1224979098644774916 1224979098644774915 41 32 2 1224979098644774916 0 2136 3 1224979098644774917 0 100 2133 2 1224979098644774913 5 4 0 560 3 1224979098644774915 43 0 2105 2 1224979098644774913 10 3 0 2147483678 2 1224979098644774917 1224979098644774913 500 3 1224979098644774915 41 -1 1 4 430 1224979098644774916 1224979098644774915 -45 3 0 3 0 
24.000000  148 1 2 865 13 2204 2 1224979098644774912 26 4 0 31 2 1224979098644774912 144115188075856921 542 3 1224979098644774912 9 13 2147483848 1 153 2147483848 1 152 31 2 144115188075856869 9 1 4 227 1201 153 -1 5 0 31 2 1224979098644774912 144115188075856921 542 3 1224979098644774912 9 13 2147483848 1 152 2147483848 1 153 31 2 144115188075856869 12 1 4 227 1201 152 -1 3 0 500 3 2131 77 0 6 3 1224979098644774913 1051 1209 540 3 1224979098644774913 2 6 4 0 540 3 1224979098644774913 173 1 500 3 1224979098644774913 173 0 3 0 520 3 1224979098644774914 1224979098644774913 150 2147483679 2 1224979098644774914 0 2106 2 1224979098644774914 1 2111 2 1224979098644774914 0 500 3 1224979098644774913 150 1224979098644774914 4 0 31 2 1224979098644774914 0 4 0 540 3 1224979098644774913 151 37 520 3 1224979098644774915 1224979098644774913 152 32 2 1224979098644774915 0 2147484208 3 1224979098644774915 2 14 2322 2 21 1224979098644774913 2322 2 31 1224979098644774915 520 3 1224979098644774916 1224979098644774913 172 2123 3 1224979098644774917 1224979098644774916 10 2107 2 1224979098644774917 -1 2105 2 1224979098644774917 100 4 0 540 3 144115188075855893 52 13 2106 2 1224979098644774917 2 5 0 1073742364 3 144115188075855893 52 16 540 3 144115188075855893 52 14 2105 2 1224979098644774917 10 5 0 540 3 144115188075855893 52 12 2105 2 1224979098644774917 5 5 0 540 3 144115188075855893 52 15 2106 2 1224979098644774917 5 3 0 2136 3 1224979098644774918 0 100 4 0 2147483678 2 1224979098644774918 1224979098644774917 1 3 208 1224979098644774915 -3 1 3 731 0 20 1 3 207 0 -5 1 3 800 0 1224979098644774916 2320 2 33 1585267068834419245 5 0 1 3 208 1224979098644774915 -6 1 3 731 0 40 1 3 207 0 -20 1 2 215 -2 2320 2 33 1585267068834419246 3 0 1106 1 1585267068834415061 4 0 31 2 144115188075856191 0 1120 2 1585267068834415061 1585267068834419247 3 0 5 0 540 3 1224979098644774913 151 25 520 3 1224979098644774915 1224979098644774913 152 32 2 1224979098644774915 0 2147484208 3 1224979098644774915 2 14 2322 2 32 1224979098644774915 520 3 1224979098644774919 1224979098644774913 171 32 2 1224979098644774919 0 2322 2 31 1224979098644774919 520 3 1224979098644774916 1224979098644774913 172 4 0 31 2 1224979098644774916 120 2136 3 1224979098644774918 0 100 4 0 33 3 1224979098644774918 10 45 2136 3 1224979098644774920 -50 -30 1 4 430 1224979098644774915 1224979098644774919 1224979098644774920 2320 2 33 1585267068834419248 1 3 731 1224979098644774919 30 1 3 207 1224979098644774919 -5 5 0 2320 2 33 1585267068834419249 3 0 1106 1 1585267068834415061 4 0 31 2 144115188075856191 0 1120 2 1585267068834415061 1585267068834419250 3 0 5 0 31 2 1224979098644774916 200 2136 3 1224979098644774918 0 100 4 0 33 3 1224979098644774918 30 75 2136 3 1224979098644774920 -60 -40 1 4 430 1224979098644774915 1224979098644774919 1224979098644774920 2320 2 33 1585267068834419251 1 3 731 1224979098644774919 60 1 3 207 1224979098644774919 -10 5 0 2320 2 33 1585267068834419252 3 0 1106 1 1585267068834415061 4 0 31 2 144115188075856191 0 1120 2 1585267068834415061 1585267068834419250 3 0 5 0 31 2 1224979098644774916 1500 2136 3 1224979098644774918 0 100 4 0 2147483678 2 1224979098644774918 55 2136 3 1224979098644774920 -70 -50 1 4 430 1224979098644774915 1224979098644774919 1224979098644774920 2320 2 33 1585267068834419253 1 3 731 1224979098644774919 75 1 3 207 1224979098644774919 -15 5 0 2320 2 33 1585267068834419254 3 0 1106 1 1585267068834415061 4 0 31 2 144115188075856191 0 1120 2 1585267068834415061 1585267068834419250 3 0 3 0 3 0 500 3 1224979098644774913 151 -1 500 3 1224979098644774913 152 -1 500 3 1224979098644774913 171 -1 500 3 1224979098644774913 172 -1 3 0 3 0 
3.000000  68 1 2 865 14 2136 3 1224979098644774912 781 1051 540 3 1224979098644774912 2 2 560 3 1224979098644774912 11 40000 2173 2 1224979098644774913 1224979098644774912 522 3 1224979098644774914 1224979098644774913 10 32 2 1224979098644774914 0 2147483679 2 1224979098644774914 1224979098644774912 2147483679 2 1224979098644774914 0 2133 2 1224979098644774915 72057594037927936 4 0 1 3 431 1224979098644774914 1224979098644774912 2147483678 2 72057594037927936 -10 2133 2 1224979098644774916 72057594037927936 4 0 540 3 1224979098644774912 52 1 2133 2 1224979098644774917 60 5 0 540 3 1224979098644774912 52 2 2133 2 1224979098644774917 50 5 0 1073742364 3 1224979098644774912 52 3 1073742364 3 1224979098644774912 52 4 540 3 1224979098644774912 52 5 2133 2 1224979098644774917 120 5 0 540 3 1224979098644774912 52 6 2133 2 1224979098644774917 90 5 0 540 3 1224979098644774912 52 7 2133 2 1224979098644774917 70 5 0 2133 2 1224979098644774917 100 3 0 2113 1 1224979098644774916 2107 2 1224979098644774916 1224979098644774917 2108 2 1224979098644774916 100 2133 2 1224979098644774918 100 4 0 31 2 1224979098644774914 829 2105 2 1224979098644774918 120 3 0 4 0 2136 3 1224979098644774919 0 1224979098644774918 2147483678 2 1224979098644774919 1224979098644774916 4 0 560 3 1224979098644774912 11 75000 1 3 619 1224979098644774912 -10000 2136 3 1224979098644774920 6 15 1 4 430 1224979098644774914 1224979098644774912 1224979098644774920 5 0 1 3 619 1224979098644774912 -5000 2136 3 1224979098644774920 4 8 1 4 430 1224979098644774914 1224979098644774912 1224979098644774920 3 0 4 0 2322 2 32 1224979098644774914 2322 2 31 1224979098644774912 31 2 1224979098644774913 144115188075856921 31 2 144115188075856191 0 31 2 144115188075856176 1 1120 2 1585267068834419255 1585267068834419250 3 0 1 3 731 1224979098644774912 -25 1 3 207 1224979098644774912 5 3 0 3 0 2133 2 72057594037927936 1224979098644774915 
20.000000  183 1 2 865 15 2136 3 1224979098644774912 781 1051 540 3 1224979098644774912 2 2 520 3 1224979098644774913 1224979098644774912 11 4 0 30 2 1224979098644774913 40000 2173 2 1224979098644774914 1224979098644774912 522 3 1224979098644774915 1224979098644774914 10 2147483679 2 1224979098644774915 1224979098644774912 30 2 1224979098644774915 0 2322 2 31 1224979098644774915 4 0 540 3 1224979098644774912 52 1 2133 2 1224979098644774916 80 2133 2 1224979098644774917 10 5 0 540 3 1224979098644774912 52 2 2133 2 1224979098644774916 150 2133 2 1224979098644774917 20 5 0 1073742364 3 1224979098644774912 52 3 1073742364 3 1224979098644774912 52 4 540 3 1224979098644774912 52 5 2133 2 1224979098644774916 50 2133 2 1224979098644774917 25 5 0 540 3 1224979098644774912 52 6 2133 2 1224979098644774916 100 2133 2 1224979098644774917 1 5 0 540 3 1224979098644774912 52 7 2133 2 1224979098644774916 70 2133 2 1224979098644774917 7 5 0 2133 2 1224979098644774916 100 2133 2 1224979098644774917 10 3 0 2136 3 1224979098644774918 0 105 2147483678 2 1224979098644774918 1224979098644774917 2133 2 1224979098644774919 0 2133 2 1224979098644774920 -1 6 3 1224979098644774921 780 1051 4 0 31 2 1224979098644774921 780 2133 2 1224979098644774921 0 2133 2 1224979098644774922 144115188075856921 5 0 2173 2 1224979098644774922 1224979098644774921 3 0 31 2 1224979098644774914 1224979098644774922 2133 2 1224979098644774923 0 4 0 540 3 1224979098644774921 2 2 2133 2 1224979098644774923 1 5 0 31 2 1224979098644774921 0 2133 2 1224979098644774923 1 3 0 31 2 1224979098644774923 1 2147483679 2 1224979098644774915 1224979098644774921 1 3 431 1224979098644774915 1224979098644774921 30 2 72057594037927936 -70 1 3 431 1224979098644774912 1224979098644774921 2147483678 2 72057594037927936 0 2133 2 1224979098644774924 72057594037927936 520 3 1224979098644774925 1224979098644774921 7 2113 1 1224979098644774924 2107 2 1224979098644774924 1224979098644774916 2108 2 1224979098644774924 100 2107 2 1224979098644774925 1224979098644774924 32 2 1224979098644774925 1224979098644774919 2133 2 1224979098644774919 1224979098644774925 2133 2 1224979098644774920 1224979098644774921 3 0 4 0 30 2 1224979098644774920 0 2322 2 32 1224979098644774920 2136 3 1224979098644774926 0 3 4 0 31 2 1224979098644774926 0 2133 2 1224979098644774927 120 1 3 619 1224979098644774912 -120 5 0 31 2 1224979098644774926 1 2133 2 1224979098644774927 200 1 3 619 1224979098644774912 -200 5 0 31 2 1224979098644774926 2 2133 2 1224979098644774927 1500 1 3 619 1224979098644774912 -1500 5 0 2133 2 1224979098644774927 200 1 3 619 1224979098644774912 -200 3 0 4 0 31 2 1224979098644774920 0 2322 2 40 1224979098644774912 1106 2 1585267068834419256 16764108 3 0 4 0 31 2 1224979098644774927 120 2136 3 1224979098644774928 0 100 4 0 2147483679 2 1224979098644774915 0 33 3 1224979098644774928 25 55 2136 3 1224979098644774929 -21 -14 1 4 430 1224979098644774915 1224979098644774920 1224979098644774929 2320 2 33 1585267068834419248 1 3 731 1224979098644774920 5 1 3 207 1224979098644774920 -2 5 0 2147483679 2 1224979098644774915 0 2320 2 33 1585267068834419249 3 0 4 0 31 2 1224979098644774914 144115188075856921 31 2 144115188075856191 0 4 0 31 2 1224979098644774915 0 2133 2 144115188075855914 1224979098644774920 2060 1 427 5 0 1120 2 1585267068834415061 1585267068834419250 1106 1 1585267068834415061 3 0 3 0 5 0 31 2 1224979098644774927 200 2136 3 1224979098644774928 0 100 4 0 2147483679 2 1224979098644774915 0 33 3 1224979098644774928 30 70 2136 3 1224979098644774929 -35 -23 1 4 430 1224979098644774915 1224979098644774920 1224979098644774929 2320 2 33 1585267068834419251 1 3 731 1224979098644774920 10 1 3 207 1224979098644774920 -5 5 0 2147483679 2 1224979098644774915 0 2320 2 33 1585267068834419252 3 0 4 0 31 2 1224979098644774914 144115188075856921 31 2 144115188075856191 0 4 0 31 2 1224979098644774915 0 2133 2 144115188075855914 1224979098644774920 2060 1 427 5 0 1120 2 1585267068834415061 1585267068834419250 1106 1 1585267068834415061 3 0 3 0 5 0 31 2 1224979098644774927 1500 2136 3 1224979098644774928 0 100 4 0 2147483679 2 1224979098644774915 0 2147483678 2 1224979098644774928 50 2136 3 1224979098644774929 -50 -30 1 4 430 1224979098644774915 1224979098644774920 1224979098644774929 2320 2 33 1585267068834419253 1 3 731 1224979098644774920 25 1 3 207 1224979098644774920 -10 5 0 2147483679 2 1224979098644774915 0 2320 2 33 1585267068834419254 3 0 4 0 31 2 1224979098644774914 144115188075856921 31 2 144115188075856191 0 4 0 31 2 1224979098644774915 0 2133 2 144115188075855914 1224979098644774920 2060 1 427 5 0 1120 2 1585267068834415061 1585267068834419250 1106 1 1585267068834415061 3 0 3 0 3 0 3 0 3 0 
12.000000  95 1 2 865 16 2136 3 1224979098644774912 781 1051 540 3 1224979098644774912 2 2 2173 2 1224979098644774913 1224979098644774912 31 2 1224979098644774913 144115188075856921 2133 2 1224979098644774914 72057594037927936 4 0 1 2 206 1224979098644774912 2133 2 1224979098644774915 72057594037927936 2147483678 2 1224979098644774915 -5 4 0 540 3 1224979098644774912 52 1 2133 2 1224979098644774916 -5 5 0 540 3 1224979098644774912 52 2 2133 2 1224979098644774916 5 5 0 1073742364 3 1224979098644774912 52 3 1073742364 3 1224979098644774912 52 4 540 3 1224979098644774912 52 5 2133 2 1224979098644774916 2 5 0 540 3 1224979098644774912 52 6 2133 2 1224979098644774916 -20 5 0 540 3 1224979098644774912 52 7 2133 2 1224979098644774916 -15 5 0 2133 2 1224979098644774916 -10 3 0 2113 1 1224979098644774915 2105 2 1224979098644774916 1224979098644774915 4 0 2133 2 1224979098644774917 73 2133 2 1224979098644774918 -1 6 3 1224979098644774919 21 1224979098644774917 541 3 1224979098644774919 7 0 2133 2 1224979098644774918 1224979098644774919 2133 2 1224979098644774917 -1 3 0 33 3 1224979098644774918 21 73 2136 3 1224979098644774920 0 110 2147483678 2 1224979098644774920 1224979098644774916 521 3 1224979098644774921 1224979098644774918 25 2133 2 1224979098644774922 80 2107 2 1224979098644774921 -1 2105 2 1224979098644774922 1224979098644774921 2136 3 1224979098644774923 0 190 4 0 2147483678 2 1224979098644774923 1224979098644774922 2330 2 30 1224979098644774918 2322 2 31 1224979098644774912 1 3 209 1224979098644774918 -10 4 0 31 2 144115188075856191 0 1120 2 1585267068834419257 1585267068834419250 3 0 5 0 2330 2 30 1224979098644774918 2322 2 31 1224979098644774912 4 0 31 2 144115188075856191 0 1120 2 1585267068834419258 1585267068834419250 3 0 3 0 5 0 2136 3 1224979098644774920 0 110 2147483678 2 1224979098644774920 1224979098644774916 540 3 0 183 13 560 3 2431 19 30 521 3 1224979098644774921 26 25 2133 2 1224979098644774922 80 2107 2 1224979098644774921 -1 2105 2 1224979098644774922 1224979098644774921 2136 3 1224979098644774923 0 160 4 0 2147483678 2 1224979098644774923 1224979098644774922 2322 2 31 1224979098644774912 1107 1 0 1 3 702 -3 0 1107 1 1 4 0 31 2 144115188075856191 0 1120 2 1585267068834419259 1585267068834419250 3 0 5 0 2322 2 31 1224979098644774912 4 0 31 2 144115188075856191 0 1120 2 1585267068834419260 1585267068834419250 3 0 3 0 3 0 3 0 2133 2 72057594037927936 1224979098644774914 
24.000000  65 1 2 865 17 4 0 2147483679 2 144115188075856856 1 2147483848 1 44 2147484208 3 0 8 1 2147484208 3 0 30 781 2133 2 1224979098644774912 -1 2133 2 1224979098644774913 120 6 3 1224979098644774914 1051 1209 2147484208 3 1224979098644774914 2 11 2147484188 3 0 34 1224979098644774914 1073742384 3 1224979098644774914 5 2 540 3 1224979098644774914 41 0 2147484188 3 1224979098644774914 5 4 540 3 1224979098644774914 37 0 2147484188 3 1224979098644774914 30 0 2147484188 3 0 30 1224979098644774914 520 3 1224979098644774915 1224979098644774914 12 33 3 1224979098644774915 21 153 1 3 431 0 1224979098644774914 32 2 72057594037927936 5 2270 1 1224979098644774916 520 3 1224979098644774917 1224979098644774914 4 2106 2 1224979098644774916 1224979098644774917 32 2 1224979098644774916 1224979098644774913 2133 2 1224979098644774913 1224979098644774916 2133 2 1224979098644774912 1224979098644774914 2133 2 1224979098644774918 1224979098644774915 3 0 4 0 32 2 1224979098644774912 0 1 4 227 279 1224979098644774912 1224979098644774918 3 0 5 0 31 2 144115188075856856 1 2147483848 1 44 2147484208 3 0 8 1 2133 2 1224979098644774912 -1 2133 2 1224979098644774913 96 6 3 1224979098644774914 1051 1209 2147484208 3 1224979098644774914 2 11 2147484188 3 0 34 1224979098644774914 1073742384 3 1224979098644774914 5 2 540 3 1224979098644774914 41 0 2147484188 3 1224979098644774914 5 4 2147484188 3 1224979098644774914 30 0 2147484188 3 0 30 1224979098644774914 540 3 1224979098644774914 37 0 520 3 1224979098644774915 1224979098644774914 12 33 3 1224979098644774915 21 153 1 3 431 0 1224979098644774914 32 2 72057594037927936 -20 2270 1 1224979098644774916 520 3 1224979098644774917 1224979098644774914 4 2106 2 1224979098644774916 1224979098644774917 32 2 1224979098644774916 1224979098644774913 2133 2 1224979098644774913 1224979098644774916 2133 2 1224979098644774912 1224979098644774914 2133 2 1224979098644774918 1224979098644774915 3 0 4 0 32 2 1224979098644774912 0 1 4 227 279 1224979098644774912 1224979098644774918 3 0 3 0 
1.000000  20 1 2 865 18 33 3 144115188075856267 153 408 4 0 2147483679 2 144115188075855936 0 2133 2 144115188075856267 0 5 0 1073742365 3 144115188075856267 32 2 541 3 144115188075856267 32 4 1300 1 144115188075856267 1030 1 0 2133 2 144115188075856267 0 2133 2 144115188075856270 1 5 0 541 3 144115188075856267 32 1 1031 3 3 5 1 5 0 1030 3 0 0 0 2133 2 144115188075856267 0 2133 2 144115188075856270 0 3 0 
0.250000  16 1 2 865 19 33 3 144115188075856267 153 408 2281 3 1224979098644774912 144115188075856267 0 4 0 32 2 1224979098644774912 4 2342 2 1 144115188075856267 1106 1 1585267068834419261 1 3 191 144115188075856177 0 501 3 144115188075856177 31 -1 2133 2 144115188075856267 0 1030 3 0 0 0 5 0 30 2 1224979098644774912 2 37 0 2060 1 160 3 0 
168.000000  91 1 2 865 20 4 0 31 2 144115188075856034 1 1106 1 1585267068834419262 4 0 2147484208 3 0 7 800 1 3 207 0 2 3 0 5 0 31 2 144115188075856034 2 1106 1 1585267068834419263 4 0 2147484208 3 0 7 800 1 3 207 0 5 3 0 5 0 31 2 144115188075856034 3 1106 1 1585267068834419264 4 0 2147484208 3 0 7 800 1 3 207 0 8 3 0 3 0 4 0 560 3 0 30 1 520 3 1224979098644774912 0 30 540 3 1224979098644774912 184 3 1106 1 1585267068834419265 4 0 2147484208 3 0 7 800 1 3 207 0 5 3 0 4 0 30 2 144115188075856897 -50 1 2 215 -1 3 0 4 0 33 3 144115188075856921 25 53 542 3 144115188075856921 9 13 2136 3 1224979098644774913 0 10 30 2 1224979098644774913 4 1 3 702 1 1 3 0 3 0 4 0 2136 3 72057594037927959 1 101 2147483678 2 72057594037927959 30 32 2 144115188075856000 40 2133 2 1224979098644774914 0 6 3 1224979098644774915 21 153 521 3 1224979098644774916 1224979098644774915 268 521 3 1224979098644774917 1224979098644774915 264 521 3 1224979098644774918 1224979098644774915 265 521 3 1224979098644774919 1224979098644774915 284 2112 3 1224979098644774919 0 2 2105 2 1224979098644774914 1224979098644774917 2105 2 1224979098644774914 1224979098644774918 2105 2 1224979098644774914 1224979098644774916 2105 2 1224979098644774914 1224979098644774919 3 0 32 2 1224979098644774914 10 2107 2 1224979098644774914 72057594037927959 2108 2 1224979098644774914 100 2112 3 1224979098644774914 1 5 2106 2 144115188075856000 1224979098644774914 1106 2 1585267068834419266 13434828 3 0 4 0 32 2 144115188075856000 20 2136 3 72057594037927959 0 100 2147483678 2 72057594037927959 45 31 2 144115188075856322 1 2106 2 144115188075856000 1 1106 2 1585267068834419267 13434828 3 0 4 0 2147483678 2 144115188075856000 70 2136 3 72057594037927959 0 100 30 2 72057594037927959 75 31 2 144115188075856320 1 2105 2 144115188075856000 1 1106 2 1585267068834419268 16764108 3 0 4 0 30 2 144115188075856000 5 2136 3 72057594037927959 0 100 30 2 72057594037927959 70 31 2 144115188075856323 1 2105 2 144115188075856000 1 1106 2 1585267068834419269 13434828 3 0 
24.000000  17 1 2 865 21 2147483680 2 144115188075855916 0 32 2 144115188075856921 0 2147483679 2 144115188075856921 25 31 2 144115188075856026 0 520 3 1224979098644774912 0 30 2133 2 1224979098644774913 0 4 0 33 3 1224979098644774912 781 1051 2173 2 1224979098644774914 1224979098644774912 31 2 1224979098644774914 144115188075856921 2133 2 1224979098644774913 1 3 0 31 2 1224979098644774913 0 2272 1 1224979098644774915 32 2 1224979098644774915 144115188075856051 2060 1 132 
180.000000  20 1 2 865 22 4 0 542 3 144115188075856921 223 1 562 3 144115188075856921 43 1000000 542 3 144115188075856921 10 0 32 2 144115188075855973 1 2147484208 3 144115188075855973 150 1 2060 1 669 5 0 542 3 144115188075856921 223 1 562 3 144115188075856921 43 750000 542 3 144115188075856921 10 0 32 2 144115188075855973 1 2147484208 3 144115188075855973 150 1 2060 1 668 3 0 4 0 2106 2 144115188075856858 1 2111 2 144115188075856858 0 3 0 
72.000000  18 1 2 865 23 2133 2 144115188075856073 0 2133 2 144115188075856983 0 542 3 144115188075856921 10 0 4 0 542 3 144115188075856921 223 1 562 3 144115188075856921 43 750000 2147483678 2 144115188075856000 100 1106 2 1585267068834419270 16764108 2105 2 144115188075856000 1 1 2 476 -1 5 0 30 2 144115188075855949 25000 542 3 144115188075856921 223 0 542 3 144115188075856921 14 0 1106 2 1585267068834419271 16764108 1 2 476 -2 3 0 
4.000000  6 1 2 865 24 2133 2 144115188075856072 1 4 0 560 3 0 30 781 2133 2 144115188075856047 1 3 0 
24.000000  7 1 2 865 25 31 2 144115188075856047 1 540 3 0 13 0 2147483680 2 144115188075855916 0 2133 2 144115188075856182 0 2133 2 144115188075856143 -1 2060 1 345 
24.000000  18 1 2 865 26 1 1 217 2133 2 1224979098644774912 72057594037927936 1671 2 1224979098644774913 0 2121 3 1224979098644774914 1224979098644774912 1224979098644774913 2123 3 1224979098644774915 1224979098644774914 5 2122 3 1224979098644774916 1224979098644774915 5 4 0 2147483679 2 1224979098644774916 1224979098644774914 4 0 32 2 1224979098644774914 0 2105 2 1224979098644774915 1 5 0 2106 2 1224979098644774915 1 3 0 3 0 2105 2 1224979098644774913 1224979098644774915 1672 2 0 1224979098644774913 
0.186047  19 1 2 865 27 2136 3 1224979098644774912 21 408 2133 2 1224979098644774913 72057594037927936 1 2 362 1224979098644774912 2133 2 1224979098644774914 72057594037927936 521 3 1224979098644774915 1224979098644774912 46 4 0 32 2 1224979098644774915 1224979098644774914 2136 3 1224979098644774916 1 3 2107 2 1224979098644774916 -1 1 3 361 1224979098644774912 1224979098644774916 2105 2 144115188075856989 1224979098644774916 5 0 2147483678 2 1224979098644774915 1224979098644774914 2136 3 1224979098644774916 1 3 1 3 361 1224979098644774912 1224979098644774916 2105 2 144115188075856989 1224979098644774916 3 0 2133 2 72057594037927936 1224979098644774913 
1.272727  31 1 2 865 28 2136 3 1224979098644774912 21 153 4 0 521 3 1224979098644774913 1224979098644774912 7 30 2 1224979098644774913 1 2133 2 1224979098644774914 144115188075855893 2133 2 1224979098644774915 72057594037927936 2133 2 144115188075855893 741 1651 2 1224979098644774916 1224979098644774912 7 3 1224979098644774917 0 1224979098644774916 1656 3 1224979098644774918 1224979098644774912 1224979098644774917 2147485155 1 1224979098644774918 1657 3 1224979098644774919 1224979098644774912 1224979098644774917 2136 3 1224979098644774920 50 101 2107 2 1224979098644774919 1224979098644774920 2108 2 1224979098644774919 100 1616 3 1224979098644774912 1224979098644774918 1224979098644774919 1 2 23 1224979098644774918 2122 3 1224979098644774921 1224979098644774919 72057594037927936 4 0 561 3 1224979098644774912 89 741 2107 2 1224979098644774921 2 2108 2 1224979098644774921 3 3 0 2105 2 72057594037927981 1224979098644774921 2105 2 72057594037927980 1224979098644774919 1 3 1038 1224979098644774921 1224979098644774913 3 0 2133 2 144115188075855893 1224979098644774914 2133 2 72057594037927936 1224979098644774915 3 0 
1.272727  116 1 2 865 29 4 0 2147483681 3 144115188075856990 21 153 2133 2 144115188075856990 21 3 0 4 0 561 3 144115188075856990 7 0 541 3 144115188075856990 50 -1 2133 2 1224979098644774912 72057594037927936 521 3 1224979098644774913 144115188075856990 45 521 3 1224979098644774914 144115188075856990 46 2105 2 1224979098644774914 20 4 0 541 3 144115188075856990 0 2 2107 2 1224979098644774914 100 5 0 2107 2 1224979098644774914 200 3 0 2105 2 1224979098644774914 7500 2105 2 1224979098644774913 1224979098644774914 2133 2 1224979098644774915 0 6 3 1224979098644774916 381 385 521 3 1224979098644774917 144115188075856990 1224979098644774916 1 7 818 144115188075856990 1224979098644774917 1224979098644774916 -1 -1 0 2105 2 1224979098644774915 72057594037927941 3 0 2106 2 1224979098644774913 1224979098644774915 521 3 1224979098644774918 144115188075856990 7 4 0 30 2 1224979098644774918 1 2133 2 1224979098644774919 0 6 3 1224979098644774916 385 406 521 3 1224979098644774917 144115188075856990 1224979098644774916 1 7 818 144115188075856990 1224979098644774917 1224979098644774916 -1 -1 0 2105 2 1224979098644774919 72057594037927941 3 0 2108 2 1224979098644774919 2 4 0 2204 2 1224979098644774920 144115188075856990 542 3 1224979098644774920 223 1 1 4 838 265 1224979098644774920 1224979098644774919 5 0 1 3 1039 1224979098644774919 1224979098644774918 3 0 4 0 30 2 144115188075856193 1 2133 2 72057594037927937 1224979098644774919 2322 2 1 1224979098644774918 2330 2 2 144115188075856990 1106 1 1585267068834419272 2157 2 72057594037927937 144115188075856990 2330 2 2 144115188075856990 1106 1 1585267068834419273 3 0 2133 2 1224979098644774921 0 6 3 1224979098644774916 385 406 560 3 1224979098644774918 11 10000 521 3 1224979098644774917 144115188075856990 1224979098644774916 1 7 818 144115188075856990 1224979098644774917 1224979098644774916 -1 1224979098644774918 1 2105 2 1224979098644774921 72057594037927942 3 0 4 0 30 2 144115188075856193 1 2133 2 72057594037927937 1224979098644774921 2322 2 1 1224979098644774918 2330 2 2 144115188075856990 1106 1 1585267068834420117 2157 2 72057594037927937 144115188075856990 2330 2 2 144115188075856990 1106 1 1585267068834419275 3 0 4 0 2147483678 2 1224979098644774913 0 4 0 520 3 1224979098644774922 1224979098644774918 11 2133 2 1224979098644774923 35000 4 0 1073742384 3 1224979098644774918 178 1 560 3 1224979098644774918 179 1 2133 2 1224979098644774923 50000 3 0 30 2 1224979098644774922 1224979098644774923 2105 2 1224979098644774913 2500 2106 2 1224979098644774922 2500 4 0 30 2 1224979098644774922 50000 2105 2 1224979098644774913 5000 2106 2 1224979098644774922 5000 3 0 500 3 1224979098644774918 11 1224979098644774922 2322 2 33 1224979098644774918 2330 2 34 144115188075856990 1106 1 1585267068834419276 3 0 2147483678 2 1224979098644774913 0 2121 3 1224979098644774924 0 1224979098644774913 2107 2 1224979098644774924 100 2108 2 1224979098644774924 1224979098644774915 2108 2 1224979098644774924 5 1 3 464 144115188075856990 1224979098644774924 3 0 3 0 2112 3 1224979098644774913 0 75001 501 3 144115188075856990 45 1224979098644774913 4 0 30 2 144115188075856193 1 2147483680 2 1224979098644774914 1224979098644774915 2133 2 72057594037927985 1224979098644774915 2133 2 72057594037927986 1224979098644774913 2133 2 72057594037927987 1224979098644774914 2330 2 50 144115188075856990 1106 1 1585267068834419277 3 0 2133 2 72057594037927936 1224979098644774912 3 0 2105 2 144115188075856990 1 
6.000000  22 1 2 865 30 2272 1 1224979098644774912 4 0 2147483679 2 1224979098644774912 144115188075856991 2133 2 144115188075856991 1224979098644774912 4 0 31 2 144115188075856992 1 2105 2 144115188075856584 1 3 0 2133 2 144115188075856992 1 3 0 2133 2 1224979098644774913 0 4 0 2147483685 0 33 3 144115188075856272 21 408 1073742385 3 144115188075856272 272 1 33 3 144115188075856272 21 153 2133 2 1224979098644774913 1 3 0 1 1 641 31 2 1224979098644774913 0 2133 2 144115188075856992 0 
1.714286  18 1 2 865 31 4 0 2147483681 3 144115188075856993 25 53 2133 2 144115188075856993 25 3 0 4 0 542 3 144115188075856993 14 0 522 3 1224979098644774912 144115188075856993 10 1073742364 3 1224979098644774912 2 2 540 3 1224979098644774912 2 6 562 3 144115188075856993 45 1 2147484208 3 1224979098644774912 170 1 1073742364 3 1224979098644774912 170 -1 2147483679 2 144115188075856921 144115188075856993 1 2 469 1224979098644774912 500 3 1224979098644774912 170 72057594037927936 3 0 2105 2 144115188075856993 1 
0.857143  132 1 2 865 32 4 0 2147483681 3 144115188075856994 25 53 2133 2 144115188075856994 25 3 0 4 0 542 3 144115188075856994 14 0 6 3 1224979098644774912 25 53 2147483679 2 144115188075856994 1224979098644774912 542 3 1224979098644774912 14 0 2120 3 1224979098644774913 1224979098644774912 70 2106 2 1224979098644774913 25 522 3 1224979098644774914 144115188075856994 1224979098644774913 4 0 32 2 1224979098644774914 86 542 3 1224979098644774912 68 144115188075856994 4 0 542 3 144115188075856994 223 1 1 4 838 274 144115188075856994 1500 522 3 1224979098644774915 1224979098644774912 10 33 3 1224979098644774915 781 1051 1 3 619 1224979098644774915 -1500 5 0 522 3 1224979098644774916 144115188075856994 10 33 3 1224979098644774916 781 1051 1 3 619 1224979098644774916 1500 522 3 1224979098644774915 1224979098644774912 10 33 3 1224979098644774915 781 1051 1 3 619 1224979098644774915 -1500 3 0 3 0 4 0 30 2 1224979098644774914 1 4 0 31 2 1224979098644774914 1 1 2 328 144115188075856994 2147483678 2 144115188075856994 1224979098644774912 4 0 1073741855 2 144115188075856994 144115188075856921 31 2 1224979098644774912 144115188075856921 1 4 227 233 144115188075856994 1224979098644774912 3 0 5 0 31 2 1224979098644774914 86 1 2 328 144115188075856994 2147483678 2 144115188075856994 1224979098644774912 4 0 542 3 144115188075856994 68 1224979098644774912 1 4 227 309 144115188075856994 1224979098644774912 5 0 542 3 1224979098644774912 68 144115188075856994 1 4 227 309 1224979098644774912 144115188075856994 3 0 502 3 144115188075856994 68 0 502 3 1224979098644774912 68 0 5 0 31 2 1224979098644774914 66 1 2 328 144115188075856994 2147483678 2 144115188075856994 1224979098644774912 4 0 31 2 144115188075856171 1 1 4 227 310 144115188075856994 1224979098644774912 3 0 5 0 31 2 1224979098644774914 46 1 2 328 144115188075856994 2147483678 2 144115188075856994 1224979098644774912 4 0 31 2 144115188075856171 1 1 4 227 311 144115188075856994 1224979098644774912 3 0 5 0 31 2 1224979098644774914 26 1 2 328 144115188075856994 2147483678 2 144115188075856994 1224979098644774912 4 0 31 2 144115188075856171 1 1 4 227 312 144115188075856994 1224979098644774912 3 0 3 0 2106 2 1224979098644774914 1 502 3 144115188075856994 1224979098644774913 1224979098644774914 3 0 2120 3 1224979098644774917 1224979098644774912 100 2106 2 1224979098644774917 25 522 3 1224979098644774918 144115188075856994 1224979098644774917 4 0 30 2 1224979098644774918 1 4 0 2190 3 1224979098644774919 144115188075856994 1224979098644774912 2147483678 2 1224979098644774919 0 502 3 144115188075856994 1224979098644774917 0 5 0 31 2 1224979098644774918 1 4 0 200 1 142 1073742370 3 142 11 8 546 3 142 11 7 546 3 142 2 982 1073741855 2 144115188075856994 32 31 2 144115188075856994 25 1 4 227 237 144115188075856994 1224979098644774912 5 0 30 2 1224979098644774914 1 1 4 227 242 144115188075856994 1224979098644774912 5 0 4 0 542 3 144115188075856994 10 0 1 4 227 238 144115188075856994 1224979098644774912 5 0 1 4 227 244 144115188075856994 1224979098644774912 3 0 3 0 502 3 144115188075856994 1224979098644774917 0 5 0 2106 2 1224979098644774918 1 502 3 144115188075856994 1224979098644774917 1224979098644774918 3 0 3 0 4 0 2190 3 1224979098644774919 144115188075856994 1224979098644774912 2147483678 2 1224979098644774919 0 2120 3 1224979098644774920 1224979098644774912 130 2106 2 1224979098644774920 25 522 3 1224979098644774921 144115188075856994 1224979098644774920 2105 2 1224979098644774921 1 502 3 144115188075856994 1224979098644774920 1224979098644774921 3 0 3 0 1 2 328 144115188075856994 3 0 2105 2 144115188075856994 1 
3.000000  42 1 2 865 33 2133 2 1224979098644774912 72057594037927936 2271 1 1224979098644774913 2272 1 1224979098644774914 2109 2 1224979098644774914 8 2121 3 1224979098644774915 408 73 2108 2 1224979098644774915 23 2122 3 1224979098644774916 1224979098644774913 1224979098644774915 2105 2 1224979098644774916 73 2120 3 1224979098644774917 1224979098644774916 1224979098644774915 2110 2 1224979098644774917 408 6 3 1224979098644774918 1224979098644774916 1224979098644774917 2119 3 72057594037927936 1224979098644774918 8 31 2 72057594037927936 1224979098644774914 2136 3 1224979098644774919 73 408 2204 2 1224979098644774920 1224979098644774918 2204 2 1224979098644774921 1224979098644774919 2147483679 2 1224979098644774918 1224979098644774919 2147483679 2 1224979098644774920 1224979098644774921 1 3 454 1224979098644774921 1224979098644774920 30 2 72057594037927936 0 2133 2 1224979098644774922 0 4 0 540 3 2131 73 -1 542 3 1224979098644774920 9 13 542 3 1224979098644774921 9 13 2133 2 1224979098644774922 1 3 0 31 2 1224979098644774922 0 4 0 541 3 1224979098644774918 57 1224979098644774921 1 4 227 247 1224979098644774918 -1 5 0 541 3 1224979098644774918 58 1224979098644774921 1 4 227 247 1224979098644774918 -1 5 0 2281 3 1224979098644774923 1224979098644774918 1224979098644774919 2147483678 2 1224979098644774923 25 1 4 227 247 1224979098644774918 1224979098644774919 3 0 3 0 2133 2 72057594037927936 1224979098644774912 
0.270000  61 1 2 865 34 2133 2 1224979098644774912 72057594037927936 2136 3 1224979098644774913 781 1051 4 0 520 3 1224979098644774914 1224979098644774913 181 30 2 1224979098644774914 0 520 3 1224979098644774915 1224979098644774913 7 4 0 30 2 1224979098644774915 600 2133 2 1224979098644774916 60 5 0 33 3 1224979098644774915 400 600 2133 2 1224979098644774916 40 5 0 2133 2 1224979098644774916 20 3 0 4 0 33 3 144115188075856897 -10 10 5 0 30 2 144115188075856897 100 2106 2 1224979098644774916 30 5 0 30 2 144115188075856897 50 2106 2 1224979098644774916 20 5 0 30 2 144115188075856897 10 2106 2 1224979098644774916 10 5 0 2147483678 2 144115188075856897 10 2105 2 1224979098644774916 10 3 0 2322 2 44 1224979098644774914 2322 2 45 1224979098644774913 2136 3 1224979098644774917 0 100 4 0 2147483678 2 1224979098644774917 1224979098644774916 1120 2 1585267068834419279 1585267068834419250 1 2 215 -20 500 3 1224979098644774913 181 -1 1 5 740 1224979098644774913 -1 15 0 5 0 1120 2 1585267068834419280 1585267068834419250 1 2 215 -5 500 3 1224979098644774913 181 -1 1 5 740 1224979098644774913 -1 8 0 3 0 3 0 500 3 1224979098644774913 79 0 4 0 540 3 1224979098644774913 2 2 520 3 1224979098644774918 1224979098644774913 10 32 2 1224979098644774918 408 132 1 1224979098644774918 2136 3 1224979098644774919 0 100 2147483680 2 1224979098644774919 36 2170 3 1224979098644774920 17 1224979098644774913 2105 2 1224979098644774920 5 2122 3 1224979098644774921 1224979098644774920 2500 1673 3 1224979098644774918 1224979098644774921 0 3 0 2133 2 72057594037927936 1224979098644774912 
0.363636  8 1 2 865 35 2136 3 1224979098644774912 21 153 521 3 1224979098644774913 1224979098644774912 7 2147483679 2 1224979098644774913 0 2133 2 1224979098644774914 3000 2136 3 1224979098644774915 0 100 2147483680 2 1224979098644774915 33 1673 3 1224979098644774912 1224979098644774914 0 
24.000000  2 1 2 865 36 1 1 193 
2.000000  2 1 2 865 37 1 1 192 
6.600000  1 1 2 865 38 
24.000000  31 1 2 865 39 520 3 1224979098644774912 0 166 2136 3 1224979098644774913 0 3 2106 2 1224979098644774912 1224979098644774913 2111 2 1224979098644774912 0 500 3 0 166 1224979098644774912 2157 2 1224979098644774914 0 32 2 1224979098644774914 50 1671 2 1224979098644774915 0 2147483678 2 1224979098644774915 40 1540 2 1224979098644774916 0 2170 3 1224979098644774917 12 0 2105 2 1224979098644774917 100 6 3 1224979098644774918 0 1224979098644774916 1541 3 1224979098644774919 0 1224979098644774918 30 2 1224979098644774919 0 4 0 1073741855 2 1224979098644774919 77 1073741855 2 1224979098644774919 69 1073741855 2 1224979098644774919 72 1073741855 2 1224979098644774919 73 1073741855 2 1224979098644774919 76 31 2 1224979098644774919 94 2136 3 1224979098644774920 0 1224979098644774917 2147483680 2 1224979098644774920 5 1531 2 0 1224979098644774919 2325 2 33 1224979098644774919 2320 2 22 1585267068834419281 1106 2 216172782113790996 16764108 3 0 3 0 
4.000000  2 1 2 865 40 1 1 424 
0.622222  133 1 2 865 41 2133 2 1224979098644774912 72057594037927936 2105 2 144115188075856995 1 4 0 2147483681 3 144115188075856995 780 1051 2133 2 144115188075856995 780 3 0 2147484188 3 144115188075856995 2 15 4 0 2133 2 1224979098644774913 144115188075856995 4 0 31 2 1224979098644774913 780 2133 2 1224979098644774913 0 2133 2 1224979098644774914 144115188075856921 5 0 2173 2 1224979098644774914 1224979098644774913 3 0 4 0 31 2 144115188075856193 1 2322 2 9 1224979098644774913 1106 1 1585267068834419282 3 0 4 0 542 3 1224979098644774914 223 0 2133 2 72057594037927936 1 6 3 1224979098644774915 21 408 541 3 1224979098644774915 7 1224979098644774913 4 0 33 3 1224979098644774915 21 73 2105 2 72057594037927936 3 5 0 33 3 1224979098644774915 21 153 2105 2 72057594037927936 2 5 0 2105 2 72057594037927936 1 3 0 3 0 500 3 1224979098644774913 56 72057594037927936 31 2 72057594037927936 1 540 3 1224979098644774913 2 2 2147483679 2 1224979098644774913 0 522 3 1224979098644774916 1224979098644774914 10 32 2 1224979098644774916 -1 2147483679 2 1224979098644774916 1224979098644774913 2147484188 3 1224979098644774916 30 1224979098644774913 2147484188 3 1224979098644774913 30 1224979098644774916 2147484208 3 1224979098644774913 11 80000 520 3 1224979098644774917 1224979098644774913 52 4 0 1073741855 2 1224979098644774917 2 1073741855 2 1224979098644774917 3 1073741855 2 1224979098644774917 4 31 2 1224979098644774917 5 4 0 31 2 1224979098644774914 25 2322 2 55 1224979098644774913 1106 2 1585267068834419283 16764108 3 0 1 4 430 1224979098644774913 1224979098644774916 -2 2105 2 144115188075856996 -2 5 0 31 2 1224979098644774917 1 4 0 31 2 1224979098644774914 25 2322 2 55 1224979098644774913 1106 2 1585267068834419283 16764108 3 0 1 4 430 1224979098644774913 1224979098644774916 -1 2105 2 144115188075856996 -1 3 0 3 0 4 0 2147483680 2 144115188075856311 0 542 3 1224979098644774914 223 1 4 0 560 3 1224979098644774913 165 750 2204 2 1224979098644774918 26 31 2 1224979098644774918 1224979098644774914 4 0 2147483848 1 148 31 2 1224979098644774913 0 1 4 227 1196 0 0 5 0 2147483679 2 1224979098644774913 0 4 0 542 3 1224979098644774914 10 0 1 4 227 1194 1224979098644774913 0 5 0 1 4 227 1195 1224979098644774913 0 3 0 3 0 5 0 560 3 1224979098644774913 165 1 1 3 910 1224979098644774913 -1 3 0 3 0 4 0 2147484188 3 1224979098644774913 2 15 2147484188 3 1224979098644774913 2 6 6 3 1224979098644774919 781 1051 2147483679 2 1224979098644774919 1224979098644774913 2147484188 3 1224979098644774919 2 6 2147484188 3 1224979098644774919 2 15 3221225503 2 1224979098644774913 0 560 3 1224979098644774913 5 1 1 3 431 1224979098644774913 1224979098644774919 2147483678 2 72057594037927936 0 2121 3 1224979098644774920 0 72057594037927936 2136 3 1224979098644774921 0 200 2147483678 2 1224979098644774921 1224979098644774920 1 4 430 1224979098644774913 1224979098644774919 1 2105 2 144115188075856997 1 3 0 2147483679 2 1224979098644774913 0 540 3 1224979098644774913 2 14 520 3 1224979098644774922 1224979098644774913 14 32 2 1224979098644774922 0 6 3 1224979098644774919 781 1051 2147483679 2 1224979098644774919 1224979098644774913 2147484188 3 1224979098644774919 2 6 2147484188 3 1224979098644774919 2 15 540 3 1224979098644774919 14 1224979098644774922 1 3 431 1224979098644774913 1224979098644774919 2147483678 2 72057594037927936 0 2121 3 1224979098644774920 0 72057594037927936 2136 3 1224979098644774921 0 200 2147483678 2 1224979098644774921 1224979098644774920 1 4 430 1224979098644774913 1224979098644774919 1 2105 2 144115188075856997 1 3 0 3 0 3 0 2133 2 72057594037927936 1224979098644774912 
1.000000  2 1 2 865 42 1 1 195 
1.000000  2 1 2 865 43 1 1 200 
1.000000  4 1 2 865 44 6 3 1224979098644774912 781 1051 1 2 196 1224979098644774912 3 0 
0.008333  142 1 2 865 45 2133 2 1224979098644774912 72057594037927936 2133 2 1224979098644774913 72057594037927937 2136 3 1224979098644774914 21 153 4 0 521 3 1224979098644774915 1224979098644774914 50 32 2 1224979098644774915 0 132 1 1224979098644774915 2204 2 1224979098644774916 1224979098644774915 561 3 1224979098644774914 50 1 521 3 1224979098644774917 1224979098644774914 60 2270 1 1224979098644774918 2121 3 1224979098644774917 1224979098644774918 1224979098644774917 2133 2 1224979098644774919 0 2133 2 1224979098644774920 0 2133 2 1224979098644774921 0 2133 2 1224979098644774922 0 6 3 1224979098644774923 781 1051 540 3 1224979098644774923 2 2 2147484208 3 1224979098644774923 8 0 520 3 1224979098644774924 1224979098644774923 10 32 2 1224979098644774924 0 132 1 1224979098644774924 2173 2 1224979098644774925 1224979098644774923 31 2 1224979098644774925 1224979098644774916 1680 2 1224979098644774926 1224979098644774914 2133 2 1224979098644774927 -1 4 0 132 1 1224979098644774926 2204 2 1224979098644774927 1224979098644774926 2190 3 72057594037927936 1224979098644774927 1224979098644774925 3 0 1073741855 2 1224979098644774927 -1 30 2 72057594037927936 5 2133 2 1224979098644774928 0 4 0 541 3 1224979098644774924 4 1 541 3 1224979098644774924 5 1224979098644774914 2133 2 1224979098644774928 1 5 0 541 3 1224979098644774924 4 11 521 3 1224979098644774929 1224979098644774924 5 32 2 1224979098644774929 0 132 1 1224979098644774929 541 3 1224979098644774929 4 1 541 3 1224979098644774929 5 1224979098644774914 2133 2 1224979098644774928 1 3 0 31 2 1224979098644774928 1 1680 2 1224979098644774930 1224979098644774924 3221225502 2 1224979098644774930 0 31 2 1224979098644774930 1224979098644774914 4 0 542 3 1224979098644774916 7 1224979098644774923 2133 2 1224979098644774922 1 3 0 1 2 85 1224979098644774924 4 0 30 2 144115188075856756 0 1 5 1036 1224979098644774924 -2 0 0 3 0 2105 2 1224979098644774921 72057594037927936 3 0 4 0 32 2 1224979098644774921 0 1662 2 1224979098644774914 15 1 2 85 15 4 0 30 2 144115188075856756 0 1 5 1036 15 -2 0 0 3 0 2133 2 1224979098644774931 72057594037927936 4 0 31 2 144115188075856061 1224979098644774914 31 2 144115188075855936 0 1 2 85 0 4 0 30 2 144115188075856756 0 1 5 1036 15 -2 0 0 3 0 2105 2 1224979098644774931 72057594037927936 2107 2 1224979098644774921 2 3 0 521 3 1224979098644774932 1224979098644774914 61 2105 2 1224979098644774932 100 2107 2 1224979098644774931 1224979098644774932 2108 2 1224979098644774931 100 2111 2 1224979098644774931 1 4 0 31 2 1224979098644774922 1 31 2 1224979098644774916 144115188075856921 200 1 17 2107 2 1224979098644774921 2 3 0 2122 3 1224979098644774933 1224979098644774921 100 2108 2 1224979098644774933 1224979098644774931 2121 3 1224979098644774934 1224979098644774933 250 4 0 32 2 1224979098644774934 -100 2123 3 1224979098644774935 1224979098644774917 2 2105 2 1224979098644774934 1224979098644774935 3 0 2108 2 1224979098644774934 5 2111 2 1224979098644774934 0 2121 3 1224979098644774936 175 1224979098644774933 2111 2 1224979098644774936 0 4 0 2136 3 1224979098644774937 0 100 2147483678 2 1224979098644774937 1224979098644774934 32 2 1224979098644774917 24 2133 2 1224979098644774919 1 5 0 2136 3 1224979098644774937 0 100 2147483678 2 1224979098644774937 1224979098644774936 2133 2 1224979098644774920 1 3 0 5 0 2133 2 1224979098644774920 1 3 0 4 0 31 2 1224979098644774919 1 1 2 202 1224979098644774914 5 0 31 2 1224979098644774920 1 6 3 1224979098644774923 781 1051 540 3 1224979098644774923 2 2 2147484208 3 1224979098644774923 8 0 520 3 1224979098644774924 1224979098644774923 10 32 2 1224979098644774924 0 132 1 1224979098644774924 541 3 1224979098644774924 4 1 541 3 1224979098644774924 5 1224979098644774914 541 3 1224979098644774924 8 1 1 4 197 1224979098644774924 -1 -1 1 4 197 1224979098644774924 1 1224979098644774914 2270 1 1224979098644774918 501 3 1224979098644774914 60 1224979098644774918 3 0 3 0 3 0 2133 2 72057594037927936 1224979098644774912 2133 2 72057594037927937 1224979098644774913 
6.600000  2 1 2 865 46 2133 2 144115188075855927 1 
0.110000  12 1 2 865 47 31 2 144115188075855927 1 2133 2 144115188075855927 0 1 1 221 6 3 1224979098644774912 25 53 542 3 1224979098644774912 14 0 1 2 204 1224979098644774912 3 0 6 3 1224979098644774913 781 1051 540 3 1224979098644774913 2 2 1 2 222 1224979098644774913 3 0 
24.000000  17 1 2 865 48 1 1 609 1 2 225 1 4 0 31 2 144115188075856193 4 6 3 1224979098644774912 781 1051 2173 2 1224979098644774913 1224979098644774912 2147484190 3 1224979098644774913 4 0 2147484190 3 1224979098644774913 4 6 2147484190 3 1224979098644774913 4 1 520 3 1224979098644774914 1224979098644774912 10 132 1 1224979098644774914 2105 2 144115188075856945 1 541 3 1224979098644774914 4 11 2105 2 144115188075856998 1 3 0 3 0 
36.000000  7 1 2 865 49 6 3 1224979098644774912 781 1051 500 3 1224979098644774912 20 0 3 0 6 3 1224979098644774912 1752 2007 500 3 1224979098644774912 20 0 3 0 
0.658824  3 1 2 865 50 2136 3 1224979098644774912 153 408 1 2 189 1224979098644774912 
0.658824  4 1 2 865 51 2136 3 1224979098644774912 153 408 1 2 190 1224979098644774912 501 3 1224979098644774912 42 0 
0.658824  160 1 2 865 52 2136 3 1224979098644774912 21 408 521 3 1224979098644774913 1224979098644774912 153 521 3 1224979098644774914 1224979098644774912 154 521 3 1224979098644774915 1224979098644774912 155 521 3 1224979098644774916 1224979098644774912 156 2111 2 1224979098644774916 1 2122 3 1224979098644774917 1224979098644774913 400 2122 3 1224979098644774918 1224979098644774914 200 2122 3 1224979098644774919 1224979098644774915 200 2105 2 1224979098644774917 1224979098644774918 2105 2 1224979098644774917 1224979098644774919 2108 2 1224979098644774917 1224979098644774916 2136 3 1224979098644774920 0 100 4 0 2147483680 2 1224979098644774920 5 2110 2 1224979098644774913 10 2110 2 1224979098644774914 15 2110 2 1224979098644774915 5 521 3 72057594037927940 1224979098644774912 153 521 3 72057594037927941 1224979098644774912 154 521 3 72057594037927986 1224979098644774912 155 2106 2 72057594037927940 1224979098644774913 2106 2 72057594037927941 1224979098644774914 2106 2 72057594037927986 1224979098644774915 4 0 2147483678 2 72057594037927940 0 2133 2 72057594037927940 0 3 0 4 0 2147483678 2 72057594037927941 0 2133 2 72057594037927941 0 3 0 4 0 2147483678 2 72057594037927986 0 2133 2 72057594037927986 0 3 0 4 0 32 2 72057594037927940 0 31 2 72057594037927941 0 31 2 72057594037927986 0 541 3 1224979098644774912 7 0 32 2 144115188075855973 0 2342 2 4 1224979098644774912 1105 1 1585267068834419284 5 0 31 2 72057594037927940 0 32 2 72057594037927941 0 31 2 72057594037927986 0 541 3 1224979098644774912 7 0 32 2 144115188075855973 0 2342 2 4 1224979098644774912 1105 1 1585267068834419285 5 0 31 2 72057594037927940 0 31 2 72057594037927941 0 32 2 72057594037927986 0 541 3 1224979098644774912 7 0 32 2 144115188075855973 0 2342 2 4 1224979098644774912 1105 1 1585267068834419286 5 0 31 2 72057594037927940 0 32 2 72057594037927941 0 32 2 72057594037927986 0 541 3 1224979098644774912 7 0 32 2 144115188075855973 0 2342 2 4 1224979098644774912 1105 1 1585267068834419287 5 0 32 2 72057594037927940 0 31 2 72057594037927941 0 32 2 72057594037927986 0 541 3 1224979098644774912 7 0 32 2 144115188075855973 0 2342 2 4 1224979098644774912 1105 1 1585267068834419288 5 0 32 2 72057594037927940 0 32 2 72057594037927941 0 31 2 72057594037927986 0 541 3 1224979098644774912 7 0 32 2 144115188075855973 0 2342 2 4 1224979098644774912 1105 1 1585267068834419289 5 0 32 2 72057594037927940 0 32 2 72057594037927941 0 32 2 72057594037927986 0 541 3 1224979098644774912 7 0 32 2 144115188075855973 0 2342 2 4 1224979098644774912 1105 1 1585267068834419290 3 0 5 0 32 2 1224979098644774917 100 2107 2 1224979098644774914 90 2108 2 1224979098644774914 100 2107 2 1224979098644774913 90 2108 2 1224979098644774913 100 4 0 541 3 1224979098644774912 18 9 2107 2 1224979098644774915 90 2108 2 1224979098644774915 100 3 0 5 0 2147483678 2 1224979098644774917 30 2107 2 1224979098644774913 120 2108 2 1224979098644774913 100 2105 2 1224979098644774913 1 2107 2 1224979098644774914 120 2108 2 1224979098644774914 100 2105 2 1224979098644774914 1 4 0 541 3 1224979098644774912 18 9 2107 2 1224979098644774915 120 2108 2 1224979098644774915 100 2105 2 1224979098644774915 1 3 0 5 0 2147483678 2 1224979098644774917 60 2107 2 1224979098644774913 110 2108 2 1224979098644774913 100 2105 2 1224979098644774913 1 2107 2 1224979098644774914 110 2108 2 1224979098644774914 100 2105 2 1224979098644774914 1 4 0 541 3 1224979098644774912 18 9 2107 2 1224979098644774915 110 2108 2 1224979098644774915 100 2105 2 1224979098644774915 1 3 0 5 0 2147483678 2 1224979098644774917 100 2147483678 2 1224979098644774920 50 2107 2 1224979098644774913 105 2108 2 1224979098644774913 100 4 0 2147483680 2 1224979098644774913 20 2105 2 1224979098644774913 1 3 0 2107 2 1224979098644774914 105 2108 2 1224979098644774914 100 4 0 2147483680 2 1224979098644774914 20 2105 2 1224979098644774914 1 3 0 4 0 541 3 1224979098644774912 18 9 2107 2 1224979098644774915 105 2108 2 1224979098644774915 100 4 0 2147483680 2 1224979098644774915 20 2105 2 1224979098644774915 1 3 0 3 0 3 0 501 3 1224979098644774912 153 1224979098644774913 501 3 1224979098644774912 154 1224979098644774914 
24.000000  44 1 2 865 53 4 0 540 3 2131 26 2 31 2 144115188075856152 1 2136 3 1224979098644774912 1000 3000 1528 2 2289 1224979098644774912 3 0 4 0 540 3 2131 26 2 2105 2 144115188075856151 750 3 0 4 0 540 3 2290 9 0 1120 1 1585267068834419291 5 0 560 3 2290 9 1 520 3 1224979098644774913 2290 9 520 3 1224979098644774914 2290 1224979098644774913 2136 3 1224979098644774915 0 100 520 3 1224979098644774916 0 7 2123 3 1224979098644774917 1224979098644774916 10 4 0 1073742364 3 1224979098644774914 2 2 540 3 1224979098644774914 2 6 1 3 431 1224979098644774914 0 2133 2 1224979098644774918 72057594037927936 2105 2 1224979098644774917 1224979098644774918 2147483680 2 1224979098644774915 1224979098644774917 2322 2 40 1224979098644774914 1120 1 1585267068834419292 5 0 1073742364 3 1224979098644774914 2 2 540 3 1224979098644774914 2 6 2322 2 40 1224979098644774914 1120 1 1585267068834419293 500 3 2290 1224979098644774913 -1 5 0 2322 2 40 1224979098644774914 1120 1 1585267068834419294 500 3 2290 1224979098644774913 -1 3 0 2106 2 1224979098644774913 1 500 3 2290 9 1224979098644774913 3 0 
1.272727  9 1 2 865 54 2133 2 1224979098644774912 72057594037927936 4 0 2147483681 3 144115188075856999 21 153 2133 2 144115188075856999 21 3 0 1 2 923 144115188075856999 2133 2 72057594037927936 1224979098644774912 2105 2 144115188075856999 1 
0.622222  56 1 2 865 55 4 0 2147483678 2 144115188075857000 781 2133 2 144115188075857000 781 3 0 4 0 30 2 144115188075857000 1051 2133 2 144115188075857000 781 3 0 4 0 31 2 144115188075857000 829 560 3 144115188075857000 7 1 6 3 1224979098644774912 21 408 541 3 1224979098644774912 7 144115188075857000 2133 2 1224979098644774913 0 4 0 33 3 1224979098644774912 21 153 541 3 1224979098644774912 50 -1 2133 2 1224979098644774913 1 5 0 33 3 1224979098644774912 153 408 2147484189 3 1224979098644774912 32 1 2147484189 3 1224979098644774912 32 2 2133 2 1224979098644774913 1 3 0 31 2 1224979098644774913 1 4 0 540 3 144115188075857000 2 2 1 3 199 144115188075857000 1224979098644774912 5 0 540 3 144115188075857000 2 15 500 3 144115188075857000 7 -1 3 0 3 0 3 0 4 0 540 3 144115188075857000 2 2 2136 3 1224979098644774914 0 10000 500 3 144115188075857000 49 1224979098644774914 520 3 1224979098644774915 144115188075857000 21 4 0 33 3 1224979098644774915 1 100000 1 4 430 0 144115188075857000 -3 2322 2 15 144115188075857000 2133 2 72057594037927937 1224979098644774915 1106 1 1585267068834420118 2173 2 1224979098644774916 144115188075857000 522 3 1224979098644774917 1224979098644774916 226 2105 2 1224979098644774917 205 2107 2 1224979098644774915 1224979098644774917 2108 2 1224979098644774915 200 500 3 144115188075857000 21 1224979098644774915 3 0 1 2 178 144115188075857000 3 0 2105 2 144115188075857000 1 
0.100000  29 1 2 865 56 2133 2 1224979098644774912 72057594037927936 6 3 1224979098644774913 781 1051 540 3 1224979098644774913 2 2 520 3 1224979098644774914 1224979098644774913 10 30 2 1224979098644774914 1 132 1 1224979098644774914 1694 2 1224979098644774915 1224979098644774914 2147483678 2 1224979098644774915 1 1665 2 1224979098644774916 1224979098644774914 33 3 1224979098644774916 21 153 1 3 175 1224979098644774916 1224979098644774914 4 0 30 2 72057594037927936 0 1660 2 1224979098644774914 1224979098644774916 5 0 1640 2 1224979098644774914 0 3 0 2204 2 1224979098644774917 1224979098644774914 2204 2 1224979098644774918 1224979098644774916 31 2 1224979098644774917 1224979098644774918 1651 2 1224979098644774919 1224979098644774914 32 2 1224979098644774919 0 2133 2 144115188075855970 1 1 3 99 1224979098644774916 1224979098644774914 2133 2 144115188075855970 1 1 2 96 1224979098644774914 3 0 2133 2 72057594037927936 1224979098644774912 
0.363636  8 1 2 865 57 2136 3 1224979098644774912 21 153 2133 2 1224979098644774913 30 4 0 561 3 1224979098644774912 289 1 2133 2 1224979098644774913 2 3 0 1 3 383 1224979098644774912 1224979098644774913 
48.000000  23 1 2 865 58 2133 2 144115188075856920 0 2133 2 144115188075855958 0 4 0 546 3 119 11 0 110 1 2432 1608 2 1224979098644774912 0 1073741855 2 1224979098644774912 0 1073741855 2 1224979098644774912 6 1073741855 2 1224979098644774912 7 31 2 1224979098644774912 8 2060 1 954 3 0 4 0 541 3 0 39 0 1 3 383 0 50 3 0 6 3 1224979098644774913 2257 2260 520 3 1224979098644774914 1224979098644774913 29 32 2 1224979098644774914 0 132 1 1224979098644774914 1 3 383 1224979098644774914 40 3 0 
0.088889  58 1 2 865 59 4 0 2147483678 2 144115188075857001 781 2133 2 144115188075857001 781 3 0 4 0 30 2 144115188075857001 1051 2133 2 144115188075857001 781 3 0 4 0 4 0 520 3 1224979098644774912 144115188075857001 175 30 2 1224979098644774912 1 2106 2 1224979098644774912 1 500 3 144115188075857001 175 1224979098644774912 3 0 540 3 144115188075857001 2 2 520 3 1224979098644774913 144115188075857001 10 30 2 1224979098644774913 1 132 1 1224979098644774913 1694 2 1224979098644774914 1224979098644774913 33 3 1224979098644774914 21 408 541 3 1224979098644774914 50 -1 2147484209 3 1224979098644774914 72 1 1 2 824 1224979098644774913 2133 2 1224979098644774915 72057594037927936 6 3 1224979098644774916 10 1224979098644774915 1 4 179 144115188075857001 -1 1224979098644774916 3 0 4 0 2133 2 1224979098644774917 5000 4 0 561 3 1224979098644774914 291 1 2105 2 1224979098644774917 25000 3 0 4 0 560 3 144115188075857001 178 1 2105 2 1224979098644774917 10000 3 0 1673 3 1224979098644774913 1224979098644774917 0 3 0 3 0 4 0 520 3 1224979098644774918 144115188075857001 51 2106 2 1224979098644774918 5 2111 2 1224979098644774918 0 500 3 144115188075857001 51 1224979098644774918 3 0 4 0 520 3 1224979098644774919 144115188075857001 166 30 2 1224979098644774919 1 2136 3 1224979098644774920 1 3 2110 2 1224979098644774920 2 2106 2 1224979098644774919 1224979098644774920 2111 2 1224979098644774919 0 500 3 144115188075857001 166 1224979098644774919 3 0 2105 2 144115188075857001 1 
0.181818  30 1 2 865 60 4 0 2147483678 2 144115188075857002 21 2133 2 144115188075857002 21 3 0 4 0 30 2 144115188075857002 153 2133 2 144115188075857002 21 3 0 2133 2 1224979098644774912 72057594037927936 4 0 2147484209 3 144115188075857002 72 1 1 2 73 144115188075857002 2133 2 1224979098644774913 72057594037927936 2157 2 1224979098644774914 144115188075857002 2147483678 2 1224979098644774914 1224979098644774913 561 3 144115188075857002 7 0 541 3 144115188075857002 50 -1 2204 2 1224979098644774915 144115188075857002 33 3 1224979098644774915 25 53 521 3 1224979098644774916 144115188075857002 45 32 2 1224979098644774916 2000 6 3 1224979098644774917 381 385 521 3 1224979098644774918 144115188075857002 1224979098644774917 30 2 1224979098644774918 1 1 5 820 144115188075857002 1224979098644774918 1224979098644774917 1 3 0 3 0 2133 2 72057594037927936 1224979098644774912 2105 2 144115188075857002 1 
0.266667  75 1 2 865 61 2133 2 1224979098644774912 72057594037927936 2136 3 1224979098644774913 781 1051 4 0 540 3 1224979098644774913 2 2 2147484208 3 1224979098644774913 8 0 2173 2 1224979098644774914 1224979098644774913 4 0 1073741855 2 1224979098644774914 2 31 2 1224979098644774914 1 5 0 2147484208 3 1224979098644774913 10 1 4 0 31 2 144115188075856193 2 2322 2 4 1224979098644774913 1106 1 216172782113787495 3 0 1 3 131 1224979098644774914 1224979098644774913 33 3 72057594037927936 21 153 2133 2 1224979098644774915 72057594037927936 4 0 31 2 144115188075856193 2 2330 2 7 1224979098644774915 2322 2 0 1224979098644774913 1106 1 216172782113787496 3 0 1 3 183 1224979098644774913 1224979098644774915 4 0 31 2 144115188075856860 0 32 2 144115188075856305 0 1660 2 144115188075856305 1224979098644774915 3 0 520 3 1224979098644774916 1224979098644774913 10 1 4 197 1224979098644774916 7 1224979098644774915 5 0 2270 1 1224979098644774917 32 2 1224979098644774917 72 2133 2 1224979098644774918 0 4 0 30 2 144115188075856311 1 542 3 1224979098644774914 9 13 542 3 1224979098644774914 51 0 542 3 1224979098644774914 52 0 2133 2 1224979098644774918 1 5 0 2147484190 3 1224979098644774914 14 0 2133 2 1224979098644774918 1 3 0 31 2 1224979098644774918 1 520 3 72057594037927936 1224979098644774913 55 2147483681 3 72057594037927936 25 53 4 0 33 3 1224979098644774913 823 846 500 3 1224979098644774913 55 1 5 0 540 3 1224979098644774913 183 14 500 3 1224979098644774913 55 2 5 0 542 3 1224979098644774914 10 1224979098644774913 1073741855 2 1224979098644774913 996 1073741855 2 1224979098644774913 1004 1073741855 2 1224979098644774913 1003 31 2 1224979098644774913 982 2341 2 10 1224979098644774913 1105 1 1585267068834419296 1 4 772 1224979098644774913 1224979098644774913 0 5 0 1 2 213 1224979098644774913 33 3 72057594037927936 25 53 2147483679 2 72057594037927936 1224979098644774914 500 3 1224979098644774913 55 72057594037927936 3 0 3 0 3 0 2133 2 72057594037927936 1224979098644774912 
0.094118  27 1 2 865 62 2136 3 1224979098644774912 153 408 541 3 1224979098644774912 32 0 2133 2 1224979098644774913 72057594037927936 2133 2 1224979098644774914 72057594037927943 521 3 1224979098644774915 1224979098644774912 107 4 0 3221225504 2 1224979098644774915 0 2147483780 1 1224979098644774915 2136 3 1224979098644774916 0 100 2147483678 2 1224979098644774916 60 1 2 302 1224979098644774912 4 0 33 3 72057594037927943 1 525 2330 2 1 72057594037927943 1106 1 1585267068834419297 3 0 501 3 1224979098644774912 107 72057594037927943 5 0 33 3 1224979098644774915 1 525 2330 2 1 1224979098644774912 2330 2 2 1224979098644774915 1106 1 1585267068834419298 501 3 1224979098644774912 107 0 3 0 2133 2 72057594037927943 1224979098644774914 2133 2 72057594037927936 1224979098644774913 
72.000000  17 1 2 865 63 1 1 79 6 3 1224979098644774912 21 408 521 3 1224979098644774913 1224979098644774912 47 4 0 32 2 1224979098644774913 1000 2107 2 1224979098644774913 95 2108 2 1224979098644774913 100 2111 2 1224979098644774913 1000 5 0 2147483678 2 1224979098644774913 1000 2107 2 1224979098644774913 105 2108 2 1224979098644774913 100 2110 2 1224979098644774913 1000 3 0 501 3 1224979098644774912 47 1224979098644774913 3 0 
1.000000  53 1 2 865 64 4 0 32 2 144115188075856273 0 33 3 144115188075856177 153 408 4 0 1073741855 2 144115188075855936 1 1073742365 3 144115188075856177 32 1 561 3 144115188075856177 36 1 2133 2 144115188075856273 0 1030 3 0 0 0 2060 1 138 5 0 32 2 144115188075856273 1 2106 2 144115188075856273 1 2136 3 1224979098644774912 1 5 4 0 31 2 1224979098644774912 1 1106 2 1585267068834419299 6736947 3 0 1030 3 2 5 0 5 0 31 2 144115188075856273 1 1106 1 1585267068834419300 1030 3 0 0 0 2106 2 144115188075856273 1 2060 1 138 3 0 5 0 200 1 151 4 0 1073742370 3 151 11 1 546 3 151 11 4 526 3 1224979098644774913 151 28 32 2 1224979098644774913 0 2270 1 1224979098644774914 32 2 1224979098644774914 1224979098644774913 1 2 313 151 1 2 315 151 1 3 208 829 -25 1 3 207 0 -50 5 0 566 3 151 11 2 566 3 151 1 1 520 3 1224979098644774915 829 10 561 3 1224979098644774915 71 1 526 3 1224979098644774913 151 28 32 2 1224979098644774913 0 2270 1 1224979098644774914 32 2 1224979098644774914 1224979098644774913 2133 2 144115188075856027 48 1025 2 829 -1 3 0 3 0 
8.000000  77 1 2 865 65 2133 2 1224979098644774912 72057594037927936 11 1 1224979098644774913 32 2 1224979098644774913 525 1073742365 3 1224979098644774913 0 11 541 3 1224979098644774913 0 8 131 1 1224979098644774913 2204 2 1224979098644774914 1224979098644774913 4 0 542 3 1224979098644774914 52 0 1 2 937 1224979098644774913 5 0 1665 2 1224979098644774915 1224979098644774913 2136 3 1224979098644774916 0 100 2133 2 1224979098644774917 45 2147483678 2 1224979098644774916 1224979098644774917 2133 2 1224979098644774918 1 4 0 33 3 1224979098644774915 21 153 2147484189 3 1224979098644774915 50 -1 2133 2 1224979098644774918 0 3 0 31 2 1224979098644774918 1 2133 2 1224979098644774919 0 4 0 521 3 1224979098644774920 1224979098644774913 4 31 2 1224979098644774920 13 521 3 1224979098644774921 1224979098644774913 5 31 2 1224979098644774915 1224979098644774921 2133 2 1224979098644774919 1 3 0 2133 2 1224979098644774922 -1 4 0 31 2 144115188075855874 1 31 2 144115188075856086 1224979098644774913 2133 2 1224979098644774923 9999 4 0 31 2 144115188075855874 1 31 2 1224979098644774915 144115188075856085 2281 3 1224979098644774923 0 144115188075856086 2147483678 2 1224979098644774923 5 37 0 1300 1 144115188075856086 5 0 30 2 1224979098644774923 5 2133 2 144115188075855874 0 5 0 2147483679 2 1224979098644774915 144115188075856085 2133 2 1224979098644774922 144115188075856085 3 0 5 0 4 0 541 3 1224979098644774913 0 11 1 4 615 1224979098644774915 1224979098644774914 -1 5 0 1 4 134 1224979098644774915 1224979098644774914 -1 3 0 2133 2 1224979098644774922 72057594037927936 3 0 33 3 1224979098644774922 21 73 2147483778 2 1224979098644774913 1224979098644774922 4 0 31 2 1224979098644774919 1 2147484209 3 1224979098644774915 72 1 2330 2 7 1224979098644774915 1 3 84 1224979098644774913 1224979098644774915 521 3 1224979098644774924 1224979098644774913 10 1 7 818 1224979098644774913 1224979098644774924 10 -1 -1 1 3 0 1640 2 1224979098644774913 1 1641 2 1224979098644774913 1224979098644774922 1603 3 1224979098644774913 65536 0 501 3 1224979098644774913 4 13 501 3 1224979098644774913 5 1224979098644774922 3 0 3 0 2133 2 72057594037927936 1224979098644774912 
0.033333  139 1 2 865 66 2271 1 1224979098644774912 33 3 1224979098644774912 4 17 2136 3 1224979098644774913 153 408 521 3 1224979098644774914 1224979098644774913 107 4 0 32 2 1224979098644774914 0 2147483680 2 1224979098644774914 525 2330 2 35 1224979098644774913 1105 1 1585267068834419301 2133 2 1224979098644774914 0 5 0 32 2 1224979098644774914 525 132 1 1224979098644774914 541 3 1224979098644774914 0 12 131 1 1224979098644774914 521 3 1224979098644774913 1224979098644774914 108 1665 2 1224979098644774915 1224979098644774914 2133 2 1224979098644774916 1 4 0 33 3 1224979098644774915 21 153 1073742385 3 1224979098644774915 310 2 561 3 1224979098644774915 50 1 2147484189 3 1224979098644774915 50 -1 2133 2 1224979098644774916 0 3 0 31 2 1224979098644774916 1 4 0 31 2 1224979098644774915 1224979098644774913 1 4 303 1224979098644774914 1224979098644774913 3 2204 2 1224979098644774917 1224979098644774915 1620 2 1224979098644774914 1224979098644774917 521 3 1224979098644774918 1224979098644774913 106 501 3 1224979098644774914 5 1224979098644774918 501 3 1224979098644774914 4 13 1640 2 1224979098644774914 1 1641 2 1224979098644774914 1224979098644774918 4 0 521 3 1224979098644774919 1224979098644774913 24 4 0 521 3 1224979098644774920 1224979098644774914 45 1528 2 1224979098644774919 1224979098644774920 501 3 1224979098644774914 45 0 3 0 521 3 1224979098644774921 1224979098644774914 94 2147483678 2 1224979098644774921 5 2105 2 1224979098644774921 95 1540 2 1224979098644774922 1224979098644774919 6 3 1224979098644774923 10 1224979098644774922 1541 3 1224979098644774924 1224979098644774919 1224979098644774923 32 2 1224979098644774924 -1 1570 2 1224979098644774925 1224979098644774924 2147483679 2 1224979098644774925 11 501 3 1224979098644774914 1224979098644774921 1224979098644774924 2120 3 1224979098644774926 1224979098644774921 5 1542 3 1224979098644774927 1224979098644774919 1224979098644774923 501 3 1224979098644774914 1224979098644774926 1224979098644774927 1543 3 1224979098644774919 1224979098644774923 -1 4 0 30 2 1224979098644774921 100 2133 2 1224979098644774922 0 5 0 2105 2 1224979098644774921 1 3 0 3 0 3 0 5 0 4 0 521 3 1224979098644774928 1224979098644774914 5 31 2 1224979098644774915 1224979098644774928 2147484209 3 1224979098644774915 72 1 1 4 303 1224979098644774914 1224979098644774928 3 2133 2 1224979098644774929 72057594037927936 521 3 1224979098644774930 1224979098644774928 44 521 3 1224979098644774931 1224979098644774928 46 2133 2 1224979098644774932 1224979098644774929 2107 2 1224979098644774932 1224979098644774931 2105 2 1224979098644774932 50 2108 2 1224979098644774932 100 2108 2 1224979098644774932 5 4 0 561 3 1224979098644774928 265 1 2108 2 1224979098644774932 10 5 0 2108 2 1224979098644774932 20 3 0 4 0 561 3 1224979098644774913 280 1 2107 2 1224979098644774932 3 2108 2 1224979098644774932 2 3 0 4 0 561 3 1224979098644774913 299 1 2107 2 1224979098644774932 3 2108 2 1224979098644774932 2 3 0 4 0 561 3 1224979098644774913 286 1 2107 2 1224979098644774932 3 2108 2 1224979098644774932 2 3 0 4 0 561 3 1224979098644774928 286 1 2107 2 1224979098644774932 3 2108 2 1224979098644774932 2 3 0 2105 2 1224979098644774930 1224979098644774932 4 0 30 2 144115188075856193 3 2133 2 72057594037927940 1224979098644774932 2330 2 4 1224979098644774928 2133 2 72057594037927941 1224979098644774930 1106 1 1585267068834415828 3 0 501 3 1224979098644774928 44 1224979098644774930 521 3 1224979098644774933 1224979098644774928 49 1 2 188 1224979098644774928 2133 2 1224979098644774934 72057594037927936 2105 2 1224979098644774933 1000 2110 2 1224979098644774933 1224979098644774934 501 3 1224979098644774928 49 1224979098644774933 2133 2 1224979098644774935 5 4 0 561 3 1224979098644774913 280 1 2105 2 1224979098644774935 50 3 0 4 0 2136 3 1224979098644774936 0 100 2147483678 2 1224979098644774936 1224979098644774935 1 3 361 1224979098644774913 1 2105 2 144115188075857003 1 3 0 3 0 501 3 1224979098644774914 5 1224979098644774913 501 3 1224979098644774914 4 13 1640 2 1224979098644774914 1 1641 2 1224979098644774914 1224979098644774913 3 0 3 0 
0.094118  28 1 2 865 67 2133 2 1224979098644774912 72057594037927936 4 0 2136 3 1224979098644774913 153 408 541 3 1224979098644774913 32 0 521 3 1224979098644774914 1224979098644774913 105 33 3 1224979098644774914 73 153 2133 2 1224979098644774915 1 4 0 1073742385 3 1224979098644774914 310 2 561 3 1224979098644774914 50 1 2147484189 3 1224979098644774914 50 -1 2133 2 1224979098644774915 0 3 0 31 2 1224979098644774915 1 521 3 1224979098644774916 1224979098644774914 49 521 3 72057594037927936 1224979098644774913 46 2105 2 72057594037927936 75 2107 2 72057594037927936 100 2105 2 72057594037927936 62 2108 2 72057594037927936 125 2105 2 1224979098644774916 72057594037927936 1 2 188 1224979098644774914 2133 2 1224979098644774917 72057594037927936 2110 2 1224979098644774916 1224979098644774917 501 3 1224979098644774914 49 1224979098644774916 3 0 2133 2 72057594037927936 1224979098644774912 
0.500000  53 1 2 865 68 6 3 1224979098644774912 781 1051 540 3 1224979098644774912 2 2 520 3 1224979098644774913 1224979098644774912 10 32 2 1224979098644774913 0 4 0 132 1 1224979098644774913 4 0 2293 2 1224979098644774914 1224979098644774913 31 2 1224979098644774914 5 2204 2 1224979098644774915 1224979098644774913 521 3 1224979098644774916 1224979098644774913 27 522 3 1224979098644774917 1224979098644774915 7 2147483679 2 1224979098644774917 1224979098644774912 2133 2 1224979098644774918 1 4 0 30 2 1224979098644774917 0 4 0 520 3 1224979098644774919 1224979098644774917 10 132 2 1224979098644774919 0 31 2 1224979098644774916 1224979098644774919 2133 2 1224979098644774918 0 5 0 1073742365 3 1224979098644774913 4 10 1073742365 3 1224979098644774913 4 12 541 3 1224979098644774913 4 11 541 3 1224979098644774913 5 1224979098644774919 132 1 1224979098644774919 2281 3 1224979098644774920 1224979098644774913 1224979098644774919 2147483678 2 1224979098644774920 20 2133 2 1224979098644774918 0 3 0 3 0 31 2 1224979098644774918 1 2133 2 1224979098644774921 153 6 3 1224979098644774922 21 1224979098644774921 541 3 1224979098644774922 50 -1 2204 2 1224979098644774923 1224979098644774922 2190 3 1224979098644774924 1224979098644774923 1224979098644774915 32 2 1224979098644774924 0 2281 3 1224979098644774925 1224979098644774913 1224979098644774922 2147483678 2 1224979098644774925 20 1625 2 1 1224979098644774913 1625 2 2 1224979098644774922 2147484362 2 2 1 1 4 197 1224979098644774913 14 1224979098644774922 2133 2 1224979098644774921 -1 3 0 3 0 5 0 500 3 1224979098644774912 10 -1 3 0 3 0 
0.500000  46 1 2 865 69 2270 1 1224979098644774912 2119 3 1224979098644774913 1224979098644774912 11 2121 3 1224979098644774914 1224979098644774912 5 1601 2 1224979098644774915 0 1602 2 1224979098644774916 0 2105 2 1224979098644774915 1224979098644774916 2130 1 1224979098644774915 2125 2 1224979098644774917 1224979098644774915 2131 1 1224979098644774917 4 0 31 2 1224979098644774913 0 6 3 1224979098644774918 25 53 522 3 1224979098644774919 1224979098644774918 16 2106 2 1224979098644774919 1 2111 2 1224979098644774919 0 502 3 1224979098644774918 16 1224979098644774919 3 0 3 0 31 2 144115188075855936 0 6 3 1224979098644774920 21 408 2204 2 1224979098644774918 1224979098644774920 2190 3 1224979098644774921 1224979098644774918 25 2147483678 2 1224979098644774921 0 2281 3 1224979098644774922 0 1224979098644774920 2147483678 2 1224979098644774922 5 2122 3 1224979098644774923 1224979098644774922 1224979098644774922 2121 3 1224979098644774924 20 1224979098644774923 2121 3 1224979098644774925 20 1224979098644774921 2122 3 1224979098644774926 1224979098644774924 1224979098644774925 2107 2 1224979098644774926 1224979098644774917 2123 3 1224979098644774927 1224979098644774926 10 2136 3 1224979098644774928 0 1000 2147483678 2 1224979098644774928 1224979098644774927 522 3 1224979098644774919 1224979098644774918 16 2105 2 1224979098644774919 1 2110 2 1224979098644774919 100 502 3 1224979098644774918 16 1224979098644774919 4 0 132 1 0 2147484209 3 1224979098644774920 38 1224979098644774914 2342 2 1 1224979098644774920 1106 1 1585267068834419302 501 3 1224979098644774920 38 1224979098644774912 3 0 3 0 
24.000000  170 1 2 865 70 31 2 144115188075855936 0 4 0 200 1 143 546 3 143 11 1 4 0 526 3 1224979098644774912 143 6 2173 2 1224979098644774913 1224979098644774912 31 2 1224979098644774913 144115188075856921 526 3 1224979098644774914 143 28 2147483679 2 1224979098644774914 -1 2272 1 1224979098644774915 2106 2 1224979098644774915 1224979098644774914 30 2 1224979098644774915 10 4 0 560 3 1224979098644774912 22 -20 1120 2 1585267068834419303 1585267068834419304 1 2 313 143 1 2 315 143 5 0 1 4 227 1176 0 0 3 0 5 0 2147483679 2 1224979098644774913 144115188075856921 2335 2 22 1224979098644774913 1120 2 1585267068834419305 1585267068834419304 1 2 313 143 1 2 315 143 1 3 210 1224979098644774913 -200 3 0 3 0 4 0 200 1 142 546 3 142 11 11 1073742370 3 142 2 1004 546 3 142 2 996 526 3 1224979098644774914 142 28 2147483679 2 1224979098644774914 -1 2272 1 1224979098644774915 2106 2 1224979098644774915 1224979098644774914 30 2 1224979098644774915 30 2060 1 422 3 0 4 0 200 1 142 546 3 142 11 7 546 3 142 2 982 526 3 1224979098644774914 142 28 2147483679 2 1224979098644774914 -1 2272 1 1224979098644774915 2106 2 1224979098644774915 1224979098644774914 30 2 1224979098644774915 10 542 3 32 10 1003 1 4 227 969 996 1003 3 0 4 0 200 1 142 546 3 142 11 7 542 3 32 10 1004 2173 2 1224979098644774916 1004 2173 2 1224979098644774917 975 2147483679 2 1224979098644774916 1224979098644774917 1 3 169 975 1224979098644774916 1 4 227 264 975 1224979098644774916 4 0 520 3 1224979098644774918 975 179 30 2 1224979098644774918 1 1 3 884 1224979098644774918 1224979098644774917 3 0 4 0 520 3 1224979098644774919 975 178 30 2 1224979098644774919 1 1 3 883 1224979098644774919 1224979098644774917 3 0 3 0 4 0 200 1 142 546 3 142 11 7 546 3 142 2 982 526 3 1224979098644774914 142 28 2147483679 2 1224979098644774914 -1 2272 1 1224979098644774915 2106 2 1224979098644774915 1224979098644774914 30 2 1224979098644774915 25 542 3 32 10 996 1 4 227 969 1004 996 3 0 4 0 200 1 142 546 3 142 11 7 546 3 142 2 982 31 2 144115188075855936 0 526 3 1224979098644774914 142 28 2147483679 2 1224979098644774914 -1 2272 1 1224979098644774915 2106 2 1224979098644774915 1224979098644774914 30 2 1224979098644774915 30 2060 1 980 3 0 4 0 200 1 142 546 3 142 11 5 546 3 142 2 982 31 2 144115188075855936 0 526 3 1224979098644774914 142 28 2147483679 2 1224979098644774914 -1 2272 1 1224979098644774915 2106 2 1224979098644774915 1224979098644774914 30 2 1224979098644774915 10 2133 2 1224979098644774920 0 4 0 32 2 144115188075855973 0 2149 2 1224979098644774920 2086 3 0 2149 2 1224979098644774921 0 2105 2 1224979098644774921 1224979098644774920 30 2 1224979098644774921 500000 560 3 0 6 1500 2060 1 989 3 0 4 0 1650 2 1224979098644774922 0 2133 2 1224979098644774923 0 6 3 1224979098644774924 0 1224979098644774922 1653 3 1224979098644774925 0 1224979098644774924 2105 2 1224979098644774923 1224979098644774925 3 0 2111 2 1224979098644774923 1 4 0 31 2 144115188075856601 1 2107 2 1224979098644774923 2 3 0 2133 2 1224979098644774926 1224979098644774923 2133 2 1224979098644774927 0 6 3 1224979098644774928 0 1224979098644774926 2133 2 1224979098644774929 0 6 3 1224979098644774930 93 116 2147483679 2 1224979098644774930 94 547 3 1224979098644774930 70 1 507 3 1224979098644774930 0 0 1 3 216 1224979098644774930 41 3221225503 2 1224979098644774930 95 3221225503 2 1224979098644774930 97 2147483679 2 1224979098644774930 96 2105 2 1224979098644774929 1 3 0 4 0 32 2 1224979098644774929 0 2136 3 1224979098644774931 0 1224979098644774929 1 2 299 1224979098644774931 5 0 31 2 1224979098644774927 0 4 0 31 2 144115188075856848 -1 1106 2 1585267068834419306 16711680 1 2 107 -8 1 3 904 0 5 2133 2 1224979098644774927 1 4 0 32 2 1224979098644774923 1 1 3 367 2 216172782113784252 3 0 5 0 1530 2 0 112 1106 1 1585267068834419307 3 0 3 0 3 0 1 2 721 1224979098644774923 3 0 
72.000000  5 1 2 865 71 2147483679 2 144115188075856876 45 1106 1 1585267068834419308 1 1 71 2133 2 144115188075856857 0 
0.000000  141 1 2 865 72 1541 3 1224979098644774912 0 8 2133 2 1224979098644774913 -1 4 0 31 2 144115188075856188 0 4 0 30 2 1224979098644774912 0 2147484208 3 0 7 50 2133 2 1224979098644774913 45 5 0 2147484208 3 0 7 50 2133 2 1224979098644774913 61 5 0 541 3 26 7 0 540 3 0 183 13 4 0 30 2 1224979098644774912 0 2133 2 1224979098644774913 50 5 0 2133 2 1224979098644774913 67 3 0 5 0 1073742366 3 144115188075856921 9 8 542 3 144115188075856921 9 7 4 0 30 2 1224979098644774912 0 2133 2 1224979098644774913 40 5 0 2133 2 1224979098644774913 56 3 0 5 0 542 3 144115188075856921 9 10 4 0 30 2 1224979098644774912 0 2133 2 1224979098644774913 46 5 0 2133 2 1224979098644774913 63 3 0 5 0 542 3 144115188075856921 9 14 4 0 30 2 1224979098644774912 0 2133 2 1224979098644774913 47 5 0 2133 2 1224979098644774913 60 3 0 5 0 542 3 144115188075856921 9 12 4 0 30 2 1224979098644774912 0 2133 2 1224979098644774913 42 5 0 2133 2 1224979098644774913 58 3 0 5 0 1073742366 3 144115188075856921 9 11 542 3 144115188075856921 9 21 4 0 30 2 1224979098644774912 0 2133 2 1224979098644774913 43 5 0 2133 2 1224979098644774913 58 3 0 5 0 542 3 144115188075856921 9 22 4 0 30 2 1224979098644774912 0 2133 2 1224979098644774913 43 5 0 2133 2 1224979098644774913 60 3 0 5 0 542 3 144115188075856921 9 6 4 0 30 2 1224979098644774912 0 2133 2 1224979098644774913 41 5 0 2133 2 1224979098644774913 57 3 0 5 0 542 3 144115188075856921 9 23 4 0 30 2 1224979098644774912 0 2133 2 1224979098644774913 49 5 0 2133 2 1224979098644774913 60 3 0 5 0 542 3 144115188075856921 9 13 4 0 560 3 0 178 1 2133 2 1224979098644774913 67 5 0 560 3 0 179 1 4 0 30 2 1224979098644774912 0 2133 2 1224979098644774913 48 5 0 2133 2 1224979098644774913 66 3 0 5 0 2133 2 1224979098644774913 49 3 0 5 0 542 3 144115188075856921 9 15 4 0 30 2 1224979098644774912 0 2133 2 1224979098644774913 52 5 0 2133 2 1224979098644774913 54 3 0 5 0 542 3 144115188075856921 9 9 4 0 30 2 1224979098644774912 0 2133 2 1224979098644774913 52 5 0 2133 2 1224979098644774913 68 3 0 5 0 4 0 30 2 1224979098644774912 0 2133 2 1224979098644774913 44 5 0 2133 2 1224979098644774913 60 3 0 3 0 5 0 540 3 2131 27 1 31 2 144115188075856188 1 2133 2 1224979098644774913 16 5 0 31 2 144115188075856188 1 2133 2 1224979098644774913 15 5 0 31 2 144115188075856188 2 2133 2 1224979098644774913 17 3 0 2147483679 2 1224979098644774913 144115188075856859 2133 2 144115188075856859 1224979098644774913 1676 2 0 1224979098644774913 
12.000000  46 1 2 865 73 2149 2 1224979098644774912 0 1540 2 1224979098644774913 0 6 3 1224979098644774914 0 1224979098644774913 1541 3 1224979098644774915 0 1224979098644774914 30 2 1224979098644774915 0 4 0 33 3 1224979098644774915 68 116 2230 2 1224979098644774916 1224979098644774915 2105 2 1224979098644774912 1224979098644774916 3 0 3 0 2123 3 1224979098644774917 1224979098644774912 1000 2157 2 1224979098644774918 0 4 0 2147483680 2 1224979098644774918 5 2105 2 1224979098644774917 15 5 0 2147483680 2 1224979098644774918 10 2105 2 1224979098644774917 10 5 0 2147483680 2 1224979098644774918 15 2105 2 1224979098644774917 5 5 0 2147483680 2 1224979098644774918 30 5 0 2147483680 2 1224979098644774918 50 2106 2 1224979098644774917 5 5 0 2147483680 2 1224979098644774918 100 2106 2 1224979098644774917 10 5 0 2147483680 2 1224979098644774918 150 2106 2 1224979098644774917 25 5 0 2147483680 2 1224979098644774918 200 2106 2 1224979098644774917 50 5 0 2106 2 1224979098644774917 60 3 0 1701 2 1224979098644774919 0 2108 2 1224979098644774919 15 2112 3 1224979098644774919 0 75 2106 2 1224979098644774917 1224979098644774919 2112 3 1224979098644774917 0 100 1645 2 0 1224979098644774917 
3.000000  28 1 2 865 74 4 0 542 3 25 14 2 2133 2 1224979098644774912 153 6 3 1224979098644774913 21 1224979098644774912 2204 2 1224979098644774914 1224979098644774913 31 2 1224979098644774914 25 1 2 307 0 2133 2 1224979098644774912 -1 3 0 3 0 4 0 33 3 144115188075856921 25 53 2147483680 2 144115188075855985 0 522 3 1224979098644774915 144115188075856921 10 30 2 1224979098644774915 0 4 0 1073741855 2 1224979098644774915 0 540 3 0 30 1224979098644774915 2133 2 144115188075855985 2110 1550 2 2110 25 5 0 33 3 1224979098644774915 781 1051 540 3 1224979098644774915 30 0 2133 2 144115188075855985 2110 1550 2 2110 25 3 0 3 0 
6.000000  32 1 2 865 75 32 2 144115188075856039 0 32 2 144115188075856038 0 32 2 144115188075856195 0 2273 0 4 0 2170 3 1224979098644774912 1 0 2107 2 1224979098644774912 5 2121 3 1224979098644774913 66 1224979098644774912 32 2 1224979098644774913 0 1671 2 1224979098644774914 0 2133 2 1224979098644774915 0 6 3 1224979098644774916 0 144115188075856038 2136 3 1224979098644774917 0 1224979098644774914 2147483678 2 1224979098644774917 1224979098644774913 2105 2 1224979098644774915 1 3 0 1615 3 0 144115188075856039 1224979098644774915 2133 2 1224979098644774915 72057594037927936 32 2 1224979098644774915 0 4 0 32 2 1224979098644774915 1 2133 2 72057594037927938 1 5 0 2133 2 72057594037927938 0 3 0 2133 2 72057594037927937 1224979098644774915 2324 3 1 144115188075856039 1224979098644774915 1105 2 1585267068834419309 16764108 3 0 2133 2 144115188075856039 0 2133 2 144115188075856038 0 
24.000000  22 1 2 865 76 4 0 31 2 144115188075856856 1 541 3 26 7 0 1528 2 2256 2600 4 0 31 2 144115188075856153 1 1528 2 2256 1000 3 0 3 0 4 0 2147483679 2 144115188075856009 1 1 2 375 0 31 2 72057594037927936 0 2133 2 1224979098644774912 153 6 3 1224979098644774913 21 1224979098644774912 541 3 1224979098644774913 7 0 1 2 375 1224979098644774913 31 2 72057594037927936 1 2133 2 1224979098644774912 0 3 0 3 0 
0.545455  43 1 2 865 77 2133 2 144115188075856009 0 2136 3 1224979098644774912 21 153 521 3 1224979098644774913 1224979098644774912 7 32 2 1224979098644774913 0 1651 2 1224979098644774914 1224979098644774912 2173 2 1224979098644774915 1224979098644774913 520 3 1224979098644774916 1224979098644774913 11 2335 2 2 1224979098644774915 7 3 1224979098644774917 0 1224979098644774914 1656 3 1224979098644774918 1224979098644774912 1224979098644774917 1507 1 1224979098644774918 540 3 1224979098644774918 2 2 2136 3 1224979098644774919 0 100 4 0 200 1 85 200 1 142 1073742370 3 142 11 8 546 3 142 11 7 2173 2 1224979098644774920 1224979098644774918 1073742366 3 1224979098644774920 10 1224979098644774918 1073742384 3 1224979098644774918 178 1 560 3 1224979098644774918 179 1 542 3 1224979098644774920 9 13 2133 2 1224979098644774919 -1 3 0 4 0 2147483680 2 1224979098644774919 10 1 2 374 1224979098644774918 2133 2 1224979098644774921 72057594037927936 1 3 1039 1224979098644774921 1224979098644774918 2105 2 1224979098644774916 1224979098644774921 1616 3 1224979098644774912 1224979098644774918 1 1 2 419 1224979098644774918 2173 2 1224979098644774920 1224979098644774918 2341 2 1 1224979098644774918 2343 2 2 1224979098644774915 2343 2 3 1224979098644774920 1277 2 1224979098644774922 1224979098644774920 1105 2 1585267068834415874 1224979098644774922 3 0 500 3 1224979098644774913 11 1224979098644774916 3 0 
12.000000  20 1 2 865 78 2136 3 1224979098644774912 0 8 4 0 31 2 1224979098644774912 0 1 1 318 5 0 31 2 1224979098644774912 1 1 1 322 5 0 31 2 1224979098644774912 2 1 1 323 5 0 31 2 1224979098644774912 3 1 1 326 5 0 31 2 1224979098644774912 4 1 1 325 5 0 1 1 327 3 0 
0.282353  28 1 2 865 79 2136 3 1224979098644774912 153 408 1 2 319 1224979098644774912 1 2 321 1224979098644774912 2133 2 1224979098644774913 72057594037927937 521 3 1224979098644774914 1224979098644774912 83 4 0 32 2 1224979098644774914 1224979098644774913 2136 3 1224979098644774915 1 3 2107 2 1224979098644774915 -1 2105 2 1224979098644774914 1224979098644774915 501 3 1224979098644774912 83 1224979098644774914 5 0 2147483678 2 1224979098644774914 1224979098644774913 2136 3 1224979098644774915 1 3 4 0 561 3 1224979098644774912 291 1 2107 2 1224979098644774915 2 3 0 4 0 33 3 144115188075855969 21 153 521 3 1224979098644774916 144115188075855969 68 541 3 1224979098644774912 68 1224979098644774916 2107 2 1224979098644774915 2 3 0 2105 2 1224979098644774914 1224979098644774915 501 3 1224979098644774912 83 1224979098644774914 3 0 
0.282353  3 1 2 865 80 2136 3 1224979098644774912 153 408 1 2 324 1224979098644774912 
0.545455  76 1 2 865 81 2136 3 1224979098644774912 21 153 541 3 1224979098644774912 50 -1 1 2 321 1224979098644774912 2133 2 1224979098644774913 72057594037927937 2133 2 1224979098644774914 72057594037927938 2133 2 1224979098644774915 72057594037927939 521 3 1224979098644774916 1224979098644774912 83 4 0 32 2 1224979098644774916 1224979098644774913 2136 3 1224979098644774917 1 3 2107 2 1224979098644774917 -1 2105 2 1224979098644774916 1224979098644774917 501 3 1224979098644774912 83 1224979098644774916 5 0 2147483678 2 1224979098644774916 1224979098644774913 2136 3 1224979098644774917 1 3 4 0 561 3 1224979098644774912 291 1 2107 2 1224979098644774917 2 3 0 4 0 33 3 144115188075855969 21 153 521 3 1224979098644774918 144115188075855969 68 541 3 1224979098644774912 68 1224979098644774918 2107 2 1224979098644774917 2 3 0 2105 2 1224979098644774916 1224979098644774917 501 3 1224979098644774912 83 1224979098644774916 3 0 521 3 1224979098644774919 1224979098644774912 152 4 0 32 2 1224979098644774919 1224979098644774914 2136 3 1224979098644774917 1 3 2107 2 1224979098644774917 -1 2105 2 1224979098644774919 1224979098644774917 501 3 1224979098644774912 152 1224979098644774919 5 0 2147483678 2 1224979098644774919 1224979098644774914 2136 3 1224979098644774917 1 3 4 0 561 3 1224979098644774912 291 1 2107 2 1224979098644774917 2 3 0 4 0 33 3 144115188075855969 21 153 521 3 1224979098644774918 144115188075855969 68 541 3 1224979098644774912 68 1224979098644774918 2107 2 1224979098644774917 2 3 0 2105 2 1224979098644774919 1224979098644774917 501 3 1224979098644774912 152 1224979098644774919 3 0 521 3 1224979098644774920 1224979098644774912 86 4 0 32 2 1224979098644774920 1224979098644774915 2136 3 1224979098644774917 1 3 2107 2 1224979098644774917 -1 2105 2 1224979098644774920 1224979098644774917 501 3 1224979098644774912 86 1224979098644774920 5 0 2147483678 2 1224979098644774920 1224979098644774915 2136 3 1224979098644774917 1 3 4 0 561 3 1224979098644774912 291 1 2107 2 1224979098644774917 2 3 0 4 0 33 3 144115188075855969 21 153 521 3 1224979098644774918 144115188075855969 68 541 3 1224979098644774912 68 1224979098644774918 2107 2 1224979098644774917 2 3 0 2105 2 1224979098644774920 1224979098644774917 501 3 1224979098644774912 86 1224979098644774920 3 0 
0.124031  12 1 2 865 82 2136 3 1224979098644774912 21 408 2147484209 3 1224979098644774912 72 1 1 3 276 1224979098644774912 1 1 3 276 1224979098644774912 2 2136 3 1224979098644774913 0 100 4 0 2147483678 2 1224979098644774913 70 2147484209 3 1224979098644774912 46 60 1 2 275 1224979098644774912 1 4 274 1224979098644774912 72057594037927936 1 3 0 
0.031008  57 1 2 865 83 4 0 2147483678 2 144115188075857004 21 2133 2 144115188075857004 21 3 0 4 0 30 2 144115188075857004 408 2133 2 144115188075857004 21 3 0 4 0 521 3 1224979098644774912 144115188075857004 263 32 2 1224979098644774912 0 6 3 1224979098644774913 219 244 521 3 1224979098644774914 1224979098644774912 1224979098644774913 4 0 2147483678 2 1224979098644774914 -1 2105 2 1224979098644774914 1 501 3 1224979098644774912 1224979098644774913 1224979098644774914 5 0 31 2 1224979098644774914 -1 501 3 1224979098644774912 1224979098644774913 1 2330 2 19 1224979098644774912 1 2 718 1224979098644774913 1106 1 1585267068834419310 4 0 31 2 1224979098644774913 233 1610 3 1224979098644774912 478 10 5 0 31 2 1224979098644774913 230 521 3 1224979098644774915 1224979098644774912 217 1 3 920 10 1224979098644774915 3 0 1064 1 75 3 0 3 0 3 0 4 0 521 3 1224979098644774916 144115188075857004 71 2106 2 1224979098644774916 1 2111 2 1224979098644774916 0 501 3 144115188075857004 71 1224979098644774916 3 0 4 0 2147484209 3 144115188075857004 72 1 6 3 1224979098644774917 0 2 4 0 31 2 1224979098644774917 0 2133 2 1224979098644774918 109 2133 2 1224979098644774919 110 5 0 2133 2 1224979098644774918 306 2133 2 1224979098644774919 307 3 0 1 3 776 1224979098644774918 1224979098644774919 3 0 3 0 2105 2 144115188075857004 1 
24.000000  63 1 2 865 84 2133 2 1224979098644774912 0 6 3 1224979098644774913 21 73 4 0 2147484189 3 1224979098644774913 261 1 521 3 1224979098644774914 1224979098644774913 260 32 2 1224979098644774914 0 1232 1 1224979098644774914 2330 2 55 1224979098644774913 1106 2 1585267068834419311 16724787 501 3 1224979098644774913 260 -1 3 0 521 3 1224979098644774915 1224979098644774913 116 4 0 31 2 1224979098644774915 1 1 3 384 1224979098644774913 0 1 1 390 1 1 385 2121 3 1224979098644774916 72057594037927936 1 1 2 391 1224979098644774916 1 1 390 520 3 1224979098644774917 6 0 4 0 33 3 1224979098644774917 781 1051 2341 2 1 1224979098644774917 2342 2 2 1224979098644774913 1105 2 1585267068834419312 15785267 1 3 207 1224979098644774917 35 1 3 1038 5000 1224979098644774917 3 0 3 0 2106 2 1224979098644774915 1 2111 2 1224979098644774915 0 501 3 1224979098644774913 116 1224979098644774915 4 0 32 2 1224979098644774915 0 2105 2 1224979098644774912 1 3 0 3 0 6 3 1224979098644774918 25 53 542 3 1224979098644774918 4 6 522 3 1224979098644774919 1224979098644774918 5 33 3 1224979098644774919 21 73 501 3 1224979098644774919 116 1 3 0 4 0 200 1 153 526 3 1224979098644774920 153 1 501 3 1224979098644774920 116 1 3 0 4 0 200 1 152 526 3 1224979098644774920 152 1 501 3 1224979098644774920 116 1 3 0 4 0 2147483678 2 1224979098644774912 3 2136 3 1224979098644774921 0 100 2147483678 2 1224979098644774921 30 2136 3 1224979098644774922 21 73 2136 3 1224979098644774923 12 15 501 3 1224979098644774922 116 1224979098644774923 3 0 
3.000000  6 1 2 865 85 2133 2 144115188075856139 0 2133 2 144115188075856309 0 2133 2 144115188075856203 0 2133 2 144115188075856202 0 2133 2 144115188075856064 0 
1.000000  63 1 2 865 86 2147483685 0 2273 0 1073741857 3 144115188075856272 21 408 33 3 144115188075856272 511 520 2147484189 3 144115188075856272 7 0 2133 2 72057594037927936 0 4 0 31 2 144115188075856272 26 1073742370 3 107 11 11 31 2 144115188075855957 5 2133 2 72057594037927936 1 1106 1 1585267068834419313 5 0 31 2 144115188075856272 54 540 3 2131 26 2 2133 2 72057594037927936 1 1106 1 1585267068834419313 3 0 31 2 72057594037927936 0 521 3 1224979098644774912 144115188075856272 7 2133 2 72057594037927936 0 4 0 33 3 1224979098644774912 846 1209 1 2 1012 1224979098644774912 4 0 2147483679 2 72057594037927936 0 1106 1 1585267068834419314 3 0 3 0 31 2 72057594037927936 0 2204 2 1224979098644774913 144115188075856272 2147483679 2 1224979098644774913 25 2270 1 1224979098644774914 30 2 1224979098644774914 144115188075856284 2120 3 144115188075856284 1224979098644774914 24 2149 2 1224979098644774915 0 1601 2 1224979098644774916 0 2123 3 1224979098644774917 1224979098644774916 4 2105 2 1224979098644774917 1 4 0 30 2 1224979098644774915 1224979098644774917 1106 1 1585267068834419315 1529 2 0 1224979098644774917 4 0 521 3 1224979098644774918 144115188075856272 57 521 3 1224979098644774919 144115188075856272 25 2136 3 1224979098644774919 1224979098644774919 1100 30 2 1224979098644774919 900 2106 2 1224979098644774919 1224979098644774917 2108 2 1224979098644774919 100 2111 2 1224979098644774919 1 1 4 525 1224979098644774918 1224979098644774919 0 3 0 5 0 32 2 1224979098644774915 0 1529 2 0 1224979098644774915 1106 2 1585267068834419316 15785267 600 1 142 2108 2 1224979098644774917 -10 1 3 209 144115188075856272 1224979098644774917 1030 3 0 0 0 3 0 
120.000000  35 1 2 865 87 4 0 2147483679 2 144115188075856856 1 542 3 144115188075856921 9 13 2147483848 1 150 546 3 150 25 0 2147484190 3 144115188075856921 10 0 2204 2 1224979098644774912 26 31 2 1224979098644774912 144115188075856921 4 0 560 3 0 189 1 2136 3 1224979098644774913 0 101 1 2 864 100 2123 3 1224979098644774914 72057594037927936 100000 520 3 72057594037927937 0 102 2107 2 72057594037927937 1000 2108 2 72057594037927937 50000 2105 2 1224979098644774914 72057594037927937 2110 2 1224979098644774914 13 2147483678 2 1224979098644774913 1224979098644774914 1 4 227 506 -1 2 5 0 1073742384 3 0 177 1 560 3 0 178 1 2136 3 1224979098644774913 0 101 1 2 864 100 2123 3 1224979098644774914 72057594037927936 100000 2123 3 1224979098644774915 144115188075856000 10 2105 2 1224979098644774914 1224979098644774915 2110 2 1224979098644774914 13 2147483678 2 1224979098644774913 1224979098644774914 1 4 227 506 -1 3 3 0 3 0 1 1 349 
48.000000  103 1 2 865 88 6 3 1224979098644774912 25 53 502 3 1224979098644774912 13 0 3 0 2133 2 1224979098644774913 0 2133 2 1224979098644774914 0 11 1 1224979098644774915 1073741857 3 1224979098644774915 21 153 541 3 1224979098644774915 0 10 2204 2 1224979098644774916 1224979098644774915 33 3 1224979098644774916 25 53 522 3 1224979098644774917 1224979098644774916 13 2105 2 1224979098644774917 1 502 3 1224979098644774916 13 1224979098644774917 3 0 6 3 1224979098644774912 25 53 542 3 1224979098644774912 14 0 2105 2 1224979098644774913 1 4 0 562 3 1224979098644774912 13 1 542 3 1224979098644774912 9 13 2105 2 1224979098644774914 1 3 0 542 3 1224979098644774912 13 0 2133 2 1224979098644774918 0 4 0 31 2 1224979098644774912 25 5 0 2147483679 2 144115188075856921 1224979098644774912 522 3 1224979098644774919 1224979098644774912 9 6 3 1224979098644774920 25 53 2147483679 2 1224979098644774920 1224979098644774912 4 0 542 3 1224979098644774920 9 1224979098644774919 1 4 223 1224979098644774920 1224979098644774912 0 3 0 4 0 542 3 1224979098644774920 14 0 2190 3 1224979098644774921 1224979098644774920 1224979098644774912 2147483678 2 1224979098644774921 -1 542 3 1224979098644774920 223 1 522 3 1224979098644774922 1224979098644774920 7 30 2 1224979098644774922 0 1 3 910 1224979098644774922 250 3 0 3 0 11 1 1224979098644774915 132 1 1224979098644774915 2204 2 1224979098644774916 1224979098644774915 31 2 1224979098644774916 1224979098644774912 521 3 1224979098644774923 1224979098644774915 108 33 3 1224979098644774923 21 408 2204 2 1224979098644774924 1224979098644774923 1620 2 1224979098644774915 1224979098644774924 3 0 2133 2 1224979098644774918 1 4 0 31 2 144115188075856922 1224979098644774912 2133 2 144115188075856922 0 2133 2 144115188075856024 0 2133 2 144115188075856923 0 1 4 227 261 1224979098644774912 0 3 0 502 3 1224979098644774912 14 1 502 3 1224979098644774912 5 -1 1 4 227 274 1224979098644774912 0 3 0 4 0 31 2 1224979098644774918 1 2106 2 1224979098644774913 1 3 0 6 3 1224979098644774925 25 53 1 2 328 1224979098644774925 3 0 5 0 542 3 1224979098644774912 14 1 562 3 1224979098644774912 13 1 2147483679 2 144115188075856921 1224979098644774912 1 4 928 1224979098644774912 -1 -1 3 0 4 0 31 2 1224979098644774914 1 30 2 144115188075856311 1 2133 2 1224979098644774926 -1 2133 2 72057594037927936 53 6 3 1224979098644774927 25 72057594037927936 542 3 1224979098644774927 14 0 542 3 1224979098644774927 9 13 2133 2 1224979098644774926 1224979098644774927 2133 2 72057594037927936 -1 3 0 32 2 1224979098644774926 -1 1 4 227 1173 1224979098644774926 0 3 0 4 0 31 2 1224979098644774913 1 31 2 144115188075857005 0 2133 2 144115188075857005 1 6 3 1224979098644774912 25 53 542 3 1224979098644774912 14 0 1 4 227 258 1224979098644774912 0 3 0 3 0 
24.000000  25 1 2 865 89 2133 2 1224979098644774912 72057594037927936 2310 2 1224979098644774913 295 2310 2 1224979098644774914 296 4 0 2147483678 2 1224979098644774913 3 1 3 733 46 295 2133 2 1224979098644774915 72057594037927936 1640 2 1224979098644774915 2 1641 2 1224979098644774915 46 1643 2 1224979098644774915 25 501 3 1224979098644774915 18 9 501 3 1224979098644774915 46 50 3 0 4 0 2147483678 2 1224979098644774914 3 1 3 733 45 296 2133 2 1224979098644774915 72057594037927936 1640 2 1224979098644774915 2 1641 2 1224979098644774915 45 1643 2 1224979098644774915 20 501 3 1224979098644774915 18 9 501 3 1224979098644774915 46 50 3 0 2133 2 72057594037927936 1224979098644774912 
168.000000  75 1 2 865 90 4 0 542 3 31 14 1 542 3 31 69 0 2136 3 1224979098644774912 0 6 31 2 1224979098644774912 1 1 4 227 802 0 0 3 0 6 3 1224979098644774913 511 520 2147484209 3 1224979098644774913 72 1 2157 2 1224979098644774914 1224979098644774913 2147483678 2 1224979098644774914 1100 2204 2 1224979098644774915 1224979098644774913 522 3 1224979098644774916 1224979098644774915 47 1675 2 1224979098644774913 1224979098644774916 501 3 1224979098644774913 87 0 1 2 320 1224979098644774913 3 0 501 3 522 87 0 4 0 2310 2 1224979098644774917 295 2310 2 1224979098644774918 296 4 0 30 2 1224979098644774917 1 2311 2 1224979098644774919 295 1681 2 1224979098644774920 1224979098644774919 4 0 2147483679 2 1224979098644774920 20 1676 2 1224979098644774919 20 5 0 31 2 1224979098644774920 20 1676 2 1224979098644774919 19 3 0 1 2 56 1224979098644774919 3 0 4 0 30 2 1224979098644774918 1 2311 2 1224979098644774919 296 1681 2 1224979098644774920 1224979098644774919 4 0 2147483679 2 1224979098644774920 20 1676 2 1224979098644774919 20 5 0 31 2 1224979098644774920 20 1676 2 1224979098644774919 19 3 0 1 2 56 1224979098644774919 3 0 3 0 4 0 31 2 144115188075855936 0 33 3 144115188075856921 25 53 522 3 1224979098644774921 144115188075856921 10 32 2 1224979098644774921 -1 2147483679 2 0 1224979098644774921 2147484188 3 0 30 1224979098644774921 2147484188 3 1224979098644774921 30 0 1 3 431 0 1224979098644774921 2147483680 2 72057594037927936 -50 522 3 72057594037927936 144115188075856921 225 2112 3 72057594037927936 -3 4 2105 2 72057594037927936 12 2136 3 1224979098644774922 0 72057594037927936 2147483678 2 1224979098644774922 5 2341 2 22 1224979098644774921 2322 2 13 1224979098644774921 1120 2 1585267068834420409 1585267068834419318 1 3 208 1224979098644774921 -5 2320 2 2 1585267068834420406 1 3 310 143 1224979098644774921 506 3 143 11 1 2272 1 1224979098644774923 2111 2 1224979098644774923 1 506 3 143 28 1224979098644774923 3 0 
24.000000  2 1 2 865 91 1 1 645 
8.000000  45 1 2 865 92 11 1 1224979098644774912 32 2 1224979098644774912 525 1609 2 1224979098644774913 1224979098644774912 1073741855 2 1224979098644774913 291 31 2 1224979098644774913 292 1665 2 1224979098644774914 1224979098644774912 4 0 33 3 1224979098644774914 21 153 541 3 1224979098644774912 5 1224979098644774914 521 3 1224979098644774915 1224979098644774914 44 2136 3 1224979098644774916 40 110 4 0 31 2 1224979098644774913 292 2105 2 1224979098644774916 100 3 0 4 0 31 2 1224979098644774913 292 561 3 1224979098644774914 292 1 2105 2 1224979098644774916 100 3 0 4 0 561 3 1224979098644774914 265 1 2107 2 1224979098644774916 6 2108 2 1224979098644774916 5 3 0 4 0 561 3 1224979098644774914 298 1 2107 2 1224979098644774916 3 2108 2 1224979098644774916 2 3 0 4 0 561 3 1224979098644774914 286 1 2107 2 1224979098644774916 5 2108 2 1224979098644774916 4 3 0 2105 2 1224979098644774915 1224979098644774916 501 3 1224979098644774914 44 1224979098644774915 1661 1 1224979098644774912 1 2 937 1224979098644774912 5 0 132 1 1224979098644774914 1661 1 1224979098644774912 3 0 3 0 
8.000000  40 1 2 865 93 11 1 1224979098644774912 32 2 1224979098644774912 525 1609 2 1224979098644774913 1224979098644774912 31 2 1224979098644774913 109 1665 2 1224979098644774914 1224979098644774912 33 3 1224979098644774914 21 153 1650 2 1224979098644774915 1224979098644774912 2204 2 1224979098644774916 1224979098644774914 7 3 1224979098644774917 0 1224979098644774915 1652 3 1224979098644774918 1224979098644774912 1224979098644774917 2147485155 1 1224979098644774918 2133 2 1224979098644774919 100 4 0 2173 2 1224979098644774920 1224979098644774918 1073741857 3 1224979098644774920 25 53 1073741857 3 1224979098644774920 64 73 1073741857 3 1224979098644774920 54 64 1073741855 2 1224979098644774920 74 31 2 1224979098644774920 2 2190 3 1224979098644774919 1224979098644774916 1224979098644774920 3 0 1653 3 1224979098644774921 1224979098644774912 1224979098644774917 4 0 33 3 1224979098644774920 6 24 1615 3 1224979098644774912 1224979098644774918 1224979098644774921 5 0 1073741857 3 1224979098644774918 506 568 1073741857 3 1224979098644774918 568 619 2147483678 2 1224979098644774919 0 1615 3 1224979098644774912 1224979098644774918 1224979098644774921 1 2 942 1224979098644774918 2133 2 1224979098644774922 72057594037927936 1611 3 1224979098644774912 1224979098644774922 1224979098644774921 3 0 3 0 1 3 100 1224979098644774914 1224979098644774912 1661 1 1224979098644774912 1 2 937 1224979098644774912 3 0 
3.000000  46 1 2 865 94 2133 2 1224979098644774912 72057594037927936 2133 2 1224979098644774913 25 4 0 33 3 144115188075856921 26 53 1 3 1050 0 144115188075856921 30 2 72057594037927936 50 2133 2 1224979098644774913 144115188075856921 3 0 4 0 33 3 144115188075856298 21 408 541 3 144115188075856298 36 618 1 4 227 250 0 0 5 0 33 3 144115188075856298 21 408 2204 2 1224979098644774914 144115188075856298 2147483679 2 1224979098644774914 25 2147483679 2 1224979098644774914 1224979098644774913 1 4 227 250 0 0 5 0 2147483678 2 144115188075856298 21 1073742366 3 25 10 0 32 2 144115188075855985 0 2133 2 1224979098644774915 0 6 3 1224979098644774916 21 153 31 2 1224979098644774915 0 2204 2 1224979098644774914 1224979098644774916 1073741855 2 1224979098644774914 1224979098644774913 31 2 1224979098644774914 25 2133 2 1224979098644774915 1224979098644774916 3 0 30 2 1224979098644774915 1 1 4 227 250 0 0 3 0 1 1 647 4 0 520 3 1224979098644774917 0 34 32 2 1224979098644774917 0 2147483848 1 47 2147483848 1 48 2322 2 5 1224979098644774917 1106 1 1585267068834419319 500 3 0 34 -1 500 3 1224979098644774917 34 -1 3 0 2133 2 72057594037927936 1224979098644774912 
1.000000  81 1 2 865 95 2147483685 0 32 2 144115188075856196 0 150 1 144115188075856196 2172 3 1224979098644774912 0 2 527 3 1224979098644774913 144115188075856196 4 2147483680 2 1224979098644774913 1224979098644774912 527 3 1224979098644774914 144115188075856196 2 527 3 1224979098644774915 144115188075856196 3 31 2 1224979098644774915 0 2105 2 1224979098644774914 7 507 3 144115188075856196 2 1224979098644774914 30 2 1224979098644774914 1000 507 3 144115188075856196 3 1 2325 2 1 144115188075856196 2319 1 2 4 0 31 2 144115188075856196 51 1521 3 0 15 1 2320 2 2 1585267068834419320 5 0 31 2 144115188075856196 59 1521 3 0 15 1 2320 2 2 1585267068834419320 5 0 31 2 144115188075856196 60 1520 3 0 3 1 2320 2 2 1585267068834419321 5 0 31 2 144115188075856196 61 2136 3 1224979098644774916 0 3 4 0 31 2 1224979098644774916 0 1520 3 0 2 1 2320 2 2 1585267068834419322 5 0 1520 3 0 3 1 2320 2 2 1585267068834419321 3 0 5 0 31 2 144115188075856196 58 1521 3 0 2 1 2320 2 2 1585267068834419323 5 0 31 2 144115188075856196 52 1521 3 0 7 1 2320 2 2 1585267068834419324 5 0 31 2 144115188075856196 53 1521 3 0 1 1 2320 2 2 1585267068834419325 5 0 31 2 144115188075856196 54 1520 3 0 2 1 2320 2 2 1585267068834419322 5 0 31 2 144115188075856196 62 1520 3 0 2 1 2320 2 2 1585267068834419322 5 0 31 2 144115188075856196 1744 1064 1 10000 2320 2 2 1585267068834419326 5 0 31 2 144115188075856196 55 1521 3 0 0 1 2320 2 2 1585267068834419327 5 0 31 2 144115188075856196 56 1521 3 0 27 1 2320 2 2 1585267068834419328 5 0 31 2 144115188075856196 57 1521 3 0 8 1 2320 2 2 1585267068834419329 3 0 4 0 31 2 144115188075856191 0 1120 2 1585267068834419330 1585267068834419331 3 0 2133 2 144115188075856196 0 
24.000000  21 1 2 865 96 541 3 0 39 0 11 1 1224979098644774912 541 3 1224979098644774912 0 14 2281 3 1224979098644774913 1224979098644774912 0 4 0 32 2 1224979098644774913 30 2147483679 2 1224979098644774912 0 1232 1 1224979098644774912 4 0 200 1 28 2147483852 1 28 546 3 28 8 1224979098644774912 1 2 313 28 3 0 5 0 32 2 1224979098644774913 10 501 3 1224979098644774912 7 0 1640 2 1224979098644774912 0 3 0 3 0 
0.658824  147 1 2 865 97 4 0 2147483678 2 144115188075857006 153 2133 2 144115188075857006 153 3 0 4 0 30 2 144115188075857006 408 2133 2 144115188075857006 153 3 0 2133 2 1224979098644774912 72057594037927936 2133 2 1224979098644774913 72057594037927956 2133 2 1224979098644774914 72057594037927957 2133 2 1224979098644774915 72057594037927958 2133 2 72057594037927956 0 2133 2 72057594037927957 0 2133 2 72057594037927958 0 4 0 1602 2 72057594037927956 144115188075857006 30 2 72057594037927956 1 4 0 32 2 72057594037927956 50 2121 3 1224979098644774916 72057594037927956 50 2108 2 1224979098644774916 5 2136 3 1224979098644774917 0 21 2147483678 2 1224979098644774917 1224979098644774916 1651 2 1224979098644774918 144115188075857006 2133 2 72057594037927958 0 7 3 1224979098644774919 0 1224979098644774918 1656 3 1224979098644774920 144115188075857006 1224979098644774919 1657 3 72057594037927957 144115188075857006 1224979098644774919 2107 2 72057594037927957 2 2108 2 72057594037927957 3 2105 2 72057594037927958 72057594037927957 1616 3 144115188075857006 1224979098644774920 72057594037927957 3 0 30 2 72057594037927958 1 1103 1 4 1 3 733 144115188075857006 19 2133 2 1224979098644774921 72057594037927936 1610 3 1224979098644774921 563 72057594037927958 541 3 144115188075857006 7 0 2330 2 40 144115188075857006 1106 2 1585267068834419332 16764108 3 0 1 3 964 144115188075857006 35 2133 2 1224979098644774922 72057594037927936 1 3 964 144115188075857006 25 2133 2 1224979098644774923 72057594037927936 2133 2 1224979098644774924 10 2133 2 1224979098644774925 5 4 0 561 3 144115188075857006 271 1 2105 2 1224979098644774925 65 3 0 4 0 561 3 144115188075857006 276 1 2105 2 1224979098644774925 30 3 0 4 0 561 3 144115188075857006 278 1 2105 2 1224979098644774924 5 3 0 4 0 561 3 144115188075857006 282 1 2105 2 1224979098644774924 5 3 0 4 0 561 3 144115188075857006 279 1 2105 2 1224979098644774924 5 3 0 4 0 561 3 144115188075857006 167 1 2105 2 1224979098644774925 5 3 0 4 0 561 3 144115188075857006 281 1 2105 2 1224979098644774925 35 3 0 4 0 561 3 144115188075857006 173 1 2105 2 1224979098644774925 10 3 0 2107 2 1224979098644774925 1224979098644774922 2107 2 1224979098644774924 1224979098644774923 2120 3 72057594037927956 1224979098644774925 1224979098644774924 1 1 720 2120 3 1224979098644774926 100 72057594037927936 2107 2 72057594037927956 1224979098644774926 2108 2 72057594037927956 100 521 3 1224979098644774927 144115188075857006 43 2105 2 1224979098644774927 72057594037927956 501 3 144115188075857006 43 1224979098644774927 4 0 541 3 144115188075857006 7 0 2330 2 40 144115188075857006 1106 1 1585267068834420119 3 0 4 0 541 3 144115188075857006 32 0 540 3 0 183 13 30 2 144115188075856324 1 2122 3 1224979098644774928 144115188075856130 10 2107 2 1224979098644774928 72057594037927956 2108 2 1224979098644774928 10 2105 2 144115188075856324 1224979098644774928 3 0 3 0 4 0 521 3 1224979098644774929 144115188075857006 7 2204 2 1224979098644774930 144115188075857006 4 0 31 2 1224979098644774930 144115188075856921 1 3 1050 0 1224979098644774930 30 2 72057594037927936 50 2133 2 1224979098644774929 0 3 0 31 2 1224979098644774929 0 561 3 144115188075857006 275 1 521 3 1224979098644774931 144115188075857006 25 2105 2 1224979098644774931 1 2110 2 1224979098644774931 100 501 3 144115188075857006 25 1224979098644774931 3 0 4 0 561 3 144115188075857006 271 1 541 3 144115188075857006 32 0 4 0 541 3 144115188075857006 7 0 2136 3 1224979098644774932 1000 4000 1 1 720 2120 3 1224979098644774926 100 72057594037927936 2107 2 1224979098644774932 1224979098644774926 2108 2 1224979098644774932 100 501 3 144115188075857006 150 1224979098644774932 5 0 561 3 144115188075857006 7 1 2136 3 1224979098644774932 1000 4000 521 3 1224979098644774933 144115188075857006 43 2105 2 1224979098644774933 1224979098644774932 501 3 144115188075857006 43 1224979098644774933 3 0 3 0 2133 2 72057594037927936 1224979098644774912 2133 2 72057594037927956 1224979098644774913 2133 2 72057594037927957 1224979098644774914 2133 2 72057594037927958 1224979098644774915 2105 2 144115188075857006 1 
24.000000  209 1 2 865 98 6 3 1224979098644774912 0 154 200 1 1224979098644774912 4 0 1073741857 3 1224979098644774912 0 17 1073741857 3 1224979098644774912 63 68 1073741857 3 1224979098644774912 16 17 1073741857 3 1224979098644774912 37 43 1073741857 3 1224979098644774912 72 74 1073741857 3 1224979098644774912 28 37 1073741857 3 1224979098644774912 76 78 1073741857 3 1224979098644774912 23 28 1073741857 3 1224979098644774912 82 85 1073741857 3 1224979098644774912 19 23 33 3 1224979098644774912 87 87 546 3 1224979098644774912 6 0 1106 2 1585267068834420039 16724787 1 2 313 1224979098644774912 1 2 315 1224979098644774912 1106 2 1585267068834420039 16724787 3 0 4 0 31 2 1224979098644774912 116 566 3 1224979098644774912 25 1 526 3 1224979098644774913 1224979098644774912 25 2106 2 1224979098644774913 1 506 3 1224979098644774912 25 1224979098644774913 3 0 4 0 2147483852 1 1224979098644774912 31 2 1224979098644774912 113 526 3 1224979098644774914 113 12 2105 2 1224979098644774914 1 506 3 113 12 1224979098644774914 526 3 1224979098644774915 113 14 2105 2 1224979098644774915 1 506 3 113 14 1224979098644774915 526 3 1224979098644774916 113 15 2122 3 1224979098644774917 1224979098644774916 10 4 0 566 3 113 11 2 2107 2 1224979098644774917 2 3 0 526 3 1224979098644774918 113 8 2105 2 1224979098644774918 1224979098644774917 506 3 113 8 1224979098644774918 4 0 526 3 1224979098644774919 113 13 30 2 1224979098644774915 1224979098644774919 1 3 917 1000 50 2121 3 1224979098644774920 72057594037927957 1 1 2 918 1224979098644774920 4 0 2147483678 2 1224979098644774920 72057594037927936 2105 2 1224979098644774919 75 2110 2 1224979098644774915 1224979098644774919 506 3 113 14 1224979098644774915 3 0 30 2 1224979098644774920 72057594037927936 2060 1 892 5 0 30 2 144115188075856848 1 541 3 144115188075856848 39 0 1680 2 1224979098644774921 144115188075856848 2147483678 2 1224979098644774921 0 4 0 2147484214 3 113 11 2 1652 3 1224979098644774922 144115188075856848 0 31 2 1224979098644774922 983 506 3 113 11 2 1106 1 1585267068834419334 3 0 1 3 917 1224979098644774914 1224979098644774916 2147483679 2 72057594037927956 -1 2060 1 72057594037927956 3 0 3 0 4 0 2147483852 1 1224979098644774912 566 3 1224979098644774912 23 1 526 3 1224979098644774923 1224979098644774912 23 2106 2 1224979098644774923 1 4 0 31 2 1224979098644774923 0 31 2 1224979098644774912 150 1 2 313 1224979098644774912 1 2 315 1224979098644774912 1 4 227 505 0 0 5 0 31 2 1224979098644774923 0 1073741855 2 1224979098644774912 152 31 2 1224979098644774912 153 4 0 2147484194 3 1224979098644774912 27 0 546 3 1224979098644774912 11 1 1 2 313 1224979098644774912 1 3 209 26 -10 1 3 861 -25 1 1 3 207 0 -50 5 0 2147484194 3 1224979098644774912 27 0 1 2 313 1224979098644774912 1 3 861 -12 1 1 3 207 0 -25 3 0 1 2 315 1224979098644774912 5 0 31 2 1224979098644774923 0 31 2 1224979098644774912 103 1 2 313 1224979098644774912 1 2 315 1224979098644774912 1 4 227 1175 0 0 5 0 31 2 1224979098644774923 0 31 2 1224979098644774912 124 1 2 313 1224979098644774912 1 2 315 1224979098644774912 1 4 227 1028 0 0 5 0 31 2 1224979098644774923 0 31 2 1224979098644774912 134 1 2 313 1224979098644774912 1 2 315 1224979098644774912 1 1 784 1 1 783 5 0 31 2 1224979098644774923 0 31 2 1224979098644774912 104 1 2 313 1224979098644774912 1 2 315 1224979098644774912 1106 1 1585267068834419335 5 0 31 2 1224979098644774923 0 31 2 1224979098644774912 121 1 2 313 1224979098644774912 1 2 315 1224979098644774912 1 3 208 829 -50 1106 1 1585267068834419336 5 0 31 2 1224979098644774923 0 31 2 1224979098644774912 87 1 2 313 1224979098644774912 1 2 315 1224979098644774912 526 3 1224979098644774924 1224979098644774912 1 526 3 1224979098644774925 1224979098644774912 2 1 3 208 1224979098644774925 5 1 3 209 1224979098644774924 -25 5 0 31 2 1224979098644774923 0 31 2 1224979098644774912 118 1 2 313 1224979098644774912 1 2 315 1224979098644774912 1106 1 1585267068834419337 5 0 31 2 1224979098644774923 0 31 2 1224979098644774912 120 1 2 313 1224979098644774912 1 2 315 1224979098644774912 1106 1 1585267068834419338 1210 2 2493 0 5 0 31 2 1224979098644774923 0 31 2 1224979098644774912 109 1 2 313 1224979098644774912 1 2 315 1224979098644774912 1106 1 1585267068834419339 5 0 31 2 1224979098644774923 0 31 2 1224979098644774912 110 1 2 313 1224979098644774912 1 2 315 1224979098644774912 1106 1 1585267068834419340 1 3 209 26 -10 1 3 702 -5 0 5 0 31 2 1224979098644774923 0 31 2 1224979098644774912 136 1 2 313 1224979098644774912 1 2 315 1224979098644774912 1106 1 1585267068834419341 506 3 136 13 0 506 3 136 1 0 506 3 136 10 0 506 3 136 19 0 506 3 136 26 0 506 3 136 11 0 5 0 31 2 1224979098644774923 0 31 2 1224979098644774912 111 1 2 313 1224979098644774912 1 2 315 1224979098644774912 1106 1 1585267068834419342 1 3 209 26 -4 1 3 702 -4 0 5 0 31 2 1224979098644774923 0 1 3 252 1224979098644774912 1 5 0 506 3 1224979098644774912 23 1224979098644774923 2133 2 72057594037927936 1224979098644774923 1113 4 1224979098644774912 7 1585267068834416012 0 3 0 3 0 5 0 566 3 1224979098644774912 25 1 526 3 1224979098644774913 1224979098644774912 25 2106 2 1224979098644774913 1 506 3 1224979098644774912 25 1224979098644774913 3 0 
2.000000  88 1 2 865 99 31 2 144115188075856191 0 33 3 144115188075856921 25 53 31 2 144115188075855936 0 4 0 200 1 18 542 3 144115188075856921 7 -1 1 3 252 18 0 3 0 522 3 1224979098644774912 144115188075856921 5 2147484190 3 144115188075856921 4 0 2147484190 3 144115188075856921 4 6 2133 2 1224979098644774913 1 4 0 1073742366 3 144115188075856921 4 5 1073742366 3 144115188075856921 4 2 542 3 144115188075856921 4 3 2147483681 3 1224979098644774912 21 153 2133 2 1224979098644774913 0 3 0 31 2 1224979098644774913 1 2133 2 1224979098644774914 0 6 3 1224979098644774915 25 53 2147483679 2 1224979098644774915 144115188075856921 2190 3 1224979098644774916 1224979098644774915 144115188075856921 2147483678 2 1224979098644774916 0 2133 2 1224979098644774914 1 3 0 31 2 1224979098644774914 1 2147483848 1 18 2147483848 1 17 2147484214 3 18 25 1 522 3 1224979098644774917 144115188075856921 7 32 2 1224979098644774917 0 520 3 1224979098644774918 1224979098644774917 10 32 2 1224979098644774918 0 132 1 1224979098644774918 2281 3 1224979098644774919 1224979098644774918 0 2147483680 2 1224979098644774919 96 2133 2 1224979098644774920 1 6 3 1224979098644774921 0 17 200 1 1224979098644774921 546 3 1224979098644774921 6 1224979098644774917 2133 2 1224979098644774920 0 3 0 31 2 1224979098644774920 1 6 3 1224979098644774921 63 68 200 1 1224979098644774921 546 3 1224979098644774921 6 1224979098644774917 2133 2 1224979098644774920 0 3 0 31 2 1224979098644774920 1 6 3 1224979098644774921 19 23 200 1 1224979098644774921 2133 2 1224979098644774920 0 3 0 31 2 1224979098644774920 1 2171 2 1224979098644774922 0 30 2 1224979098644774922 10 2133 2 1224979098644774923 2 6 3 1224979098644774924 21 408 541 3 1224979098644774924 7 0 4 0 541 3 1224979098644774924 0 3 2105 2 1224979098644774923 3 5 0 541 3 1224979098644774924 0 2 2105 2 1224979098644774923 1 5 0 2105 2 1224979098644774923 1 3 0 3 0 2133 2 1224979098644774925 0 4 0 542 3 144115188075856921 9 13 31 2 144115188075856034 0 2147484190 3 144115188075856921 10 0 2133 2 1224979098644774925 1 3 0 31 2 1224979098644774925 0 2107 2 1224979098644774923 4 2110 2 1224979098644774923 60 506 3 18 6 1224979098644774917 506 3 18 2 1224979098644774917 506 3 18 10 1224979098644774923 506 3 18 23 7 506 3 18 24 22 2060 1 227 
3.000000  130 1 2 865 100 2133 2 144115188075857007 -1 200 2 17 1 33 3 144115188075856921 25 53 2147484190 3 144115188075856921 4 0 522 3 1224979098644774912 144115188075856921 7 2147483679 2 1224979098644774912 0 32 2 1224979098644774912 0 520 3 1224979098644774913 1224979098644774912 10 32 2 1224979098644774913 0 132 1 1224979098644774913 2281 3 1224979098644774914 1224979098644774913 0 4 0 2147483678 2 1224979098644774914 15 2133 2 144115188075856006 0 2270 1 1224979098644774915 522 3 1224979098644774916 144115188075856921 63 2121 3 1224979098644774917 1224979098644774915 1224979098644774916 2133 2 1224979098644774918 -1 4 0 2136 3 1224979098644774919 0 100 2147483678 2 1224979098644774919 30 540 3 1224979098644774912 20 0 6 3 1224979098644774920 0 20 31 2 1224979098644774918 -1 2136 3 1224979098644774921 19 23 2147484214 3 1224979098644774921 25 1 4 0 31 2 1224979098644774921 19 4 0 542 3 144115188075856921 4 2 32 2 1224979098644774917 120 2136 3 1224979098644774922 5 10 2133 2 1224979098644774918 19 506 3 1224979098644774918 10 1224979098644774922 506 3 1224979098644774918 23 10 506 3 1224979098644774918 24 30 3 0 5 0 31 2 1224979098644774921 20 31 2 1 0 4 0 542 3 144115188075856921 4 2 522 3 1224979098644774923 144115188075856921 5 33 3 1224979098644774923 21 153 1680 2 1224979098644774924 1224979098644774913 31 2 1224979098644774924 1224979098644774923 2133 2 1224979098644774918 1224979098644774921 506 3 1224979098644774918 1 1224979098644774923 506 3 1224979098644774918 23 2 506 3 1224979098644774918 24 15 3 0 5 0 31 2 1224979098644774921 22 4 0 2133 2 1224979098644774925 100 2133 2 144115188075857008 -1 2133 2 144115188075857009 -1 2133 2 144115188075857010 -1 2133 2 1224979098644774926 0 6 3 1224979098644774920 0 1224979098644774925 4 0 2147483678 2 144115188075857008 0 1 3 140 1224979098644774913 50 2133 2 144115188075857008 72057594037927936 3 0 4 0 2147483678 2 144115188075857009 0 1 3 140 1224979098644774913 50 2147483679 2 144115188075857008 72057594037927936 2133 2 144115188075857009 72057594037927936 3 0 4 0 2147483678 2 144115188075857010 0 1 3 140 1224979098644774913 50 2147483679 2 144115188075857008 72057594037927936 2147483679 2 144115188075857009 72057594037927936 2133 2 144115188075857010 72057594037927936 3 0 2147483679 2 144115188075857008 144115188075857009 2147483679 2 144115188075857008 144115188075857009 2147483679 2 144115188075857009 144115188075857010 30 2 144115188075857008 0 30 2 144115188075857009 0 30 2 144115188075857010 0 2133 2 1224979098644774925 0 2133 2 1224979098644774926 1 3 0 31 2 1224979098644774926 1 2133 2 144115188075857011 0 2133 2 144115188075857012 0 2133 2 144115188075857013 0 2133 2 1224979098644774918 22 506 3 1224979098644774918 23 7 506 3 1224979098644774918 24 25 3 0 3 0 3 0 4 0 2147483679 2 1224979098644774918 -1 506 3 1224979098644774918 11 0 506 3 1224979098644774918 6 1224979098644774912 4 0 31 2 1224979098644774918 20 2060 1 229 5 0 2133 2 144115188075857007 1224979098644774918 506 3 144115188075857007 6 1224979098644774912 2060 1 228 3 0 3 0 3 0 5 0 2105 2 144115188075856006 1 4 0 2147483678 2 144115188075856006 15 4 0 2119 3 1224979098644774927 144115188075856006 3 31 2 1224979098644774927 0 2341 2 1 1224979098644774912 4 0 2147483678 2 144115188075856006 8 5 0 1106 1 216172782113788122 3 0 3 0 5 0 2060 1 230 3 0 3 0 
0.500000  11 1 2 865 101 200 1 28 541 3 0 39 0 2147483852 1 28 526 3 1224979098644774912 28 8 526 3 1224979098644774913 28 1 2281 3 1224979098644774914 1224979098644774912 1224979098644774913 2147483678 2 1224979098644774914 3 2147483679 2 1224979098644774912 0 1232 1 1224979098644774912 1 2 312 28 
0.500000  35 1 2 865 102 4 0 200 1 38 2147483850 1 38 526 3 1224979098644774912 38 1 526 3 1224979098644774913 38 10 526 3 1224979098644774914 38 11 2121 3 1224979098644774915 1224979098644774913 1224979098644774914 1 3 403 1224979098644774912 1224979098644774915 2105 2 1224979098644774914 72057594037927936 506 3 38 11 1224979098644774914 2147483680 2 1224979098644774913 1224979098644774914 1 2 312 38 3 0 4 0 200 1 19 2147483850 1 19 526 3 1224979098644774916 19 6 520 3 1224979098644774917 1224979098644774916 10 4 0 32 2 1224979098644774917 0 526 3 1224979098644774913 19 10 526 3 1224979098644774914 19 11 2121 3 1224979098644774915 1224979098644774913 1224979098644774914 1 3 403 1224979098644774917 1224979098644774915 2105 2 1224979098644774914 72057594037927936 506 3 19 11 1224979098644774914 4 0 2147483680 2 1224979098644774913 1224979098644774914 1 2 312 19 3 0 5 0 1 3 252 19 0 3 0 3 0 
1.000000  15 1 2 865 103 2147483685 0 200 1 39 2147483852 1 39 31 2 144115188075856265 1 2105 2 144115188075857014 1 1 2 351 17 2133 2 1224979098644774912 72057594037927936 2121 3 1224979098644774913 20 1224979098644774912 2107 2 1224979098644774913 3 2108 2 1224979098644774913 5 30 2 144115188075857014 1224979098644774913 2133 2 144115188075857014 0 1030 3 0 0 0 2060 1 186 
1.000000  31 1 2 865 104 200 1 22 2147483850 1 22 4 0 31 2 144115188075857011 0 2281 3 1224979098644774912 144115188075857008 0 2147483680 2 1224979098644774912 3 2133 2 144115188075857011 1 2342 2 1 144115188075857008 1106 1 1585267068834419343 3 0 4 0 31 2 144115188075857012 0 2281 3 1224979098644774912 144115188075857009 0 2147483680 2 1224979098644774912 3 2133 2 144115188075857012 1 2342 2 1 144115188075857009 1106 1 1585267068834419343 3 0 4 0 31 2 144115188075857013 0 2281 3 1224979098644774912 144115188075857010 0 2147483680 2 1224979098644774912 3 2133 2 144115188075857013 1 2342 2 1 144115188075857010 1106 1 1585267068834419343 3 0 31 2 144115188075857011 1 31 2 144115188075857012 1 31 2 144115188075857013 1 1 2 312 22 
3.000000  8 1 2 865 105 2147483685 0 200 1 7 546 3 7 11 0 506 3 7 11 1 1030 3 0 0 0 2133 2 144115188075856061 144115188075856054 2133 2 144115188075856276 281 
1.000000  56 1 2 865 106 2147483685 0 200 1 5 31 2 144115188075855936 0 31 2 144115188075856264 1 526 3 1224979098644774912 5 11 1073741855 2 1224979098644774912 1 1073741855 2 1224979098644774912 2 31 2 1224979098644774912 3 526 3 1224979098644774913 5 10 2106 2 1224979098644774913 1 506 3 5 10 1224979098644774913 1 2 351 0 4 0 2147483678 2 1224979098644774913 0 2133 2 1224979098644774912 4 506 3 5 11 4 1030 3 0 0 0 2060 1 180 5 0 2133 2 1224979098644774914 144115188075856288 521 3 1224979098644774915 144115188075855925 46 2120 3 1224979098644774916 30 1224979098644774915 2107 2 1224979098644774914 1224979098644774916 2108 2 1224979098644774914 80 4 0 31 2 144115188075856291 1 2108 2 1224979098644774914 2 3 0 2111 2 1224979098644774914 2 2136 3 1224979098644774917 1 1224979098644774914 526 3 1224979098644774918 5 22 2105 2 1224979098644774918 1224979098644774917 506 3 5 22 1224979098644774918 1 3 365 0 1224979098644774917 3 0 4 0 31 2 1224979098644774912 1 2106 2 144115188075856289 1 2147483680 2 144115188075856289 0 506 3 5 11 2 2060 1 183 5 0 31 2 1224979098644774912 2 2106 2 144115188075856290 1 2147483680 2 144115188075856290 0 31 2 144115188075856291 0 506 3 5 11 3 2123 3 1224979098644774919 10000 144115188075856287 2105 2 1224979098644774919 30 2136 3 1224979098644774920 0 1000 4 0 2147483678 2 1224979098644774920 1224979098644774919 2060 1 184 3 0 3 0 
72.000000  10 1 2 865 107 32 2 144115188075856111 0 32 2 144115188075856112 0 4 0 2190 3 1224979098644774912 144115188075856111 144115188075856112 2147483678 2 1224979098644774912 0 1 4 223 144115188075856111 144115188075856112 1 3 0 2133 2 144115188075856111 0 2133 2 144115188075856112 0 
1.000000  112 1 2 865 108 2320 2 51 216172782113787497 4 0 32 2 144115188075855888 0 31 2 144115188075856191 0 4 0 1073741855 2 144115188075855888 52 1073741857 3 144115188075855888 622 675 2147483758 1 144115188075855888 2147483679 2 144115188075855936 1 2133 2 1224979098644774912 1 520 3 1224979098644774913 144115188075855888 10 4 0 132 1 1224979098644774913 541 3 1224979098644774913 0 19 2133 2 1224979098644774912 0 3 0 31 2 1224979098644774912 1 2320 2 51 216172782113787502 2133 2 144115188075856934 150 1025 2 144115188075855888 -1 5 0 33 3 144115188075855888 781 823 500 3 144115188075855888 151 8 2133 2 144115188075855888 0 3 0 5 0 31 2 144115188075856759 0 32 2 144115188075855886 0 2147483679 2 144115188075855886 819 2147483679 2 144115188075855886 821 2147483679 2 144115188075855886 815 31 2 144115188075856191 0 4 0 110 1 144115188075855886 2147483679 2 144115188075855936 1 2147484188 3 0 30 144115188075855886 2147484188 3 144115188075855886 30 0 2320 2 51 216172782113787498 1025 2 144115188075855886 -1 5 0 2133 2 144115188075855886 0 3 0 5 0 32 2 144115188075855986 0 31 2 144115188075856191 0 31 2 144115188075856758 0 4 0 110 1 144115188075855986 2147483679 2 144115188075855936 1 2320 2 51 216172782113787499 2133 2 144115188075856934 61 1025 2 144115188075855986 -1 5 0 2133 2 144115188075855986 0 3 0 5 0 32 2 144115188075855884 0 31 2 144115188075856191 0 31 2 144115188075856758 0 520 3 1224979098644774914 144115188075855884 71 4 0 110 1 144115188075855884 110 1 1224979098644774914 2147483679 2 144115188075855936 1 2133 2 144115188075856934 72 2320 2 51 216172782113787500 1025 2 144115188075855884 -1 5 0 2133 2 144115188075855884 0 3 0 5 0 32 2 144115188075855887 0 31 2 144115188075856191 0 31 2 144115188075856758 0 4 0 110 1 144115188075855887 2147483679 2 144115188075855936 1 2320 2 51 216172782113787501 2133 2 144115188075856934 145 1025 2 144115188075855887 -1 5 0 2133 2 144115188075855887 0 3 0 5 0 31 2 144115188075855990 0 31 2 144115188075856191 0 32 2 144115188075855989 0 4 0 110 1 144115188075855989 2147483679 2 144115188075855936 1 560 3 144115188075855989 139 1 2133 2 144115188075856934 139 1025 2 144115188075855989 -1 5 0 2133 2 144115188075855989 0 3 0 5 0 31 2 144115188075855991 0 31 2 144115188075856191 0 6 3 1224979098644774915 781 823 110 1 1224979098644774915 540 3 1224979098644774915 78 0 520 3 1224979098644774916 1224979098644774915 60 32 2 1224979098644774916 0 2281 3 1224979098644774917 1224979098644774916 0 2147483678 2 1224979098644774917 7 2133 2 144115188075856934 60 2320 2 51 216172782113787504 1025 2 1224979098644774915 -1 3 0 3 0 
168.000000  75 1 2 865 109 6 3 1224979098644774912 781 1051 2147484188 3 1224979098644774912 2 15 500 3 1224979098644774912 182 0 560 3 1224979098644774912 55 1 2173 2 1224979098644774913 1224979098644774912 520 3 1224979098644774914 1224979098644774912 55 4 0 520 3 1224979098644774915 1224979098644774912 10 2133 2 1224979098644774916 0 4 0 1073742384 3 1224979098644774912 178 1 1073742384 3 1224979098644774912 179 1 560 3 1224979098644774912 177 1 522 3 1224979098644774917 1224979098644774914 9 542 3 1224979098644774913 9 1224979098644774917 2133 2 1224979098644774916 1 5 0 31 2 1224979098644774914 1 542 3 1224979098644774913 14 0 2133 2 1224979098644774916 0 500 3 1224979098644774912 55 0 5 0 2147483680 2 1224979098644774915 0 2147484208 3 1224979098644774912 8 0 2133 2 1224979098644774916 1 5 0 32 2 1224979098644774915 0 1694 2 1224979098644774918 1224979098644774915 4 0 2147483678 2 1224979098644774918 0 1665 2 1224979098644774918 1224979098644774915 3 0 3221225505 3 1224979098644774918 21 408 541 3 1224979098644774918 7 1224979098644774912 2133 2 1224979098644774919 1051 6 3 1224979098644774920 781 1224979098644774919 2147483679 2 1224979098644774920 1224979098644774912 540 3 1224979098644774920 2 2 520 3 1224979098644774921 1224979098644774920 10 132 1 1224979098644774921 2204 2 1224979098644774922 1224979098644774921 31 2 1224979098644774922 1224979098644774913 2281 3 1224979098644774923 1224979098644774915 1224979098644774921 2147483678 2 1224979098644774923 4 2133 2 1224979098644774919 0 3 0 2147483679 2 1224979098644774919 0 2133 2 1224979098644774916 1 3 0 31 2 1224979098644774916 1 4 0 30 2 144115188075856193 1 2322 2 4 1224979098644774912 1106 1 1585267068834419344 3 0 1 3 169 1224979098644774912 1224979098644774914 500 3 1224979098644774912 55 0 4 0 33 3 1224979098644774914 25 53 2341 2 1 1224979098644774912 2343 2 2 1224979098644774913 2343 2 3 1224979098644774914 1277 2 1224979098644774924 1224979098644774914 1105 2 1585267068834419345 1224979098644774924 4 0 31 2 1224979098644774913 144115188075856921 1 4 227 264 1224979098644774912 1224979098644774914 5 0 31 2 1224979098644774914 144115188075856921 1 4 227 265 1224979098644774912 1224979098644774913 3 0 3 0 3 0 3 0 
1.000000  98 1 2 865 110 2272 1 1224979098644774912 32 2 1224979098644774912 144115188075857015 2271 1 1224979098644774913 30 2 1224979098644774913 18 2136 3 1224979098644774914 0 4 1073741854 2 1224979098644774913 22 31 2 1224979098644774914 0 2133 2 144115188075857015 1224979098644774912 2149 2 1224979098644774915 0 4 0 2147483678 2 1224979098644774915 0 2121 3 1224979098644774916 0 1224979098644774915 1528 2 0 1224979098644774916 3 0 1671 2 1224979098644774917 0 4 0 2320 2 1 216172782113786707 2319 1 2 1650 2 1224979098644774918 0 2133 2 1224979098644774919 0 7 3 1224979098644774920 0 1224979098644774918 1652 3 1224979098644774921 0 1224979098644774920 2147485155 1 1224979098644774921 1653 3 1224979098644774922 0 1224979098644774920 2173 2 1224979098644774923 1224979098644774921 2133 2 1224979098644774924 1224979098644774917 4 0 30 2 1224979098644774923 26 2147483678 2 1224979098644774923 53 522 3 1224979098644774925 1224979098644774923 67 2108 2 1224979098644774925 100 2105 2 1224979098644774924 1224979098644774925 3 0 2147483678 2 1224979098644774924 32 2121 3 1224979098644774926 36 1224979098644774924 2108 2 1224979098644774926 4 2133 2 1224979098644774927 0 6 3 1224979098644774928 0 1224979098644774922 2136 3 1224979098644774914 0 100 2147483678 2 1224979098644774914 1224979098644774926 2105 2 1224979098644774927 1 541 3 0 39 0 1210 2 1224979098644774921 0 3 0 4 0 30 2 1224979098644774927 1 2322 2 2 1224979098644774921 2133 2 72057594037927936 1224979098644774927 4 0 30 2 1224979098644774919 1 2320 2 1 216172782113787505 5 0 2320 2 3 1 2320 2 1 216172782113787506 3 0 2105 2 1224979098644774919 1224979098644774927 3 0 3 0 4 0 2123 3 1224979098644774926 144115188075856902 4 32 2 1224979098644774926 0 6 3 1224979098644774929 2257 2260 520 3 1224979098644774930 1224979098644774929 29 32 2 1224979098644774930 0 132 1 1224979098644774930 1 4 464 1224979098644774930 1224979098644774926 1 1601 2 1224979098644774931 4 4 0 32 2 1224979098644774931 0 2330 2 3 1224979098644774930 2320 2 2 216172782113788617 2133 2 72057594037927936 1224979098644774931 4 0 30 2 1224979098644774919 1 2320 2 1 216172782113787505 5 0 2320 2 3 1 2320 2 1 216172782113787506 3 0 2105 2 1224979098644774919 1224979098644774931 3 0 3 0 3 0 4 0 30 2 1224979098644774919 1 4 0 30 2 1224979098644774919 2 2320 2 2 216172782113786710 5 0 2320 2 2 216172782113786709 3 0 2320 2 1 216172782113787507 31 2 144115188075856191 0 541 3 0 39 0 1120 2 1 216172782113786708 3 0 3 0 
1.000000  32 1 2 865 111 4 0 31 2 144115188075855936 1 2147483780 1 144115188075856023 1030 3 0 0 0 3 0 33 3 144115188075856128 153 408 2133 2 1224979098644774912 144115188075856128 521 3 1224979098644774913 1224979098644774912 35 31 2 1224979098644774913 0 4 0 521 3 1224979098644774914 1224979098644774912 105 521 3 1224979098644774915 1224979098644774914 188 2270 1 1224979098644774916 4 0 31 2 144115188075856193 1 33 3 1224979098644774912 21 408 33 3 1224979098644774914 21 408 2330 2 4 1224979098644774912 2330 2 5 1224979098644774914 2270 1 72057594037927939 521 3 72057594037927940 1224979098644774914 188 1106 1 1585267068834419346 3 0 31 2 1224979098644774916 1224979098644774915 1678 2 1224979098644774912 57 1678 2 1224979098644774912 58 5 0 2120 3 1224979098644774917 1224979098644774915 4 31 2 1224979098644774917 1224979098644774916 1679 1 1224979098644774912 3 0 
24.000000  44 1 2 865 112 4 0 2147483848 1 134 546 3 134 25 0 1 4 227 573 0 0 3 0 2106 2 144115188075856001 1 2111 2 144115188075856001 -1 2106 2 144115188075856302 1 2111 2 144115188075856302 -1 4 0 1 2 1027 0 2133 2 144115188075856306 1 5 0 2133 2 144115188075856306 0 3 0 4 0 200 1 45 203 1 45 1 2 315 45 3 0 4 0 200 1 11 526 3 1224979098644774912 11 6 2173 2 1224979098644774913 1224979098644774912 2190 3 1224979098644774914 1224979098644774913 144115188075856921 3221225502 2 1224979098644774914 0 2147483681 3 1224979098644774913 25 53 1 3 252 11 0 3 0 4 0 33 3 144115188075856921 25 53 2147483679 2 144115188075856921 25 542 3 144115188075856921 7 0 2105 2 144115188075856303 1 5 0 2133 2 144115188075856303 0 3 0 6 3 1224979098644774915 21 73 521 3 1224979098644774916 1224979098644774915 114 30 2 1224979098644774916 1 2106 2 1224979098644774916 1 501 3 1224979098644774915 114 1224979098644774916 3 0 
24.000000  10 1 2 865 113 31 2 144115188075856047 1 2147483679 2 144115188075856857 1 2133 2 144115188075856857 1 2147483680 2 144115188075855916 0 520 3 1224979098644774912 0 96 2147483678 2 1224979098644774912 0 2133 2 144115188075856182 0 2133 2 144115188075856143 -1 2060 1 345 
24.000000  21 1 2 865 114 507 3 112 1 8 507 3 107 1 2 507 3 98 1 4 507 3 103 1 5 507 3 99 1 5 507 3 101 1 5 507 3 115 1 4 507 3 113 1 9 507 3 109 1 7 507 3 110 1 5 507 3 114 1 9 507 3 106 1 1 507 3 102 1 2 507 3 105 1 3 507 3 104 1 4 507 3 93 1 4 507 3 100 1 6 507 3 95 1 5 507 3 96 1 4 507 3 97 1 3 
1.000000  18 1 2 865 115 11 1 1224979098644774912 32 2 1224979098644774912 525 1609 2 1224979098644774913 1224979098644774912 1073741855 2 1224979098644774913 285 1073741855 2 1224979098644774913 300 33 3 1224979098644774913 202 215 2281 3 1224979098644774914 0 1224979098644774912 2147483680 2 1224979098644774914 6 1603 3 1224979098644774912 256 0 1603 3 1224979098644774912 16384 1 4 0 31 2 1224979098644774913 285 3221225672 1 73 2147484194 3 73 8 1224979098644774912 1 2 937 1224979098644774912 3 0 3 0 
0.500000  217 1 2 865 116 31 2 144115188075855965 2143 2133 2 1224979098644774912 72057594037927936 2133 2 1224979098644774913 72057594037927937 11 1 1224979098644774914 32 2 1224979098644774914 525 541 3 1224979098644774914 0 16 132 1 1224979098644774914 521 3 1224979098644774915 1224979098644774914 5 521 3 1224979098644774916 1224979098644774914 191 4 0 132 1 1224979098644774915 2281 3 1224979098644774917 1224979098644774914 1224979098644774915 2330 2 14 1224979098644774914 2330 2 15 1224979098644774915 4 0 31 2 144115188075856193 1 2133 2 72057594037927936 1224979098644774917 1106 1 1585267068834419347 3 0 4 0 2147483680 2 1224979098644774917 1 521 3 1224979098644774918 1224979098644774914 247 2325 2 12 1224979098644774918 4 0 32 2 1224979098644774916 0 2322 2 13 1224979098644774916 5 0 2330 2 13 1224979098644774915 3 0 1105 2 1585267068834419348 65280 2133 2 1224979098644774919 0 2204 2 1224979098644774920 1224979098644774915 4 0 32 2 1224979098644774916 0 542 3 1224979098644774920 10 1224979098644774916 4 0 31 2 1224979098644774918 95 2133 2 1224979098644774919 1 5 0 31 2 1224979098644774918 79 2133 2 1224979098644774919 2 3 0 5 0 2136 3 1224979098644774921 1 3 4 0 31 2 1224979098644774918 96 2105 2 1224979098644774919 1224979098644774921 5 0 31 2 1224979098644774918 95 2120 3 1224979098644774919 1 1224979098644774921 5 0 31 2 1224979098644774918 79 2120 3 1224979098644774919 2 1224979098644774921 5 0 31 2 1224979098644774918 87 2105 2 1224979098644774919 1 5 0 31 2 1224979098644774918 86 2105 2 1224979098644774919 2 5 0 31 2 1224979098644774918 88 2105 2 1224979098644774919 4 5 0 31 2 1224979098644774918 98 4 0 541 3 1224979098644774915 0 4 2105 2 1224979098644774919 1 3 0 5 0 31 2 1224979098644774918 99 2105 2 1224979098644774919 1 4 0 541 3 1224979098644774915 0 4 2105 2 1224979098644774919 1 3 0 5 0 31 2 1224979098644774918 100 2105 2 1224979098644774919 2 4 0 541 3 1224979098644774915 0 4 2105 2 1224979098644774919 2 3 0 3 0 3 0 4 0 1073741855 2 1224979098644774920 25 31 2 1224979098644774920 144115188075856921 2105 2 1224979098644774919 1 3 0 2230 2 1224979098644774922 1224979098644774918 521 3 1224979098644774923 1224979098644774914 378 4 0 32 2 1224979098644774923 0 2107 2 1224979098644774922 1224979098644774923 5 0 1073741857 3 1224979098644774916 1051 1209 2147483681 3 1224979098644774918 68 116 5 0 33 3 1224979098644774916 781 1051 2107 2 1224979098644774922 150 5 0 33 3 1224979098644774915 21 408 2107 2 1224979098644774922 300 3 0 2133 2 1224979098644774923 100 4 0 2147483681 3 1224979098644774918 68 116 4 0 1073741856 2 1224979098644774916 0 541 3 1224979098644774915 0 3 2133 2 1224979098644774923 115 5 0 2133 2 1224979098644774923 130 3 0 5 0 32 2 1224979098644774916 0 2133 2 1224979098644774924 0 2133 2 1224979098644774925 0 2133 2 1224979098644774926 0 2133 2 1224979098644774927 0 2133 2 1224979098644774928 0 6 3 1224979098644774929 21 73 1 5 992 1224979098644774918 1224979098644774929 -2 -2 2105 2 1224979098644774924 72057594037927936 2204 2 1224979098644774930 1224979098644774929 31 2 1224979098644774930 1224979098644774920 2105 2 1224979098644774925 72057594037927936 2105 2 1224979098644774926 1 541 3 1224979098644774929 7 1224979098644774916 2105 2 1224979098644774927 72057594037927936 2105 2 1224979098644774928 1 3 0 4 0 31 2 1224979098644774928 0 6 3 1224979098644774929 153 408 4 0 541 3 1224979098644774929 7 1224979098644774916 1 5 992 1224979098644774918 1224979098644774929 -2 -2 2105 2 1224979098644774926 72057594037927936 2105 2 1224979098644774928 1 3 0 4 0 521 3 72057594037927937 1224979098644774929 105 32 2 72057594037927937 0 541 3 72057594037927937 0 2 541 3 72057594037927937 7 1224979098644774916 1 5 992 1224979098644774918 1224979098644774929 -2 -2 2105 2 1224979098644774926 72057594037927936 2105 2 1224979098644774928 1 3 0 3 0 3 0 4 0 32 2 1224979098644774928 0 2123 3 1224979098644774923 1224979098644774927 1224979098644774928 5 0 32 2 1224979098644774926 0 2107 2 1224979098644774925 130 2108 2 1224979098644774925 115 2123 3 1224979098644774923 1224979098644774925 1224979098644774926 5 0 32 2 73 21 2121 3 72057594037927937 73 21 2107 2 1224979098644774924 130 2108 2 1224979098644774924 115 2123 3 1224979098644774923 1224979098644774924 72057594037927937 3 0 5 0 32 2 1224979098644774915 0 1 5 992 1224979098644774918 1224979098644774929 -2 -2 2133 2 1224979098644774923 72057594037927936 5 0 2133 2 1224979098644774923 115 3 0 4 0 30 2 144115188075856193 1 2133 2 72057594037927936 1224979098644774923 2122 3 72057594037927937 1224979098644774922 1224979098644774923 2105 2 72057594037927937 50 2108 2 72057594037927937 100 2105 2 72057594037927937 50 1106 1 1585267068834419349 3 0 2107 2 1224979098644774922 1224979098644774923 2105 2 1224979098644774922 50 2108 2 1224979098644774922 100 2105 2 1224979098644774922 50 2136 3 1224979098644774921 0 1000 2133 2 72057594037927936 1224979098644774922 2105 2 1224979098644774922 1224979098644774921 2108 2 1224979098644774922 1000 2111 2 1224979098644774922 1 2110 2 1224979098644774919 1224979098644774922 4 0 2147483678 2 1224979098644774919 1 4 0 32 2 1224979098644774916 0 1106 1 1585267068834419350 5 0 1106 1 1585267068834419351 3 0 5 0 32 2 1224979098644774916 0 1 3 208 1224979098644774916 1224979098644774919 5 0 1 3 209 1224979098644774915 1224979098644774919 3 0 1 2 937 1224979098644774914 3 0 5 0 1105 2 1585267068834419352 16711680 1 2 937 1224979098644774914 3 0 3 0 2133 2 72057594037927936 1224979098644774912 2133 2 72057594037927937 1224979098644774913 
0.500000  106 1 2 865 117 11 1 1224979098644774912 32 2 1224979098644774912 525 541 3 1224979098644774912 0 6 521 3 1224979098644774913 1224979098644774912 5 521 3 1224979098644774914 1224979098644774912 191 4 0 132 1 1224979098644774913 2281 3 1224979098644774915 1224979098644774912 1224979098644774913 2330 2 14 1224979098644774912 2330 2 15 1224979098644774913 4 0 31 2 144115188075856193 1 2133 2 72057594037927936 1224979098644774915 1106 1 1585267068834419347 3 0 4 0 2147483680 2 1224979098644774915 1 4 0 31 2 1224979098644774913 0 521 3 1224979098644774916 1224979098644774912 191 521 3 1224979098644774917 1224979098644774912 247 1 4 227 327 1224979098644774916 1224979098644774917 1 2 937 1224979098644774912 5 0 541 3 1224979098644774913 0 5 521 3 1224979098644774918 1224979098644774912 247 4 0 31 2 1224979098644774918 -1 2147483679 2 1224979098644774913 0 521 3 1224979098644774919 1224979098644774913 108 501 3 1224979098644774919 108 0 1232 1 1224979098644774913 5 0 31 2 1224979098644774918 14 2330 2 5 1224979098644774914 1669 2 1224979098644774913 216172782113788369 1640 2 1224979098644774913 1 1641 2 1224979098644774913 1224979098644774914 501 3 1224979098644774913 5 1224979098644774914 501 3 1224979098644774913 4 14 1606 2 1224979098644774913 0 1607 2 1224979098644774913 3 1639 2 1224979098644774913 100 5 0 2330 2 5 1224979098644774914 1669 2 1224979098644774913 216172782113788372 1640 2 1224979098644774913 1 1641 2 1224979098644774913 1224979098644774914 501 3 1224979098644774913 5 1224979098644774914 501 3 1224979098644774913 190 1224979098644774918 3 0 1 2 937 1224979098644774912 5 0 33 3 1224979098644774913 21 153 521 3 1224979098644774920 1224979098644774912 377 4 0 520 3 1224979098644774921 1224979098644774920 10 32 2 1224979098644774921 0 132 1 1224979098644774921 2147483778 2 1224979098644774921 1224979098644774913 1640 2 1224979098644774912 1 1641 2 1224979098644774912 1224979098644774921 501 3 1224979098644774912 5 1224979098644774921 3 0 5 0 1652 3 1224979098644774916 1224979098644774913 0 2322 2 13 1224979098644774916 4 0 31 2 144115188075856193 1 1105 2 1585267068834419353 65280 2133 2 144115188075855893 1224979098644774916 3 0 521 3 1224979098644774918 1224979098644774912 247 2133 2 1224979098644774917 0 4 0 501 3 1224979098644774913 27 0 2270 1 1224979098644774922 501 3 1224979098644774913 189 780 501 3 1224979098644774913 191 1224979098644774914 501 3 1224979098644774913 190 1224979098644774918 501 3 1224979098644774913 192 1224979098644774922 1 2 444 1224979098644774916 4 0 31 2 144115188075856193 1 1106 1 1585267068834419354 3 0 4 0 31 2 72057594037927936 1224979098644774918 31 2 72057594037927937 1224979098644774914 2133 2 1224979098644774917 1 3 0 1 4 197 1224979098644774913 72057594037927936 72057594037927937 3 0 1640 2 1224979098644774912 1 1641 2 1224979098644774912 0 501 3 1224979098644774912 5 0 501 3 1224979098644774912 191 1224979098644774916 501 3 1224979098644774912 247 1224979098644774917 3 0 3 0 5 0 1105 2 1585267068834419355 16711680 1 2 937 1224979098644774912 3 0 3 0 
24.000000  63 1 2 865 118 1 1 76 31 2 144115188075855971 2142 33 3 144115188075855969 21 153 541 3 144115188075855969 7 0 2170 3 1224979098644774912 17 0 2105 2 1224979098644774912 4 2123 3 1224979098644774913 1224979098644774912 2 2171 2 1224979098644774914 0 4 0 30 2 144115188075855968 1 2122 3 1224979098644774915 144115188075855968 3 2105 2 1224979098644774913 1224979098644774915 2105 2 1224979098644774914 4 2105 2 1224979098644774914 144115188075855968 3 0 1650 2 1224979098644774916 144115188075855969 7 3 1224979098644774917 0 1224979098644774916 1652 3 1224979098644774918 144115188075855969 1224979098644774917 2147485155 1 1224979098644774918 4 0 31 2 144115188075855967 -1 2136 3 1224979098644774919 0 2 5 0 2133 2 1224979098644774919 144115188075855967 3 0 1561 3 1224979098644774920 1224979098644774918 1224979098644774919 4 0 2147483680 2 1224979098644774920 0 1561 3 1224979098644774920 1224979098644774918 0 3 0 32 2 1224979098644774920 0 2147485155 1 1224979098644774920 2171 2 1224979098644774921 1224979098644774918 2147483680 2 1224979098644774921 1224979098644774914 1630 3 1224979098644774922 144115188075855969 1224979098644774918 2110 2 1224979098644774913 1224979098644774922 1 2 22 1224979098644774918 4 0 30 2 144115188075855968 1 2122 3 1224979098644774915 144115188075855968 10 2105 2 72057594037927936 1224979098644774915 3 0 2122 3 1224979098644774923 1224979098644774913 72057594037927936 2149 2 1224979098644774924 2086 4 0 2147483678 2 1224979098644774924 1224979098644774923 2123 3 1224979098644774925 1224979098644774924 72057594037927936 2110 2 1224979098644774913 1224979098644774925 2122 3 1224979098644774923 1224979098644774913 72057594037927936 1106 1 1585267068834419356 3 0 32 2 1224979098644774913 0 1615 3 144115188075855969 1224979098644774918 1224979098644774913 1610 3 144115188075855969 1224979098644774920 1224979098644774913 1 2 989 1224979098644774923 2133 2 72057594037927941 1224979098644774913 2322 2 6 1224979098644774918 2322 2 7 1224979098644774920 2330 2 8 144115188075855969 1106 1 1585267068834419357 2133 2 1224979098644774916 -1 3 0 
0.923077  37 1 2 865 119 2136 3 1224979098644774912 21 73 561 3 1224979098644774912 7 1 2147484209 3 1224979098644774912 72 1 541 3 1224979098644774912 50 -1 541 3 1224979098644774912 254 0 521 3 1224979098644774913 1224979098644774912 108 4 0 30 2 1224979098644774913 1 2147483780 1 1224979098644774913 2133 2 1224979098644774913 0 501 3 1224979098644774912 108 0 3 0 4 0 30 2 1224979098644774913 1 2147483680 2 1224979098644774913 525 2133 2 1224979098644774913 0 501 3 1224979098644774912 108 0 3 0 31 2 1224979098644774913 0 2133 2 1224979098644774914 -1 4 0 561 3 1224979098644774912 45 18000 2133 2 1224979098644774914 2 5 0 561 3 1224979098644774912 45 12000 2133 2 1224979098644774914 1 5 0 561 3 1224979098644774912 45 6000 2133 2 1224979098644774914 0 3 0 30 2 1224979098644774914 0 2204 2 1224979098644774915 1224979098644774912 33 3 1224979098644774915 25 53 521 3 1224979098644774916 1224979098644774912 7 33 3 1224979098644774916 781 1051 1 6 1007 1224979098644774912 1224979098644774912 1224979098644774914 1224979098644774915 1224979098644774916 
12.000000  12 1 2 865 120 11 1 1224979098644774912 32 2 1224979098644774912 525 132 1 1224979098644774912 541 3 1224979098644774912 0 20 131 1 1224979098644774912 1665 2 1224979098644774913 1224979098644774912 2133 2 144115188075855970 1 1661 1 1224979098644774912 1 3 99 1224979098644774913 1224979098644774912 1 2 937 1224979098644774912 3 0 
3.000000  13 1 2 865 121 11 1 1224979098644774912 32 2 1224979098644774912 525 132 1 1224979098644774912 541 3 1224979098644774912 0 21 521 3 1224979098644774913 1224979098644774912 259 2204 2 1224979098644774914 1224979098644774912 2204 2 1224979098644774915 1224979098644774913 31 2 1224979098644774914 1224979098644774915 541 3 1224979098644774913 254 0 1 2 937 1224979098644774912 502 3 1224979098644774914 57 0 3 0 
0.038462  103 1 2 865 122 2136 3 1224979098644774912 21 73 4 0 521 3 1224979098644774913 1224979098644774912 108 32 2 1224979098644774913 525 132 1 1224979098644774913 541 3 1224979098644774913 0 5 4 0 2204 2 1224979098644774914 1224979098644774913 2204 2 1224979098644774915 1224979098644774912 2147483679 2 1224979098644774915 1224979098644774914 1680 2 1224979098644774916 1224979098644774913 2147483680 2 1224979098644774916 -1 1232 1 1224979098644774913 501 3 1224979098644774912 108 0 5 0 521 3 1224979098644774917 1224979098644774913 5 521 3 1224979098644774918 1224979098644774913 108 4 0 2147483780 1 1224979098644774917 2133 2 1224979098644774917 1224979098644774918 501 3 1224979098644774913 5 1224979098644774917 3 0 4 0 33 3 1224979098644774918 21 408 4 0 2291 2 1224979098644774919 1224979098644774913 32 2 1224979098644774919 -1 541 3 1224979098644774913 39 1 1609 2 1224979098644774920 1224979098644774919 31 2 1224979098644774920 287 541 3 1224979098644774913 320 -1 1640 2 1224979098644774913 1 1641 2 1224979098644774913 1224979098644774918 501 3 1224979098644774913 5 1224979098644774918 5 0 2290 2 1224979098644774921 1224979098644774913 31 2 1224979098644774921 2 4 0 541 3 1224979098644774913 39 1 1640 2 1224979098644774913 1 1641 2 1224979098644774913 1224979098644774917 501 3 1224979098644774913 5 1224979098644774917 5 0 1602 2 1224979098644774922 1224979098644774913 2157 2 1224979098644774923 1224979098644774913 2281 3 1224979098644774924 1224979098644774913 1224979098644774917 1073741856 2 1224979098644774922 30 1073741857 3 1224979098644774923 0 10 32 2 1224979098644774924 15 4 0 2147483678 2 1224979098644774923 10 1640 2 1224979098644774913 1 1641 2 1224979098644774913 1224979098644774918 501 3 1224979098644774913 5 1224979098644774918 501 3 1224979098644774913 4 14 1606 2 1224979098644774913 0 1607 2 1224979098644774913 3 1639 2 1224979098644774913 100 5 0 1640 2 1224979098644774913 1 1641 2 1224979098644774913 1224979098644774918 501 3 1224979098644774913 5 1224979098644774918 3 0 3 0 5 0 31 2 1224979098644774921 1 2281 3 1224979098644774924 1224979098644774913 1224979098644774917 2147483680 2 1224979098644774924 3 4 0 33 3 1224979098644774917 21 153 1 3 99 1224979098644774917 1224979098644774913 1 2 96 1224979098644774913 3 0 4 0 521 3 1224979098644774925 1224979098644774913 4 31 2 1224979098644774925 14 4 0 2147483680 2 1224979098644774924 1 521 3 1224979098644774926 1224979098644774913 10 1 7 818 1224979098644774913 1224979098644774926 10 -1 -1 1 501 3 1224979098644774913 4 4 1625 2 1 1224979098644774917 1640 2 1224979098644774913 2 1643 2 1224979098644774913 1 1642 2 1224979098644774913 1 3 0 5 0 1625 2 1 1224979098644774917 1640 2 1224979098644774913 2 1643 2 1224979098644774913 1 1642 2 1224979098644774913 1 501 3 1224979098644774913 4 4 3 0 3 0 5 0 2330 2 1 1224979098644774913 2330 2 2 1224979098644774917 2133 2 72057594037927936 1224979098644774918 1106 1 1585267068834419358 3 0 3 0 3 0 
0.200000  42 1 2 865 123 11 1 1224979098644774912 32 2 1224979098644774912 525 132 1 1224979098644774912 541 3 1224979098644774912 0 7 4 0 2290 2 1224979098644774913 1224979098644774912 1073741855 2 1224979098644774913 6 31 2 1224979098644774913 1 521 3 1224979098644774914 1224979098644774912 5 2281 3 1224979098644774915 1224979098644774912 1224979098644774914 2147483680 2 1224979098644774915 1 4 0 31 2 1224979098644774914 0 521 3 1224979098644774916 1224979098644774912 247 1 4 227 328 1224979098644774916 0 1 2 937 1224979098644774912 5 0 2147483679 2 1224979098644774914 0 521 3 1224979098644774917 1224979098644774912 247 4 0 2147483680 2 1224979098644774917 100 1230 1 1224979098644774912 2105 2 1224979098644774917 1 501 3 1224979098644774912 247 1224979098644774917 4 0 2136 3 1224979098644774918 0 1000 31 2 1224979098644774918 0 2330 2 11 1224979098644774914 1105 2 1585267068834419359 16711680 1 2 937 1224979098644774912 3 0 5 0 1231 1 1224979098644774912 1640 2 1224979098644774912 1 1641 2 1224979098644774912 0 501 3 1224979098644774912 5 0 501 3 1224979098644774912 247 1224979098644774914 3 0 3 0 3 0 3 0 
720.000000  89 1 2 865 124 6 3 1224979098644774912 25 53 542 3 1224979098644774912 14 0 522 3 1224979098644774913 1224979098644774912 225 522 3 1224979098644774914 1224979098644774912 226 522 3 1224979098644774915 1224979098644774912 227 2121 3 1224979098644774916 1224979098644774914 1224979098644774913 2122 3 1224979098644774917 1224979098644774914 -1 2106 2 1224979098644774917 1224979098644774913 2122 3 1224979098644774918 1224979098644774915 -1 2106 2 1224979098644774917 1224979098644774913 4 0 3221225503 2 1224979098644774918 0 3221225503 2 1224979098644774917 0 2147483679 2 1224979098644774916 0 6 3 1224979098644774919 781 1051 540 3 1224979098644774919 2 2 2173 2 1224979098644774920 1224979098644774919 31 2 1224979098644774912 1224979098644774920 522 3 1224979098644774921 1224979098644774912 10 2147483679 2 1224979098644774919 1224979098644774921 2133 2 1224979098644774922 1224979098644774916 4 0 540 3 1224979098644774919 52 10 2133 2 1224979098644774922 1224979098644774917 5 0 540 3 1224979098644774919 52 9 2133 2 1224979098644774922 1224979098644774918 3 0 2133 2 1224979098644774923 0 4 0 33 3 1224979098644774919 781 823 540 3 1224979098644774919 142 1 4 0 540 3 1224979098644774919 143 5 4 0 3221226034 3 1224979098644774920 226 -1 562 3 1224979098644774920 225 2 2106 2 1224979098644774923 1 5 0 1073742386 3 1224979098644774920 226 2 2147484210 3 1224979098644774920 225 -2 562 3 1224979098644774920 226 -1 2105 2 1224979098644774923 1 3 0 5 0 540 3 1224979098644774919 143 2 4 0 562 3 1224979098644774920 227 2 2106 2 1224979098644774923 1 5 0 2147484210 3 1224979098644774920 227 0 2120 3 1224979098644774924 1224979098644774915 1224979098644774914 2147483678 2 1224979098644774924 0 2105 2 1224979098644774923 1 3 0 3 0 3 0 4 0 540 3 1224979098644774919 53 5 3221226034 3 1224979098644774920 226 -1 562 3 1224979098644774920 225 2 2147484188 3 1224979098644774919 52 5 2147484188 3 1224979098644774919 52 7 2106 2 1224979098644774923 1 5 0 540 3 1224979098644774919 53 2 562 3 1224979098644774920 227 2 2147484188 3 1224979098644774919 52 2 2147484188 3 1224979098644774919 52 3 2147484188 3 1224979098644774919 52 5 2106 2 1224979098644774923 1 3 0 2112 3 1224979098644774923 -1 2 2105 2 1224979098644774922 1224979098644774923 2147483679 2 1224979098644774922 0 4 0 31 2 144115188075856193 1 2335 2 9 1224979098644774912 2133 2 72057594037927937 1224979098644774922 1106 1 1585267068834419360 3 0 522 3 1224979098644774925 1224979098644774912 10 1 3 431 1224979098644774925 1224979098644774919 33 3 72057594037927936 -41 41 1 4 430 1224979098644774925 1224979098644774919 1224979098644774922 3 0 3 0 3 0 
168.000000  167 1 2 865 125 2133 2 1224979098644774912 72057594037927936 2133 2 1224979098644774913 72057594037927937 2133 2 1224979098644774914 72057594037927940 4 0 30 2 144115188075856757 1 2133 2 1224979098644774915 -1 2133 2 1224979098644774916 -101 2133 2 1224979098644774917 0 2136 3 1224979098644774918 846 1051 6 3 1224979098644774919 846 1051 2120 3 1224979098644774920 1224979098644774918 1224979098644774919 4 0 30 2 1224979098644774920 1051 2106 2 1224979098644774920 1051 2105 2 1224979098644774920 846 3 0 540 3 1224979098644774920 2 14 2173 2 1224979098644774921 1224979098644774920 1073741855 2 1224979098644774921 -1 1073741855 2 1224979098644774921 1 31 2 1224979098644774921 2 2105 2 1224979098644774917 1 4 0 520 3 1224979098644774922 1224979098644774920 14 33 3 1224979098644774922 25 53 522 3 1224979098644774923 1224979098644774922 10 32 2 1224979098644774923 0 1 3 431 1224979098644774920 1224979098644774923 1073741855 2 1224979098644774915 -1 32 2 72057594037927936 1224979098644774916 2133 2 1224979098644774915 1224979098644774920 2133 2 1224979098644774916 72057594037927936 5 0 31 2 1224979098644774915 -1 2133 2 1224979098644774915 1224979098644774920 3 0 3 0 4 0 31 2 1224979098644774915 -1 4 0 30 2 144115188075856193 1 1106 1 1585267068834419361 3 0 5 0 2147483678 2 1224979098644774917 3 2136 3 1224979098644774924 0 256 30 2 1224979098644774924 128 4 0 30 2 144115188075856193 1 2133 2 72057594037927936 1224979098644774917 1106 1 1585267068834419362 3 0 5 0 2147483679 2 1224979098644774915 -1 4 0 30 2 144115188075856193 1 2322 2 4 1224979098644774915 2133 2 72057594037927936 1224979098644774916 2133 2 72057594037927937 1224979098644774917 1106 1 1585267068834419363 3 0 520 3 1224979098644774922 1224979098644774915 14 4 0 3221225502 2 1224979098644774916 -50 3221225505 3 1224979098644774922 25 53 2147484190 3 1224979098644774922 14 0 1 2 213 1224979098644774915 2133 2 1224979098644774922 72057594037927936 3 0 4 0 2147483681 3 1224979098644774922 25 53 30 2 144115188075856193 1 2322 2 4 1224979098644774915 1106 1 1585267068834419364 3 0 33 3 1224979098644774922 25 53 2133 2 1224979098644774925 0 4 0 31 2 1224979098644774922 144115188075856921 1 3 1050 0 144115188075856921 30 2 72057594037927936 50 2133 2 1224979098644774925 0 6 3 1224979098644774926 846 1051 2173 2 1224979098644774927 1224979098644774926 1073741855 2 1224979098644774927 25 31 2 1224979098644774927 144115188075856921 540 3 1224979098644774926 2 0 2105 2 1224979098644774925 1 3 0 32 2 1224979098644774925 1 4 0 30 2 144115188075856193 1 2133 2 72057594037927936 1224979098644774925 1106 1 1585267068834419365 3 0 5 0 1 3 1022 1224979098644774915 1224979098644774922 3 0 3 0 3 0 33 3 144115188075855974 846 1209 2133 2 1224979098644774928 -101 2133 2 1224979098644774929 101 2133 2 1224979098644774930 0 2133 2 1224979098644774931 0 2133 2 1224979098644774932 0 2133 2 1224979098644774933 0 6 3 1224979098644774934 846 1209 1 2 1012 1224979098644774934 32 2 72057594037927936 0 1 2 206 1224979098644774934 4 0 2147483678 2 72057594037927936 0 2105 2 1224979098644774931 1 2147483680 2 72057594037927936 1224979098644774929 2133 2 1224979098644774933 1224979098644774934 5 0 30 2 72057594037927936 20 2105 2 1224979098644774930 1 32 2 72057594037927936 1224979098644774928 2133 2 1224979098644774932 1224979098644774934 3 0 2111 2 1224979098644774928 72057594037927936 2110 2 1224979098644774929 72057594037927936 3 0 4 0 32 2 1224979098644774929 -15 2133 2 1224979098644774933 0 5 0 32 2 1224979098644774929 -20 2341 2 0 1224979098644774933 1106 1 1585267068834419366 2319 1 0 5 0 2147483679 2 1224979098644774933 0 30 2 1224979098644774930 1224979098644774931 2120 3 72057594037927936 1224979098644774929 1224979098644774928 30 2 72057594037927936 0 2341 2 0 1224979098644774933 2341 2 1 1224979098644774932 1106 1 1585267068834419367 2319 1 0 2319 1 1 2133 2 1224979098644774933 0 3 0 4 0 31 2 1224979098644774933 0 6 3 1224979098644774934 846 1209 1 2 1012 1224979098644774934 32 2 72057594037927936 0 4 0 560 3 1224979098644774934 8 0 2147484208 3 0 8 1 2147485156 1 0 1 3 208 1224979098644774934 -1 5 0 1 3 208 1224979098644774934 1 3 0 3 0 5 0 1 4 227 330 1224979098644774933 0 1 2 1013 1 3 0 2133 2 72057594037927936 1224979098644774912 2133 2 72057594037927937 1224979098644774913 2133 2 72057594037927940 1224979098644774914 
24.000000  43 1 2 865 126 2133 2 1224979098644774912 0 2133 2 1224979098644774913 0 6 3 1224979098644774914 21 408 4 0 541 3 1224979098644774914 7 0 4 0 33 3 1224979098644774914 21 153 2133 2 1224979098644774912 1 3 0 2133 2 1224979098644774913 1 5 0 521 3 1224979098644774915 1224979098644774914 263 32 2 1224979098644774915 0 132 1 1224979098644774915 2133 2 1224979098644774913 1 3 0 3 0 4 0 31 2 1224979098644774912 0 3221225503 2 144115188075855971 0 2147483679 2 144115188075855965 0 2133 2 144115188075855971 0 2133 2 144115188075855965 0 3 0 4 0 31 2 1224979098644774913 0 4 0 2147483679 2 144115188075855973 0 2133 2 144115188075855973 0 2149 2 1224979098644774916 2086 4 0 32 2 1224979098644774916 0 2133 2 72057594037927947 1224979098644774916 2107 3 72057594037927946 1224979098644774916 800 2108 2 72057594037927946 1000 2121 3 72057594037927948 72057594037927947 72057594037927946 1106 2 1585267068834420120 16724787 1 2 989 72057594037927947 1 3 365 0 72057594037927946 3 0 3 0 3 0 
24.000000  169 1 2 865 127 2136 3 1224979098644774912 0 100 4 0 1073741857 3 144115188075856869 1 3 31 2 144115188075856869 12 4 0 2147483680 2 1224979098644774912 15 2136 3 1224979098644774913 0 5 91 1 1224979098644774913 93 1 1224979098644774913 2133 2 144115188075856865 0 5 0 2147483680 2 1224979098644774912 45 2136 3 1224979098644774913 20 35 91 1 1224979098644774913 93 1 1224979098644774913 2133 2 144115188075856865 1 5 0 2147483680 2 1224979098644774912 65 2136 3 1224979098644774913 50 70 91 1 1224979098644774913 93 1 1224979098644774913 2133 2 144115188075856865 2 5 0 2147483680 2 1224979098644774912 80 2136 3 1224979098644774913 70 80 91 1 1224979098644774913 93 1 1224979098644774913 2133 2 144115188075856865 3 5 0 2136 3 1224979098644774913 80 100 91 1 1224979098644774913 93 1 1224979098644774913 2133 2 144115188075856865 4 3 0 5 0 33 3 144115188075856869 3 6 4 0 2147483680 2 1224979098644774912 15 2136 3 1224979098644774914 0 5 2136 3 1224979098644774915 0 5 91 1 1224979098644774914 93 1 1224979098644774915 2133 2 144115188075856865 0 5 0 2147483680 2 1224979098644774912 45 2136 3 1224979098644774914 60 90 2136 3 1224979098644774915 20 30 91 1 1224979098644774914 93 1 1224979098644774915 2133 2 144115188075856865 1 5 0 2147483680 2 1224979098644774912 65 2136 3 1224979098644774914 20 25 2136 3 1224979098644774915 10 15 91 1 1224979098644774914 93 1 1224979098644774915 2133 2 144115188075856865 2 5 0 2147483680 2 1224979098644774912 80 2136 3 1224979098644774914 90 101 2136 3 1224979098644774915 0 50 91 1 1224979098644774914 93 1 1224979098644774915 2133 2 144115188075856865 3 5 0 2136 3 1224979098644774914 0 50 2136 3 1224979098644774915 0 5 91 1 1224979098644774914 93 1 1224979098644774915 2133 2 144115188075856865 4 3 0 5 0 33 3 144115188075856869 6 9 4 0 2147483680 2 1224979098644774912 35 2136 3 1224979098644774914 0 5 2136 3 1224979098644774915 0 3 91 1 1224979098644774914 93 1 1224979098644774915 2133 2 144115188075856865 0 5 0 2147483680 2 1224979098644774912 65 2136 3 1224979098644774914 0 14 2136 3 1224979098644774915 0 3 91 1 1224979098644774914 93 1 1224979098644774915 2133 2 144115188075856865 1 5 0 2147483680 2 1224979098644774912 80 2136 3 1224979098644774914 30 55 2136 3 1224979098644774915 0 5 91 1 1224979098644774914 93 1 1224979098644774915 2133 2 144115188075856865 2 5 0 2147483680 2 1224979098644774912 90 2136 3 1224979098644774914 0 50 2136 3 1224979098644774915 0 5 91 1 1224979098644774914 93 1 1224979098644774915 2133 2 144115188075856865 3 5 0 2136 3 1224979098644774914 80 101 2136 3 1224979098644774915 30 40 91 1 1224979098644774914 93 1 1224979098644774915 2133 2 144115188075856865 4 3 0 5 0 33 3 144115188075856869 9 12 4 0 2147483680 2 1224979098644774912 10 2136 3 1224979098644774914 0 5 2136 3 1224979098644774915 0 5 91 1 1224979098644774914 93 1 1224979098644774915 2133 2 144115188075856865 0 5 0 2147483680 2 1224979098644774912 65 2136 3 1224979098644774914 0 14 2136 3 1224979098644774915 70 101 91 1 1224979098644774914 93 1 1224979098644774915 2133 2 144115188075856865 1 5 0 2147483680 2 1224979098644774912 80 2136 3 1224979098644774914 30 55 2136 3 1224979098644774915 90 101 91 1 1224979098644774914 93 1 1224979098644774915 2133 2 144115188075856865 2 5 0 2147483680 2 1224979098644774912 90 2136 3 1224979098644774914 50 65 2136 3 1224979098644774915 20 55 91 1 1224979098644774914 93 1 1224979098644774915 2133 2 144115188075856865 3 5 0 2136 3 1224979098644774914 90 101 2136 3 1224979098644774915 90 101 91 1 1224979098644774914 93 1 1224979098644774915 2133 2 144115188075856865 4 3 0 3 0 2124 1 1 2401 2 1585267068834415613 144115188075856865 4 0 541 3 0 39 1 4 0 31 2 144115188075856865 0 1106 1 1585267068834419369 5 0 31 2 144115188075856865 1 1106 1 1585267068834419370 5 0 31 2 144115188075856865 2 1106 1 1585267068834419371 5 0 31 2 144115188075856865 3 1106 1 1585267068834419372 5 0 1106 2 1585267068834419373 16764108 3 0 2133 2 144115188075857017 144115188075856865 2110 2 144115188075857017 3 3 0 
49.000000  52 1 2 865 128 2136 3 1224979098644774912 -5 350 30 2 1224979098644774912 144115188075856858 4 0 560 3 0 7 200 31 2 144115188075856848 -1 1 1 862 2147483679 2 72057594037927992 0 1106 2 1585267068834419487 15785267 1 3 207 0 72057594037927992 3 0 31 2 144115188075856856 1 4 0 2147483678 2 144115188075856013 50 2147483678 2 144115188075856000 101 2105 2 144115188075856000 1 1106 2 1585267068834419375 16764108 3 0 520 3 1224979098644774913 2431 19 4 0 2147483678 2 1224979098644774913 50 2147483678 2 144115188075856000 41 2105 2 144115188075856000 1 1106 2 1585267068834419376 16764108 5 0 2147483678 2 1224979098644774913 40 2147483678 2 144115188075856000 51 2105 2 144115188075856000 1 1106 2 1585267068834419376 16764108 5 0 2147483678 2 1224979098644774913 30 2147483678 2 144115188075856000 61 2105 2 144115188075856000 1 1106 2 1585267068834419376 16764108 5 0 2147483678 2 1224979098644774913 20 2147483678 2 144115188075856000 71 2105 2 144115188075856000 1 1106 2 1585267068834419376 16764108 5 0 2147483678 2 1224979098644774913 10 2147483678 2 144115188075856000 81 2105 2 144115188075856000 1 1106 2 1585267068834419376 16764108 5 0 30 2 1224979098644774913 50 32 2 144115188075856000 30 2106 2 144115188075856000 1 2111 2 144115188075856000 0 1106 2 1585267068834419377 13434828 1 2 476 1 3 0 
48.000000  13 1 2 865 129 4 0 30 2 144115188075856849 0 1 3 861 -1 0 3 0 4 0 30 2 144115188075856311 1 2147483678 2 144115188075856000 101 2136 3 1224979098644774912 0 4 31 2 1224979098644774912 1 2105 2 144115188075856000 1 1106 2 1585267068834419378 16764108 3 0 
168.000000  48 1 2 865 130 4 0 31 2 144115188075856856 1 4 0 2147483678 2 144115188075856897 0 2147483678 2 144115188075856000 10 2105 2 144115188075856000 1 1106 2 1585267068834419379 16764108 5 0 2147483678 2 144115188075856897 -10 2147483678 2 144115188075856000 20 2105 2 144115188075856000 1 1106 2 1585267068834419379 16764108 5 0 2147483678 2 144115188075856897 -20 2147483678 2 144115188075856000 30 2105 2 144115188075856000 1 1106 2 1585267068834419379 16764108 5 0 2147483678 2 144115188075856897 -30 2147483678 2 144115188075856000 40 2105 2 144115188075856000 1 1106 2 1585267068834419379 16764108 5 0 2147483678 2 144115188075856897 -40 2147483678 2 144115188075856000 50 2105 2 144115188075856000 1 1106 2 1585267068834419379 16764108 5 0 2147483678 2 144115188075856897 -50 2147483678 2 144115188075856000 60 2105 2 144115188075856000 1 1106 2 1585267068834419379 16764108 5 0 2147483678 2 144115188075856897 -70 2147483678 2 144115188075856000 100 2105 2 144115188075856000 1 1106 2 1585267068834419379 16764108 3 0 3 0 4 0 30 2 144115188075856000 20 2136 3 1224979098644774912 0 100 2147483680 2 1224979098644774912 6 2106 2 144115188075856000 1 2111 2 144115188075856000 0 1106 2 1585267068834419380 13434828 3 0 
24.000000  70 1 2 865 131 31 2 144115188075856848 -1 37 0 2147483679 2 144115188075855936 1 2157 2 1224979098644774912 0 30 2 1224979098644774912 30 2124 1 1 4 0 540 3 2131 1 0 2147484189 3 0 39 1 2281 3 1224979098644774913 0 229 2147483680 2 1224979098644774913 20 2060 1 612 500 3 2131 1 1 5 0 540 3 2131 2 0 541 3 0 39 1 2281 3 1224979098644774913 0 95 2147483680 2 1224979098644774913 20 31 2 144115188075856856 1 2147483680 2 144115188075856311 0 2060 1 613 500 3 2131 2 1 5 0 540 3 2131 3 0 2147484189 3 0 39 1 2281 3 1224979098644774913 0 212 2147483680 2 1224979098644774913 20 2060 1 614 500 3 2131 3 1 5 0 540 3 2131 4 0 2147484189 3 0 39 1 2281 3 1224979098644774913 0 53 2147483680 2 1224979098644774913 20 2133 2 144115188075855917 0 2060 1 615 500 3 2131 4 1 5 0 540 3 2131 5 0 541 3 0 39 1 2281 3 1224979098644774913 0 78 2147483680 2 1224979098644774913 20 2133 2 144115188075855917 1 2060 1 615 500 3 2131 5 1 5 0 540 3 2131 6 0 2147484189 3 0 39 1 2281 3 1224979098644774913 0 209 2147483680 2 1224979098644774913 20 2133 2 144115188075855917 2 2060 1 615 500 3 2131 6 1 5 0 540 3 2131 7 0 2147484189 3 0 39 1 2281 3 1224979098644774913 0 121 2147483680 2 1224979098644774913 20 2133 2 144115188075855917 3 2060 1 615 500 3 2131 7 1 5 0 540 3 2131 8 0 541 3 0 39 1 2281 3 1224979098644774913 0 288 2147483680 2 1224979098644774913 35 2060 1 616 500 3 2131 8 1 3 0 
96.000000  242 1 2 865 132 31 2 144115188075856848 -1 37 0 2147483679 2 144115188075855936 1 2147484208 3 0 8 0 4 0 541 3 0 39 0 520 3 1224979098644774912 0 7 1650 2 1224979098644774913 0 2133 2 1224979098644774914 0 6 3 1224979098644774915 0 1224979098644774913 1653 3 1224979098644774916 0 1224979098644774915 2105 2 1224979098644774914 1224979098644774916 3 0 4 0 30 2 1224979098644774912 200 32 2 1224979098644774914 40 2136 3 1224979098644774917 0 36 4 0 1073741855 2 1224979098644774917 0 31 2 1224979098644774917 1 2060 1 619 5 0 31 2 1224979098644774917 2 2060 1 637 5 0 31 2 1224979098644774917 3 2060 1 622 5 0 2147483680 2 1224979098644774917 9 30 2 1224979098644774917 4 4 0 31 2 144115188075856854 0 2060 1 642 2105 2 144115188075856854 1 5 0 31 2 144115188075856854 1 2060 1 627 2105 2 144115188075856854 1 5 0 31 2 144115188075856854 2 2060 1 630 2105 2 144115188075856854 1 5 0 31 2 144115188075856854 3 2060 1 636 2105 2 144115188075856854 1 5 0 31 2 144115188075856854 4 2060 1 620 2105 2 144115188075856854 1 5 0 31 2 144115188075856854 5 2060 1 643 2105 2 144115188075856854 1 5 0 1073741855 2 144115188075856856 1 542 3 144115188075856921 9 13 540 3 0 183 13 31 2 144115188075856854 6 2060 1 645 2105 2 144115188075856854 1 5 0 1073741855 2 144115188075856856 1 542 3 144115188075856921 9 13 540 3 0 183 13 31 2 144115188075856854 7 2060 1 644 2105 2 144115188075856854 1 5 0 1106 1 1585267068834419381 3 0 5 0 31 2 1224979098644774917 10 2060 1 623 5 0 31 2 1224979098644774917 11 2060 1 625 5 0 31 2 1224979098644774917 12 2060 1 626 5 0 31 2 1224979098644774917 13 2060 1 638 5 0 31 2 1224979098644774917 14 2060 1 628 5 0 31 2 1224979098644774917 15 33 3 144115188075856869 6 10 2060 1 629 5 0 31 2 1224979098644774917 16 2060 1 639 5 0 31 2 1224979098644774917 17 2060 1 631 5 0 31 2 1224979098644774917 18 1608 2 1224979098644774918 0 2147483679 2 1224979098644774918 5 2147483679 2 1224979098644774918 13 2060 1 632 5 0 31 2 1224979098644774917 19 1608 2 1224979098644774918 0 2147483679 2 1224979098644774918 5 2147483679 2 1224979098644774918 13 2060 1 633 5 0 31 2 1224979098644774917 20 1608 2 1224979098644774918 0 2147483679 2 1224979098644774918 5 2147483679 2 1224979098644774918 13 2060 1 634 5 0 31 2 1224979098644774917 21 2060 1 635 5 0 31 2 1224979098644774917 22 2060 1 624 5 0 1073741855 2 1224979098644774917 23 1073741855 2 1224979098644774917 24 31 2 1224979098644774917 25 1608 2 1224979098644774918 0 1073741855 2 1224979098644774918 5 31 2 1224979098644774918 13 2060 1 617 5 0 1073741855 2 1224979098644774917 26 31 2 1224979098644774917 28 1608 2 1224979098644774918 0 1073741855 2 1224979098644774918 5 31 2 1224979098644774918 13 2060 1 618 5 0 31 2 1224979098644774917 27 1608 2 1224979098644774918 0 1073741855 2 1224979098644774918 5 31 2 1224979098644774918 13 2060 1 1020 5 0 31 2 144115188075856856 1 1073741855 2 1224979098644774917 29 31 2 1224979098644774917 30 1608 2 1224979098644774918 0 1073741855 2 1224979098644774918 10 1073741855 2 1224979098644774918 9 1073741855 2 1224979098644774918 12 31 2 1224979098644774918 11 2060 1 646 5 0 31 2 1224979098644774917 31 1608 2 1224979098644774918 0 1073741855 2 1224979098644774918 10 1073741855 2 1224979098644774918 9 1073741855 2 1224979098644774918 12 31 2 1224979098644774918 11 2060 1 1018 5 0 31 2 1224979098644774917 32 1608 2 1224979098644774918 0 1073741855 2 1224979098644774918 10 1073741855 2 1224979098644774918 9 1073741855 2 1224979098644774918 12 31 2 1224979098644774918 11 2060 1 1021 5 0 31 2 1224979098644774917 33 1608 2 1224979098644774918 0 1073741855 2 1224979098644774918 10 1073741855 2 1224979098644774918 9 1073741855 2 1224979098644774918 12 31 2 1224979098644774918 11 2060 1 1019 5 0 30 2 144115188075856849 150 2060 1 1022 5 0 2147483680 2 144115188075856849 75 2060 1 1023 3 0 5 0 2136 3 1224979098644774917 0 32 4 0 31 2 1224979098644774917 1 2060 1 635 5 0 31 2 1224979098644774917 2 2060 1 635 5 0 31 2 1224979098644774917 10 2060 1 632 5 0 31 2 1224979098644774917 15 2060 1 633 5 0 31 2 1224979098644774917 20 2060 1 634 5 0 31 2 1224979098644774917 21 2060 1 640 5 0 31 2 1224979098644774917 22 2060 1 641 5 0 31 2 1224979098644774917 27 1608 2 1224979098644774918 0 1073741855 2 1224979098644774918 5 31 2 1224979098644774918 13 2060 1 1020 5 0 31 2 1224979098644774917 3 2060 1 621 5 0 31 2 1224979098644774917 23 1608 2 1224979098644774918 0 1073741855 2 1224979098644774918 10 1073741855 2 1224979098644774918 9 1073741855 2 1224979098644774918 12 31 2 1224979098644774918 11 2060 1 1019 3 0 3 0 5 0 541 3 0 39 1 2136 3 1224979098644774917 1 16 4 0 31 2 1224979098644774917 1 2060 1 647 5 0 31 2 1224979098644774917 2 2060 1 648 5 0 31 2 1224979098644774917 3 2060 1 649 5 0 31 2 1224979098644774917 4 2060 1 650 3 0 3 0 
75.000000  43 1 2 865 133 2147483679 2 144115188075855936 1 2270 1 1224979098644774912 30 2 1224979098644774912 120 540 3 829 2 2 542 3 32 10 829 541 3 26 7 829 2136 3 1224979098644774913 0 100 2147483678 2 1224979098644774913 10 4 0 31 2 144115188075856851 0 2060 1 348 2105 2 144115188075856851 1 5 0 31 2 144115188075856851 1 2060 1 353 2105 2 144115188075856851 1 5 0 31 2 144115188075856851 2 2060 1 350 2105 2 144115188075856851 1 5 0 31 2 144115188075856851 3 2060 1 351 2105 2 144115188075856851 1 5 0 31 2 144115188075856851 4 2060 1 352 2105 2 144115188075856851 1 5 0 31 2 144115188075856851 5 30 2 144115188075856435 1 2060 1 349 2105 2 144115188075856851 1 5 0 31 2 144115188075856851 6 2060 1 354 2105 2 144115188075856851 1 5 0 31 2 144115188075856851 7 2060 1 355 2105 2 144115188075856851 1 3 0 
24.000000  21 1 2 865 134 4 0 1073741855 2 144115188075856788 0 1073741855 2 144115188075856788 1 31 2 144115188075856788 2 2147483679 2 144115188075856852 1 2204 2 1224979098644774912 39 2147483679 2 1224979098644774912 42 2147484190 3 42 14 0 521 3 1224979098644774913 39 7 30 2 1224979098644774913 1 4 0 2270 1 1224979098644774914 1 3 30 0 1224979098644774914 30 2 72057594037927938 68 1 4 227 501 0 0 5 0 32 2 144115188075856311 1 1 4 227 501 0 0 3 0 3 0 
50.000000  29 1 2 865 135 2147483679 2 144115188075855936 1 2270 1 1224979098644774912 30 2 1224979098644774912 120 2204 2 1224979098644774913 39 2147483679 2 1224979098644774913 42 2147483679 2 144115188075856852 1 2133 2 1224979098644774914 8 4 0 31 2 144115188075856321 2 2133 2 1224979098644774914 2 3 0 521 3 1224979098644774915 39 7 30 2 1224979098644774915 1 2136 3 1224979098644774916 0 101 4 0 2147483678 2 1224979098644774916 1224979098644774914 2136 3 1224979098644774917 0 3 4 0 31 2 1224979098644774917 0 1 4 227 498 0 0 5 0 31 2 1224979098644774917 1 1 4 227 499 0 0 5 0 31 2 1224979098644774917 2 1 4 227 500 0 0 3 0 3 0 
-75.000000  191 1 2 865 136 4 0 542 3 32 3 0 1 1 880 3 0 4 0 2147483679 2 144115188075856850 103940214 2060 1 1159 5 0 2147484188 3 2131 79 103940214 2060 1 1159 3 0 4 0 2147483679 2 144115188075856921 32 30 2 144115188075856034 1 2133 2 144115188075856034 0 1105 1 1585267068834419382 3 0 609 1 0 2124 1 1 2401 2 1585267068834415612 144115188075856308 4 0 30 2 144115188075856193 1 1106 1 1585267068834419383 3 0 6 3 1224979098644774912 1652 1745 547 3 1224979098644774912 5 -1 1073741975 2 0 1224979098644774912 150 1 1224979098644774912 2270 1 1224979098644774913 507 3 1224979098644774912 5 1224979098644774913 3 0 4 0 1602 2 1224979098644774914 0 1 2 49 0 2133 2 1224979098644774915 72057594037927936 2121 3 1224979098644774916 1224979098644774914 1224979098644774915 32 2 1224979098644774916 0 1103 1 2 1 3 733 0 19 2133 2 1224979098644774917 72057594037927936 1610 3 1224979098644774917 563 1224979098644774916 2133 2 72057594037927958 1224979098644774916 1106 2 1585267068834419384 16764108 1 3 382 4 12 1651 2 1224979098644774918 0 7 3 1224979098644774919 0 1224979098644774918 1656 3 1224979098644774920 0 1224979098644774919 2147485155 1 1224979098644774920 1616 3 0 1224979098644774920 1224979098644774916 2133 2 1224979098644774921 72057594037927936 2106 2 1224979098644774916 1224979098644774921 2147483680 2 1224979098644774916 0 2133 2 1224979098644774918 -1 3 0 3 0 4 0 1695 2 1224979098644774922 0 30 2 1224979098644774922 1 7 3 1224979098644774923 0 1224979098644774922 1696 3 1224979098644774924 0 1224979098644774923 2147484209 3 1224979098644774924 71 1 2133 2 1224979098644774925 0 4 0 200 1 110 546 3 110 11 1 546 3 110 8 1224979098644774924 2133 2 1224979098644774925 1 5 0 200 1 29 546 3 29 11 1 546 3 29 8 1224979098644774924 2133 2 1224979098644774925 1 5 0 541 3 1224979098644774924 0 19 2133 2 1224979098644774925 1 3 0 31 2 1224979098644774925 0 1661 1 1224979098644774924 1623 3 1224979098644774924 0 1 501 3 1224979098644774924 71 -1 2330 2 22 1224979098644774924 1106 2 1585267068834414892 15785267 3 0 3 0 4 0 566 3 113 18 1 506 3 113 18 0 3 0 4 0 566 3 113 19 1 506 3 113 19 0 3 0 4 0 30 2 144115188075856848 1 1021 1 144115188075856848 1031 3 8760 5 1 132 1 144115188075856848 2133 2 144115188075855970 1 1 3 99 144115188075856848 0 1 2 96 0 3 0 4 0 1541 3 1224979098644774912 2426 10 31 2 1224979098644774912 88 1 1 694 1532 1 2426 3 0 4 0 31 2 144115188075856856 1 2147484188 3 0 183 13 500 3 0 183 13 1106 1 1585267068834419385 3 0 4 0 31 2 144115188075856856 1 2147484190 3 25 221 1 502 3 25 221 1 3 0 4 0 31 2 144115188075856856 1 2147484190 3 25 223 1 502 3 25 223 1 3 0 4 0 542 3 25 14 0 522 3 1224979098644774926 25 12 2147483679 2 1224979098644774926 -1 2147483681 3 1224979098644774926 270 340 520 3 1224979098644774926 0 13 32 2 1224979098644774926 0 2105 2 1224979098644774926 270 2106 2 1224979098644774926 243 502 3 24 12 1224979098644774926 502 3 25 12 1224979098644774926 1106 1 1585267068834419386 3 0 6 3 1224979098644774927 781 1051 2173 2 1224979098644774928 1224979098644774927 33 3 1224979098644774928 25 53 542 3 1224979098644774928 14 0 520 3 1224979098644774926 1224979098644774927 13 4 0 31 2 1224979098644774926 -1 520 3 1224979098644774929 1224979098644774927 99 30 2 1224979098644774929 0 2105 2 1224979098644774929 109 5 0 2121 3 1224979098644774929 1224979098644774926 243 2105 2 1224979098644774929 112 3 0 2147483681 3 1224979098644774929 109 182 2322 2 20 1224979098644774927 2133 2 72057594037927937 1224979098644774926 1105 1 1585267068834419387 1 3 789 1224979098644774927 1224979098644774928 3 0 500 3 2131 10 0 4 0 200 1 76 526 3 1224979098644774930 76 2 2147483680 2 1224979098644774930 0 526 3 1224979098644774931 76 1 2204 2 1224979098644774932 1224979098644774931 522 3 1224979098644774930 1224979098644774932 30 506 3 76 2 1224979098644774930 3 0 11 1 1224979098644774933 32 2 1224979098644774933 525 541 3 1224979098644774933 0 18 521 3 1224979098644774934 1224979098644774933 105 2204 2 1224979098644774935 1224979098644774933 2204 2 1224979098644774936 1224979098644774934 4 0 132 1 1224979098644774933 2147483679 2 1224979098644774935 1224979098644774936 1620 2 1224979098644774933 1224979098644774936 5 0 33 3 1224979098644774933 1 525 2330 2 1 1224979098644774934 2133 2 72057594037927937 1224979098644774933 1106 1 1585267068834415863 501 3 1224979098644774934 263 0 3 0 5 0 1609 2 1224979098644774937 1224979098644774933 31 2 1224979098644774937 287 501 3 1224979098644774933 39 1 2147484189 3 1224979098644774933 32 0 1 3 191 1224979098644774933 0 3 0 
24.000000  167 1 2 865 137 4 0 520 3 1224979098644774912 2431 18 2106 2 1224979098644774912 1 500 3 2431 18 1224979098644774912 4 0 31 2 1224979098644774912 3 31 2 144115188075856174 1 31 2 144115188075856848 -1 2204 2 1224979098644774913 26 31 2 1224979098644774913 144115188075856921 2147484209 3 26 72 1 1 4 227 234 0 0 5 0 31 2 1224979098644774912 0 2204 2 1224979098644774913 26 31 2 1224979098644774913 144115188075856921 2147484209 3 26 72 1 4 0 31 2 144115188075856174 1 31 2 144115188075856848 -1 1106 1 1585267068834419388 3 0 2136 3 1224979098644774914 0 5 4 0 2147484209 3 26 46 50 2133 2 1224979098644774914 2 3 0 500 3 2431 20 1224979098644774914 500 3 2431 21 -11 4 0 1073741855 2 1224979098644774914 1 31 2 1224979098644774914 3 2204 2 1224979098644774913 26 2133 2 1224979098644774915 226 4 0 31 2 1224979098644774914 1 2133 2 1224979098644774915 227 3 0 522 3 1224979098644774916 1224979098644774913 1224979098644774915 4 0 31 2 1224979098644774916 3 2136 3 1224979098644774917 0 6 4 0 2147483678 2 1224979098644774917 4 500 3 2431 21 -1 5 0 500 3 2431 21 0 3 0 5 0 31 2 1224979098644774916 -3 2136 3 1224979098644774917 0 6 4 0 2147483678 2 1224979098644774917 4 500 3 2431 21 1 5 0 500 3 2431 21 0 3 0 5 0 2136 3 1224979098644774917 0 10 4 0 2147483678 2 1224979098644774917 4 500 3 2431 21 -1 5 0 2147483678 2 1224979098644774917 8 500 3 2431 21 1 5 0 500 3 2431 21 0 3 0 3 0 5 0 31 2 1224979098644774914 2 4 0 2147484209 3 26 46 40 500 3 2431 21 1 5 0 2136 3 1224979098644774917 0 6 2147483678 2 1224979098644774917 4 500 3 2431 21 1 3 0 3 0 5 0 2147483678 2 1224979098644774912 0 2136 3 1224979098644774917 6 12 500 3 2431 18 1224979098644774917 2147484209 3 26 72 1 4 0 31 2 144115188075856174 1 31 2 144115188075856848 -1 1106 1 216172782113788814 3 0 3 0 3 0 6 3 1224979098644774918 21 153 4 0 521 3 1224979098644774919 1224979098644774918 256 32 2 1224979098644774919 0 2106 2 1224979098644774919 1 501 3 1224979098644774918 256 1224979098644774919 3 0 4 0 521 3 1224979098644774919 1224979098644774918 72 32 2 1224979098644774919 0 2106 2 1224979098644774919 1 501 3 1224979098644774918 72 1224979098644774919 31 2 1224979098644774919 0 1679 1 1224979098644774918 1603 3 1224979098644774918 2097152 0 1603 3 1224979098644774918 4194304 1 6 3 1224979098644774920 381 385 521 3 1224979098644774921 1224979098644774918 1224979098644774920 30 2 1224979098644774921 1 1 5 820 1224979098644774918 1224979098644774921 1224979098644774920 0 3 0 2330 2 0 1224979098644774918 1105 1 1585267068834419389 2204 2 1224979098644774922 1224979098644774918 1 2 127 1224979098644774922 3 0 3 0 6 3 1224979098644774918 457 475 521 3 1224979098644774919 1224979098644774918 72 32 2 1224979098644774919 0 2106 2 1224979098644774919 1 501 3 1224979098644774918 72 1224979098644774919 31 2 1224979098644774919 0 4 0 561 3 1224979098644774918 35 1 501 3 1224979098644774918 35 0 1679 1 1224979098644774918 3 0 2330 2 0 1224979098644774918 1106 1 1585267068834419389 3 0 6 3 1224979098644774923 511 520 521 3 1224979098644774919 1224979098644774923 72 32 2 1224979098644774919 0 2106 2 1224979098644774919 1 501 3 1224979098644774923 72 1224979098644774919 31 2 1224979098644774919 0 1679 1 1224979098644774923 1603 3 1224979098644774923 2097152 0 1603 3 1224979098644774923 4194304 1 1105 1 1585267068834419389 501 3 1224979098644774923 270 35000 3 0 4 0 520 3 1224979098644774924 2216 150 2147483679 2 1224979098644774924 0 2106 2 1224979098644774924 1 2111 2 1224979098644774924 0 500 3 2216 150 1224979098644774924 3 0 4 0 520 3 1224979098644774924 2217 150 2147483679 2 1224979098644774924 0 2106 2 1224979098644774924 1 2111 2 1224979098644774924 0 500 3 2217 150 1224979098644774924 3 0 4 0 520 3 1224979098644774924 2269 150 2147483679 2 1224979098644774924 0 2106 2 1224979098644774924 1 2111 2 1224979098644774924 0 500 3 2269 150 1224979098644774924 3 0 
96.000000  15 1 2 865 138 4 0 31 2 144115188075855997 1 4 0 31 2 144115188075856239 1 2133 2 144115188075856239 2 3 0 4 0 31 2 144115188075856240 1 2133 2 144115188075856240 2 3 0 3 0 500 3 2131 22 0 500 3 2131 23 0 500 3 2131 19 0 
48.000000  15 1 2 865 139 500 3 2131 20 0 4 0 31 2 144115188075856241 1 2133 2 144115188075856241 2 3 0 4 0 200 1 118 526 3 1224979098644774912 118 11 30 2 1224979098644774912 2 2105 2 1224979098644774912 1 506 3 118 11 1224979098644774912 30 2 1224979098644774912 4 2060 1 953 3 0 
60.000000  23 1 2 865 140 31 2 144115188075855997 1 2147483679 2 144115188075856238 2 2147483679 2 144115188075855936 1 2147484208 3 0 8 0 1650 2 1224979098644774912 0 2133 2 1224979098644774913 0 6 3 1224979098644774914 0 1224979098644774912 1653 3 1224979098644774915 0 1224979098644774914 2105 2 1224979098644774913 1224979098644774915 3 0 32 2 1224979098644774913 30 2136 3 1224979098644774916 0 6 4 0 31 2 1224979098644774916 0 2060 1 357 5 0 31 2 1224979098644774916 1 2060 1 359 5 0 31 2 1224979098644774916 2 2060 1 364 3 0 
24.000000  68 1 2 865 141 31 2 144115188075855997 1 2147483679 2 144115188075855936 1 2147484208 3 0 8 0 1 2 121 0 32 2 72057594037927936 40 2136 3 1224979098644774912 0 40 4 0 31 2 1224979098644774912 0 2060 1 365 5 0 31 2 1224979098644774912 1 2060 1 366 5 0 31 2 1224979098644774912 2 2147484189 3 144115188075855925 310 2 2060 1 367 5 0 31 2 1224979098644774912 3 2060 1 370 5 0 31 2 1224979098644774912 4 2060 1 372 5 0 31 2 1224979098644774912 5 2060 1 373 5 0 31 2 1224979098644774912 6 2060 1 374 5 0 31 2 1224979098644774912 7 2060 1 376 5 0 31 2 1224979098644774912 8 2147484189 3 144115188075855925 310 2 2060 1 377 5 0 31 2 1224979098644774912 9 2147484189 3 144115188075855925 310 2 2060 1 378 5 0 31 2 1224979098644774912 10 2147484189 3 144115188075855925 310 2 2060 1 379 5 0 31 2 1224979098644774912 11 2147484189 3 144115188075855925 310 2 2060 1 380 5 0 31 2 1224979098644774912 12 2147484189 3 144115188075855925 310 2 2060 1 381 5 0 31 2 1224979098644774912 13 2060 1 382 5 0 31 2 1224979098644774912 14 2060 1 393 5 0 31 2 1224979098644774912 15 2060 1 398 5 0 31 2 1224979098644774912 16 2060 1 400 5 0 31 2 1224979098644774912 17 2060 1 401 3 0 
48.000000  19 1 2 865 142 30 2 144115188075855997 1 2147483679 2 144115188075855936 1 1073741855 2 144115188075856869 12 1073741855 2 144115188075856869 1 31 2 144115188075856869 2 2147484208 3 0 8 0 1650 2 1224979098644774912 0 2133 2 1224979098644774913 0 6 3 1224979098644774914 0 1224979098644774912 1653 3 1224979098644774915 0 1224979098644774914 2105 2 1224979098644774913 1224979098644774915 3 0 32 2 1224979098644774913 30 2136 3 1224979098644774916 0 6 4 0 31 2 1224979098644774916 0 2060 1 375 3 0 
24.000000  41 1 2 865 143 31 2 144115188075855997 1 2147483679 2 144115188075855936 1 2147484208 3 0 8 0 1650 2 1224979098644774912 0 2133 2 1224979098644774913 0 6 3 1224979098644774914 0 1224979098644774912 1653 3 1224979098644774915 0 1224979098644774914 2105 2 1224979098644774913 1224979098644774915 3 0 32 2 1224979098644774913 50 2136 3 1224979098644774916 0 18 4 0 31 2 1224979098644774916 0 2147484189 3 144115188075855925 310 0 2060 1 384 5 0 31 2 1224979098644774916 1 2147484189 3 144115188075855925 310 0 2060 1 392 5 0 31 2 1224979098644774916 2 2147484189 3 144115188075855925 310 0 2060 1 397 5 0 31 2 1224979098644774916 3 2147484189 3 144115188075855925 310 0 2060 1 403 5 0 31 2 1224979098644774916 4 2147483679 2 144115188075856245 0 2060 1 388 5 0 31 2 1224979098644774916 5 2147484189 3 144115188075855925 310 0 2060 1 404 5 0 31 2 1224979098644774916 6 2147484189 3 144115188075855925 310 0 2060 1 405 3 0 
0.200000  16 1 2 865 144 31 2 144115188075855997 1 30 2 144115188075856233 0 2319 1 10 2281 3 1224979098644774912 144115188075856233 0 4 0 30 2 1224979098644774912 2 2342 2 10 144115188075856233 1106 1 216172782113788547 1 3 194 144115188075856233 0 2133 2 144115188075856233 -1 5 0 30 2 1224979098644774912 1 2342 2 10 144115188075856233 1106 1 216172782113788548 3 0 
24.000000  14 1 2 865 145 4 0 31 2 144115188075856869 12 540 3 2131 11 0 2270 1 1224979098644774912 1 3 30 0 1224979098644774912 31 2 72057594037927937 7 2060 1 522 3 0 4 0 2147483679 2 144115188075856869 12 540 3 2131 11 1 500 3 2131 11 0 3 0 
168.000000  21 1 2 865 146 4 0 31 2 144115188075856856 0 540 3 829 2 2 520 3 1224979098644774912 829 11 32 2 1224979098644774912 125000 6 3 1224979098644774913 781 1051 540 3 1224979098644774913 2 2 2173 2 1224979098644774914 1224979098644774913 31 2 1224979098644774914 32 1073742384 3 1224979098644774913 178 1 560 3 1224979098644774913 179 1 520 3 1224979098644774915 1224979098644774913 11 2147483678 2 1224979098644774915 40000 2105 2 1224979098644774915 25000 2106 2 1224979098644774912 25000 500 3 829 11 1224979098644774912 500 3 1224979098644774913 11 1224979098644774915 1 4 430 1224979098644774913 829 5 3 0 3 0 
0.727273  104 1 2 865 147 2136 3 1224979098644774912 21 153 4 0 2310 2 72057594037927958 292 2147483678 2 72057594037927958 10 561 3 1224979098644774912 292 1 541 3 1224979098644774912 50 -1 2204 2 1224979098644774913 1224979098644774912 1 3 130 1224979098644774913 -1 2133 2 1224979098644774914 72057594037927936 33 3 1224979098644774914 21 153 2147483679 2 1224979098644774914 1224979098644774912 541 3 1224979098644774914 50 -1 1103 1 0 1 3 733 1224979098644774912 292 2133 2 1224979098644774915 72057594037927936 501 3 1224979098644774915 108 1224979098644774912 501 3 1224979098644774915 4 13 501 3 1224979098644774915 5 1224979098644774914 1640 2 1224979098644774915 1 1641 2 1224979098644774915 1224979098644774914 1601 2 1224979098644774916 1224979098644774915 2136 3 1224979098644774917 0 270 2107 2 1224979098644774916 1224979098644774917 2108 2 1224979098644774916 100 2108 2 1224979098644774916 2 1 2 945 1224979098644774912 2133 2 1224979098644774918 72057594037927936 2133 2 1224979098644774919 0 6 3 1224979098644774920 102 152 2147483680 2 1224979098644774919 3 520 3 1224979098644774921 1224979098644774918 1224979098644774920 32 2 1224979098644774921 0 2121 3 1224979098644774922 1224979098644774920 102 2120 3 1224979098644774923 2146 1224979098644774922 33 3 1224979098644774923 2146 2197 2110 2 1224979098644774921 10 1611 3 1224979098644774915 1224979098644774923 1224979098644774921 2105 2 1224979098644774919 1 3 0 3 0 4 0 2310 2 72057594037927958 291 2147483680 2 72057594037927958 6 2147484189 3 1224979098644774912 265 1 541 3 1224979098644774912 50 -1 2204 2 1224979098644774913 1224979098644774912 1 3 130 1224979098644774913 -1 2133 2 1224979098644774914 72057594037927936 33 3 1224979098644774914 21 153 2147483679 2 1224979098644774914 1224979098644774912 541 3 1224979098644774914 50 -1 1103 1 3 1 3 733 1224979098644774912 291 2133 2 1224979098644774915 72057594037927936 1 4 943 7 1224979098644774912 -1 2133 2 1224979098644774924 72057594037927936 1675 2 1224979098644774915 1224979098644774924 501 3 1224979098644774915 108 1224979098644774912 501 3 1224979098644774915 4 18 501 3 1224979098644774915 5 1224979098644774914 1640 2 1224979098644774915 1 1641 2 1224979098644774915 1224979098644774914 3 0 4 0 2147484209 3 1224979098644774912 72 1 541 3 1224979098644774912 258 1 2147484209 3 1224979098644774912 256 40 541 3 1224979098644774912 50 -1 2204 2 1224979098644774925 1224979098644774912 521 3 1224979098644774926 1224979098644774912 57 2147483679 2 1224979098644774925 1224979098644774926 2147483679 2 1224979098644774925 3 522 3 1224979098644774927 1224979098644774925 9 2147484189 3 1224979098644774912 18 1224979098644774927 2133 2 1224979098644774928 40 4 0 541 3 1224979098644774912 264 1 2106 2 1224979098644774928 6 3 0 4 0 541 3 1224979098644774912 268 1 2106 2 1224979098644774928 6 3 0 4 0 541 3 1224979098644774912 265 1 2106 2 1224979098644774928 6 3 0 4 0 521 3 1224979098644774929 1224979098644774912 7 30 2 1224979098644774929 0 520 3 1224979098644774930 1224979098644774929 183 541 3 1224979098644774912 18 1224979098644774930 2106 2 1224979098644774928 10 3 0 2136 3 1224979098644774931 0 100 2147483680 2 1224979098644774931 1224979098644774928 4 0 2136 3 1224979098644774932 6 11 1 3 464 1224979098644774912 1224979098644774932 2330 2 40 1224979098644774912 1106 2 1585267068834419390 16724787 3 0 3 0 
0.727273  148 1 2 865 148 2136 3 1224979098644774912 21 153 541 3 1224979098644774912 258 1 561 3 1224979098644774912 7 0 541 3 1224979098644774912 254 0 2147484209 3 1224979098644774912 256 1 2147484209 3 1224979098644774912 72 1 541 3 1224979098644774912 50 -1 2204 2 1224979098644774913 1224979098644774912 521 3 1224979098644774914 1224979098644774912 57 2147483679 2 1224979098644774913 1224979098644774914 522 3 1224979098644774915 1224979098644774913 9 2147484189 3 1224979098644774912 18 1224979098644774915 2156 2 1224979098644774916 1224979098644774912 4 0 541 3 1224979098644774912 0 2 4 0 33 3 1224979098644774916 0 51 2133 2 1224979098644774917 50 5 0 33 3 1224979098644774916 51 120 2133 2 1224979098644774917 25 5 0 33 3 1224979098644774916 120 220 2133 2 1224979098644774917 16 5 0 33 3 1224979098644774916 220 400 2133 2 1224979098644774917 10 5 0 2133 2 1224979098644774917 5 3 0 5 0 4 0 33 3 1224979098644774916 0 51 2133 2 1224979098644774917 50 5 0 33 3 1224979098644774916 51 120 2133 2 1224979098644774917 35 5 0 33 3 1224979098644774916 120 220 2133 2 1224979098644774917 25 5 0 33 3 1224979098644774916 220 400 2133 2 1224979098644774917 18 5 0 33 3 1224979098644774916 400 700 2133 2 1224979098644774917 10 5 0 33 3 1224979098644774916 700 850 2133 2 1224979098644774917 7 5 0 2133 2 1224979098644774917 4 3 0 3 0 4 0 521 3 1224979098644774918 1224979098644774912 7 30 2 1224979098644774918 0 520 3 1224979098644774919 1224979098644774918 183 541 3 1224979098644774912 18 1224979098644774919 2106 2 1224979098644774917 4 3 0 4 0 541 3 1224979098644774912 264 1 2106 2 1224979098644774917 1 3 0 4 0 541 3 1224979098644774912 268 1 2106 2 1224979098644774917 1 3 0 4 0 541 3 1224979098644774912 265 1 2106 2 1224979098644774917 1 3 0 32 2 1224979098644774917 0 2136 3 1224979098644774920 0 105 4 0 2147483680 2 1224979098644774920 1224979098644774917 4 0 542 3 1224979098644774914 9 6 2133 2 1224979098644774921 283 5 0 542 3 1224979098644774914 9 7 2133 2 1224979098644774921 280 5 0 542 3 1224979098644774914 9 8 2133 2 1224979098644774921 282 5 0 542 3 1224979098644774914 9 9 2133 2 1224979098644774921 281 5 0 542 3 1224979098644774914 9 10 2133 2 1224979098644774921 279 5 0 1105 2 1585267068834419391 16724787 2133 2 1224979098644774921 281 3 0 32 2 1224979098644774921 -1 2310 2 1224979098644774922 1224979098644774921 4 0 31 2 1224979098644774922 0 2190 3 1224979098644774923 1224979098644774913 1224979098644774914 2133 2 1224979098644774924 0 4 0 30 2 1224979098644774923 0 4 0 542 3 1224979098644774914 14 0 1 4 218 1224979098644774914 1224979098644774913 96 5 0 1270 3 1224979098644774913 1224979098644774914 -50 3 0 5 0 542 3 1224979098644774914 14 0 2120 3 1224979098644774925 1224979098644774914 130 2106 2 1224979098644774925 25 522 3 1224979098644774926 1224979098644774913 1224979098644774925 30 2 1224979098644774926 500 2133 2 1224979098644774924 1 3 0 31 2 1224979098644774924 0 1103 1 2 1 3 733 1224979098644774912 1224979098644774921 2133 2 1224979098644774927 72057594037927936 4 0 2147483680 2 1224979098644774927 525 1105 2 1585267068834419392 16724787 3 0 1620 2 1224979098644774927 1224979098644774914 1 4 197 1224979098644774927 1 1224979098644774912 502 3 1224979098644774914 57 1224979098644774913 1640 2 1224979098644774927 4 1641 2 1224979098644774927 1224979098644774912 1603 3 1224979098644774927 65536 1 501 3 1224979098644774927 8 1 501 3 1224979098644774927 0 21 501 3 1224979098644774927 259 1224979098644774912 501 3 1224979098644774912 256 65 501 3 1224979098644774912 254 1 501 3 1224979098644774912 50 1224979098644774927 2335 2 66 1224979098644774913 2330 2 67 1224979098644774912 4 0 31 2 1224979098644774913 144115188075856921 1120 2 1585267068834419393 1585267068834419394 5 0 1105 2 1585267068834419395 16724787 3 0 3 0 3 0 
168.000000  15 1 2 865 149 2147483679 2 144115188075855936 1 31 2 144115188075856856 1 1073742364 3 2134 30 4 540 3 2134 30 5 540 3 2134 41 1 4 0 540 3 2134 31 0 500 3 2134 31 1 1 4 227 906 0 0 5 0 540 3 2134 31 2 540 3 2134 32 0 1 4 227 903 0 0 3 0 
275.000000  116 1 2 865 150 4 0 2147483679 2 144115188075855936 1 542 3 25 14 0 542 3 25 10 0 2147484194 3 116 17 1 2204 2 1224979098644774912 40 31 2 1224979098644774912 144115188075856921 2204 2 1224979098644774912 68 31 2 1224979098644774912 144115188075856921 2060 1 463 5 0 2147483679 2 144115188075855936 1 31 2 144115188075856856 1 560 3 829 2 14 2147483679 2 144115188075856788 0 546 3 132 11 0 1 4 227 468 0 0 5 0 2147483679 2 144115188075855936 1 31 2 144115188075856856 1 2147483680 2 144115188075856311 0 4 0 540 3 2255 29 0 540 3 2255 30 0 2149 2 1224979098644774913 0 30 2 1224979098644774913 200000 2060 1 455 500 3 2255 29 1 5 0 540 3 2255 18 0 2149 2 1224979098644774913 0 32 2 1224979098644774913 500000 2060 1 466 5 0 540 3 2255 16 0 2149 2 1224979098644774913 0 32 2 1224979098644774913 50000 2281 3 1224979098644774914 0 26 2147483680 2 1224979098644774914 20 2060 1 465 5 0 31 2 144115188075856853 0 2060 1 493 2105 2 144115188075856853 1 5 0 31 2 144115188075856853 1 2060 1 467 2105 2 144115188075856853 1 5 0 31 2 144115188075856853 2 2060 1 471 2105 2 144115188075856853 1 5 0 31 2 144115188075856853 3 2060 1 492 2105 2 144115188075856853 1 5 0 31 2 144115188075856853 4 2060 1 473 2105 2 144115188075856853 1 5 0 31 2 144115188075856853 5 2060 1 475 2105 2 144115188075856853 1 5 0 31 2 144115188075856853 6 2060 1 470 2105 2 144115188075856853 1 5 0 31 2 144115188075856853 7 2060 1 474 2105 2 144115188075856853 1 5 0 31 2 144115188075856853 8 2060 1 476 2105 2 144115188075856853 1 5 0 31 2 144115188075856853 9 2060 1 472 2105 2 144115188075856853 1 5 0 31 2 144115188075856853 10 2060 1 495 2105 2 144115188075856853 1 5 0 31 2 144115188075856853 11 2060 1 496 2105 2 144115188075856853 1 5 0 31 2 144115188075856853 12 2060 1 497 2105 2 144115188075856853 1 5 0 31 2 144115188075856853 13 2060 1 461 2105 2 144115188075856853 1 3 0 3 0 4 0 2147483678 2 144115188075856897 -20 2136 3 1224979098644774915 0 100 2147483678 2 1224979098644774915 40 1106 2 1585267068834419396 16764108 520 3 1224979098644774916 2505 22 2106 2 1224979098644774916 1 500 3 2505 22 1224979098644774916 5 0 30 2 144115188075856897 20 2136 3 1224979098644774915 0 100 2147483678 2 1224979098644774915 40 1106 2 1585267068834419397 13434828 520 3 1224979098644774916 2505 22 2105 2 1224979098644774916 1 500 3 2505 22 1224979098644774916 3 0 
168.000000  42 1 2 865 151 541 3 0 39 0 2147483679 2 144115188075855936 1 4 0 2147483679 2 144115188075856788 0 546 3 132 11 1 1 4 227 469 0 0 3 0 4 0 31 2 144115188075856856 1 560 3 0 30 1 2136 3 1224979098644774912 0 100 2147483678 2 1224979098644774912 8 2060 1 450 3 0 4 0 540 3 829 2 2 542 3 32 10 829 2147483679 2 144115188075856856 1 31 2 144115188075856921 32 2136 3 1224979098644774912 0 100 32 2 1224979098644774912 58 2136 3 72057594037927973 1 8 4 0 31 2 72057594037927973 1 2060 1 445 5 0 31 2 72057594037927973 2 2060 1 446 5 0 31 2 72057594037927973 3 2060 1 450 5 0 31 2 72057594037927973 4 2060 1 448 5 0 31 2 72057594037927973 5 2060 1 449 5 0 2060 1 447 3 0 3 0 
50.000000  72 1 2 865 152 541 3 0 39 0 2147483679 2 144115188075855936 1 31 2 144115188075856856 1 2147483680 2 144115188075856311 0 2147483848 1 87 4 0 31 2 144115188075856320 0 522 3 1224979098644774912 144115188075856921 276 2107 2 1224979098644774912 1224979098644774912 4 0 31 2 144115188075855972 1 2107 2 1224979098644774912 2 2108 2 1224979098644774912 3 3 0 2105 2 1224979098644774912 144115188075856000 2136 3 1224979098644774913 0 10250 2106 2 1224979098644774913 144115188075856000 2147483678 2 1224979098644774913 1224979098644774912 2136 3 1224979098644774914 21 73 4 0 2204 2 1224979098644774915 1224979098644774914 31 2 1224979098644774915 144115188075856921 521 3 1224979098644774916 1224979098644774914 7 32 2 1224979098644774916 0 2147484188 3 1224979098644774916 182 1 2136 3 1224979098644774917 0 6 521 3 1224979098644774918 1224979098644774914 68 2120 3 1224979098644774919 1224979098644774918 100 520 3 1224979098644774920 2090 1224979098644774919 4 0 2147483678 2 1224979098644774917 4 1073742364 3 1224979098644774916 52 2 1073742364 3 1224979098644774916 52 4 1073742364 3 1224979098644774916 52 3 1073742364 3 1224979098644774916 52 8 540 3 1224979098644774916 52 5 4 0 2147483678 2 1224979098644774920 1 2330 2 40 1224979098644774914 2322 2 44 1224979098644774916 1290 1 87 506 3 87 1 1224979098644774914 506 3 87 2 1224979098644774916 506 3 87 13 0 506 3 87 23 40 2320 2 2 1585267068834419398 1 3 310 87 0 1120 2 1585267068834419398 1585267068834419250 5 0 1 4 838 270 144115188075856921 -10000 3 0 5 0 2170 3 1224979098644774921 0 1224979098644774916 2147483680 2 1224979098644774921 6 1 4 227 511 1224979098644774914 1224979098644774916 3 0 500 3 1224979098644774916 182 1 3 0 5 0 522 3 1224979098644774922 144115188075856921 275 2107 2 1224979098644774922 -1 2111 2 1224979098644774922 0 2108 2 1224979098644774922 5000 2105 2 1224979098644774922 100 2133 2 72057594037927946 1224979098644774922 2136 3 1224979098644774913 0 10000 2147483680 2 1224979098644774913 1224979098644774922 1 3 130 144115188075856921 -1 2133 2 1224979098644774914 72057594037927936 1 4 227 510 1224979098644774914 0 3 0 
168.000000  14 1 2 865 153 2147483679 2 144115188075855936 1 31 2 144115188075856856 1 522 3 1224979098644774912 144115188075856921 276 2107 2 1224979098644774912 1224979098644774912 2105 2 1224979098644774912 144115188075856000 4 0 31 2 144115188075855972 1 2107 2 1224979098644774912 2 2108 2 1224979098644774912 3 3 0 2136 3 72057594037927970 0 11010 2147483678 2 72057594037927970 1224979098644774912 1 4 227 502 0 0 
48.000000  9 1 2 865 154 541 3 0 39 0 2147483679 2 144115188075855936 1 200 1 85 546 3 85 11 100 31 2 144115188075856856 1 31 2 144115188075856311 -1 31 2 144115188075856317 0 1 4 227 525 0 0 
24.000000  15 1 2 865 155 541 3 0 39 0 2147483679 2 144115188075855936 1 200 1 85 566 3 85 11 200 31 2 144115188075856856 1 31 2 144115188075856311 -1 31 2 144115188075856317 0 526 3 1224979098644774912 85 11 4 0 30 2 1224979098644774912 280 1 4 227 526 0 0 5 0 2105 2 1224979098644774912 1 3 0 
50.000000  7 541 3 0 39 0 2147483679 2 144115188075855936 1 31 2 144115188075856856 1 2147483680 2 144115188075856311 0 200 1 87 2147484194 3 87 13 200 1 4 227 504 0 0 
24.000000  74 1 2 865 156 6 3 1224979098644774912 457 475 521 3 1224979098644774913 1224979098644774912 87 2147483679 2 1224979098644774913 0 2106 2 1224979098644774913 1 2111 2 1224979098644774913 0 501 3 1224979098644774912 87 1224979098644774913 3 0 4 0 521 3 1224979098644774913 478 87 2147483679 2 1224979098644774913 0 2106 2 1224979098644774913 1 2111 2 1224979098644774913 0 501 3 478 87 1224979098644774913 3 0 4 0 521 3 1224979098644774913 477 87 2147483679 2 1224979098644774913 0 2106 2 1224979098644774913 1 2111 2 1224979098644774913 0 501 3 477 87 1224979098644774913 3 0 4 0 521 3 1224979098644774913 461 87 2147483679 2 1224979098644774913 0 2106 2 1224979098644774913 1 2111 2 1224979098644774913 0 501 3 461 87 1224979098644774913 3 0 6 3 1224979098644774914 781 1051 540 3 1224979098644774914 2 2 1073742364 3 1224979098644774914 183 11 1073742364 3 1224979098644774914 183 12 1073742364 3 1224979098644774914 183 13 1073742364 3 1224979098644774914 183 14 540 3 1224979098644774914 183 15 520 3 1224979098644774915 1224979098644774914 10 132 1 1224979098644774915 32 2 1224979098644774915 0 541 3 1224979098644774915 0 10 2204 2 1224979098644774916 1224979098644774915 1 3 154 1224979098644774915 1224979098644774916 2133 2 1224979098644774917 72057594037927936 33 3 1224979098644774917 21 153 1602 2 1224979098644774918 1224979098644774915 4 0 30 2 1224979098644774918 50 1103 1 1 1 3 733 1224979098644774915 107 2133 2 1224979098644774919 72057594037927936 4 0 33 3 1224979098644774919 21 408 1106 2 1585267068834419399 16764108 3 0 501 3 1224979098644774919 0 20 4 0 2147483680 2 1224979098644774919 525 1105 2 1585267068834419400 16724787 5 0 2147483680 2 1224979098644774915 525 1105 2 1585267068834419401 16724787 3 0 1620 2 1224979098644774919 1224979098644774916 2133 2 144115188075855970 0 1 3 99 1224979098644774919 1224979098644774915 1 2 96 1224979098644774915 1641 2 1224979098644774919 1224979098644774917 1640 2 1224979098644774919 1 1603 3 1224979098644774919 65536 1 1645 2 1224979098644774919 75 501 3 1224979098644774919 4 14 501 3 1224979098644774919 5 1224979098644774917 3 0 3 0 
2.545455  116 1 2 865 193 2136 3 1224979098644774912 21 153 2147484209 3 1224979098644774912 72 1 4 0 561 3 1224979098644774912 304 1 521 3 1224979098644774913 1224979098644774912 7 1 3 361 1224979098644774912 2 1 3 207 1224979098644774913 5 4 0 31 2 1224979098644774913 0 2330 2 50 1224979098644774912 1 3 354 299 1224979098644774912 1106 2 1585267068834419402 3407667 1 3 209 1224979098644774912 1 3 0 3 0 4 0 561 3 1224979098644774912 299 1 521 3 1224979098644774913 1224979098644774912 7 1 3 361 1224979098644774912 1 1 3 207 1224979098644774913 3 4 0 31 2 1224979098644774913 0 2330 2 50 1224979098644774912 1 3 354 299 1224979098644774912 1106 2 1585267068834419402 3407667 1 3 209 1224979098644774912 1 3 0 3 0 4 0 561 3 1224979098644774912 300 1 521 3 1224979098644774913 1224979098644774912 7 1 3 361 1224979098644774912 1 1 3 207 1224979098644774913 3 4 0 31 2 1224979098644774913 0 2330 2 50 1224979098644774912 1 3 354 300 1224979098644774912 1106 2 1585267068834419402 3407667 1 3 209 1224979098644774912 2 3 0 3 0 4 0 561 3 1224979098644774912 267 1 521 3 1224979098644774913 1224979098644774912 7 31 2 1224979098644774913 0 521 3 1224979098644774914 1224979098644774912 25 2147483678 2 1224979098644774914 50 1 3 209 1224979098644774912 2 2330 2 50 1224979098644774912 1106 1 1585267068834419403 3 0 4 0 561 3 1224979098644774912 264 1 521 3 1224979098644774913 1224979098644774912 7 31 2 1224979098644774913 0 521 3 1224979098644774914 1224979098644774912 25 30 2 1224979098644774914 -25 1 3 209 1224979098644774912 -1 2330 2 50 1224979098644774912 1106 1 1585267068834419404 3 0 4 0 561 3 1224979098644774912 265 1 521 3 1224979098644774913 1224979098644774912 7 31 2 1224979098644774913 0 521 3 1224979098644774914 1224979098644774912 25 30 2 1224979098644774914 -35 1 3 209 1224979098644774912 -1 2330 2 50 1224979098644774912 1106 1 1585267068834419405 3 0 4 0 561 3 1224979098644774912 268 1 521 3 1224979098644774913 1224979098644774912 7 31 2 1224979098644774913 0 521 3 1224979098644774914 1224979098644774912 25 30 2 1224979098644774914 -70 1 3 209 1224979098644774912 -3 2330 2 50 1224979098644774912 1106 1 1585267068834419406 3 0 4 0 561 3 1224979098644774912 291 1 2136 3 1224979098644774915 75000 100001 1673 3 1224979098644774912 1224979098644774915 0 521 3 1224979098644774913 1224979098644774912 7 4 0 31 2 1224979098644774913 0 2330 2 50 1224979098644774912 1 3 354 291 1224979098644774912 1106 2 1585267068834419407 3407667 3 0 3 0 4 0 561 3 1224979098644774912 301 1 521 3 1224979098644774913 1224979098644774912 7 1 3 207 1224979098644774913 6 31 2 1224979098644774913 0 2330 2 50 1224979098644774912 1 3 354 301 1224979098644774912 1106 2 1585267068834419408 3407667 3 0 4 0 561 3 1224979098644774912 302 1 521 3 1224979098644774913 1224979098644774912 7 1 3 361 1224979098644774912 1 1 3 207 1224979098644774913 3 4 0 31 2 1224979098644774913 0 1 3 209 1224979098644774912 1 2330 2 50 1224979098644774912 1 3 354 302 1224979098644774912 1106 2 1585267068834419409 3407667 3 0 3 0 
0.868217  84 1 2 865 157 2136 3 1224979098644774912 21 408 541 3 1224979098644774912 324 0 4 0 1073741857 3 144115188075856869 1 4 33 3 144115188075856869 10 13 2133 2 1224979098644774913 3 5 0 33 3 144115188075856869 4 7 2133 2 1224979098644774913 2 5 0 2133 2 1224979098644774913 1 3 0 521 3 1224979098644774914 1224979098644774912 46 2121 3 1224979098644774915 200 1224979098644774914 4 0 561 3 1224979098644774912 266 1 2105 2 1224979098644774915 50 3 0 4 0 561 3 1224979098644774912 294 1 2105 2 1224979098644774915 100 3 0 4 0 561 3 1224979098644774912 287 1 2105 2 1224979098644774915 50 3 0 2136 3 1224979098644774916 0 1224979098644774915 2147483680 2 1224979098644774916 1224979098644774913 2136 3 1224979098644774917 0 15 4 0 2147483680 2 1224979098644774917 2 2133 2 1224979098644774918 5 520 3 1224979098644774919 2131 56 2105 2 1224979098644774919 1 500 3 2131 56 1224979098644774919 5 0 31 2 1224979098644774917 4 2133 2 1224979098644774918 10 520 3 1224979098644774919 2131 55 2105 2 1224979098644774919 1 500 3 2131 55 1224979098644774919 5 0 31 2 1224979098644774917 6 2133 2 1224979098644774918 15 520 3 1224979098644774919 2131 54 2105 2 1224979098644774919 1 500 3 2131 54 1224979098644774919 5 0 31 2 1224979098644774917 7 2133 2 1224979098644774918 20 520 3 1224979098644774919 2131 52 2105 2 1224979098644774919 1 500 3 2131 52 1224979098644774919 5 0 2147483680 2 1224979098644774917 9 2133 2 1224979098644774918 25 520 3 1224979098644774919 2131 53 2105 2 1224979098644774919 1 500 3 2131 53 1224979098644774919 5 0 2147483680 2 1224979098644774917 11 2133 2 1224979098644774918 30 520 3 1224979098644774919 2131 50 2105 2 1224979098644774919 1 500 3 2131 50 1224979098644774919 5 0 2133 2 1224979098644774918 35 520 3 1224979098644774919 2131 51 2105 2 1224979098644774919 1 500 3 2131 51 1224979098644774919 3 0 4 0 561 3 1224979098644774912 287 1 561 3 1224979098644774912 294 1 2106 2 1224979098644774918 1 3 0 1 2 353 1224979098644774918 1 3 361 1224979098644774912 72057594037927937 501 3 1224979098644774912 324 1224979098644774918 4 0 541 3 1224979098644774912 7 0 1 4 227 1143 1224979098644774912 0 3 0 
0.434109  76 1 2 865 158 31 2 144115188075856869 12 2136 3 1224979098644774912 21 408 541 3 1224979098644774912 325 0 2133 2 1224979098644774913 4 2133 2 1224979098644774914 96 1 2 813 1224979098644774912 2133 2 1224979098644774915 72057594037927937 4 0 1608 2 1224979098644774916 1224979098644774912 2147483679 2 1224979098644774916 13 2147483679 2 1224979098644774916 5 2147483679 2 1224979098644774915 10 2147483679 2 1224979098644774915 2 2147483679 2 1224979098644774915 4 2147483679 2 1224979098644774915 13 2105 2 1224979098644774913 20 2105 2 1224979098644774914 100 5 0 1073741855 2 1224979098644774915 6 1073741855 2 1224979098644774915 7 1073741855 2 1224979098644774915 9 31 2 1224979098644774915 5 2105 2 1224979098644774913 3 2105 2 1224979098644774914 1 5 0 1073741855 2 1224979098644774915 14 1073741855 2 1224979098644774915 15 1073741855 2 1224979098644774915 17 31 2 1224979098644774915 16 2106 2 1224979098644774914 4 2106 2 1224979098644774913 3 5 0 1073741855 4 541 1224979098644774912 68 38 1073741855 4 541 1224979098644774912 68 37 1073741855 4 541 1224979098644774912 68 39 1073741855 4 541 1224979098644774912 68 35 31 4 541 1224979098644774912 68 36 2106 2 1224979098644774914 4 2106 2 1224979098644774913 1 3 0 2133 2 1224979098644774917 0 2136 3 1224979098644774918 0 100 4 0 30 2 1224979098644774918 1224979098644774914 2133 2 1224979098644774917 214 5 0 2147483680 2 1224979098644774918 1224979098644774913 2133 2 1224979098644774917 219 3 0 4 0 32 2 1224979098644774917 0 1 2 353 1224979098644774917 1 3 361 1224979098644774912 72057594037927937 501 3 1224979098644774912 325 1224979098644774917 521 3 1224979098644774919 1224979098644774912 43 2107 2 1224979098644774919 75 2108 2 1224979098644774919 100 501 3 1224979098644774912 43 1224979098644774919 4 0 541 3 1224979098644774912 7 0 1 4 227 1144 1224979098644774912 0 3 0 2330 2 22 1224979098644774912 4 0 31 2 1224979098644774917 219 520 3 1224979098644774920 2131 69 2105 2 1224979098644774920 1 500 3 2131 69 1224979098644774920 5 0 31 2 1224979098644774917 214 520 3 1224979098644774920 2131 68 2105 2 1224979098644774920 1 500 3 2131 68 1224979098644774920 3 0 3 0 
0.658824  57 1 2 865 159 33 3 144115188075856869 7 9 2136 3 1224979098644774912 153 408 541 3 1224979098644774912 325 0 2133 2 1224979098644774913 2 2133 2 1224979098644774914 98 4 0 561 3 1224979098644774912 282 1 2105 2 1224979098644774913 1 3 0 4 0 561 3 1224979098644774912 278 1 2105 2 1224979098644774913 1 3 0 2133 2 1224979098644774915 0 2136 3 1224979098644774916 0 100 4 0 2147483680 2 1224979098644774916 1224979098644774913 2133 2 1224979098644774915 209 5 0 30 2 1224979098644774916 1224979098644774914 2133 2 1224979098644774915 214 3 0 4 0 32 2 1224979098644774915 0 1 2 353 1224979098644774915 1 3 361 1224979098644774912 72057594037927937 501 3 1224979098644774912 325 1224979098644774915 521 3 1224979098644774917 1224979098644774912 43 2107 2 1224979098644774917 75 2108 2 1224979098644774917 100 501 3 1224979098644774912 43 1224979098644774917 4 0 541 3 1224979098644774912 7 0 1 4 227 1144 1224979098644774912 0 3 0 2330 2 22 1224979098644774912 1 2 353 1224979098644774915 4 0 30 2 72057594037927937 0 2133 2 1224979098644774918 13434828 5 0 2133 2 1224979098644774918 16764108 3 0 1105 2 1585267068834419410 1224979098644774918 4 0 31 2 1224979098644774915 209 520 3 1224979098644774919 2131 67 2105 2 1224979098644774919 1 500 3 2131 67 1224979098644774919 5 0 31 2 1224979098644774915 214 520 3 1224979098644774919 2131 66 2105 2 1224979098644774919 1 500 3 2131 66 1224979098644774919 3 0 3 0 
0.658824  40 1 2 865 160 2136 3 1224979098644774912 153 408 541 3 1224979098644774912 325 0 4 0 33 3 144115188075856869 5 9 2133 2 1224979098644774913 3 2133 2 1224979098644774914 350 5 0 1073741857 3 144115188075856869 3 5 33 3 144115188075856869 9 11 2133 2 1224979098644774913 2 2133 2 1224979098644774914 375 5 0 2133 2 1224979098644774913 1 2133 2 1224979098644774914 400 3 0 4 0 561 3 1224979098644774912 282 1 2105 2 1224979098644774914 200 3 0 4 0 561 3 1224979098644774912 278 1 2106 2 1224979098644774914 50 3 0 2136 3 1224979098644774915 0 1224979098644774914 2147483680 2 1224979098644774915 1224979098644774913 1 2 353 120 1 3 361 1224979098644774912 72057594037927937 501 3 1224979098644774912 325 120 521 3 1224979098644774916 1224979098644774912 43 2107 2 1224979098644774916 75 2108 2 1224979098644774916 100 501 3 1224979098644774912 43 1224979098644774916 4 0 541 3 1224979098644774912 7 0 1 4 227 1144 1224979098644774912 0 3 0 520 3 1224979098644774917 2131 58 2105 2 1224979098644774917 1 500 3 2131 58 1224979098644774917 
0.658824  33 1 2 865 161 2136 3 1224979098644774912 153 408 541 3 1224979098644774912 325 0 4 0 33 3 144115188075856869 5 9 2133 2 1224979098644774913 3 2133 2 1224979098644774914 350 5 0 1073741857 3 144115188075856869 3 5 33 3 144115188075856869 9 11 2133 2 1224979098644774913 2 2133 2 1224979098644774914 375 5 0 2133 2 1224979098644774913 0 2133 2 1224979098644774914 400 3 0 32 2 1224979098644774913 0 2136 3 1224979098644774915 0 1224979098644774914 2147483680 2 1224979098644774915 1224979098644774913 1 2 353 130 1 3 361 1224979098644774912 72057594037927937 501 3 1224979098644774912 325 130 521 3 1224979098644774916 1224979098644774912 43 2107 2 1224979098644774916 75 2108 2 1224979098644774916 100 501 3 1224979098644774912 43 1224979098644774916 4 0 541 3 1224979098644774912 7 0 1 4 227 1144 1224979098644774912 0 3 0 520 3 1224979098644774917 2131 60 2105 2 1224979098644774917 1 500 3 2131 60 1224979098644774917 
2.545455  17 1 2 865 162 2136 3 1224979098644774912 21 153 541 3 1224979098644774912 325 0 2136 3 1224979098644774913 0 650 2147483680 2 1224979098644774913 1 1 2 805 1224979098644774912 1 2 353 100 1 3 361 1224979098644774912 72057594037927937 501 3 1224979098644774912 325 100 521 3 1224979098644774914 1224979098644774912 43 2107 2 1224979098644774914 25 2108 2 1224979098644774914 100 501 3 1224979098644774912 43 1224979098644774914 1 4 227 1144 1224979098644774912 0 520 3 1224979098644774915 2131 59 2105 2 1224979098644774915 1 500 3 2131 59 1224979098644774915 
2.545455  83 1 2 865 163 2136 3 1224979098644774912 21 153 541 3 1224979098644774912 325 0 2133 2 1224979098644774913 350 4 0 1073741857 3 144115188075856869 1 4 33 3 144115188075856869 10 13 2133 2 1224979098644774914 20 5 0 33 3 144115188075856869 4 7 2133 2 1224979098644774914 30 5 0 2133 2 1224979098644774914 40 3 0 4 0 561 3 1224979098644774912 290 1 2105 2 1224979098644774913 25 2106 2 1224979098644774914 30 3 0 4 0 541 3 1224979098644774912 0 4 2105 2 1224979098644774913 50 2108 2 1224979098644774914 3 3 0 2136 3 1224979098644774915 0 1224979098644774913 2147483680 2 1224979098644774915 1224979098644774914 4 0 541 3 1224979098644774912 7 0 561 3 1224979098644774912 290 1 2133 2 1224979098644774916 0 2133 2 1224979098644774917 -1 5 0 541 3 1224979098644774912 7 0 2133 2 1224979098644774916 1 5 0 2133 2 1224979098644774916 2 3 0 2133 2 1224979098644774918 1 2133 2 1224979098644774917 299 6 3 1224979098644774919 271 1224979098644774917 2147483679 2 1224979098644774919 276 2147483679 2 1224979098644774919 271 2147483679 2 1224979098644774919 293 2147483679 2 1224979098644774919 277 2147483679 2 1224979098644774919 288 2147483679 2 1224979098644774919 278 2147483679 2 1224979098644774919 282 2147483679 2 1224979098644774919 279 2147483679 2 1224979098644774919 298 2147483679 2 1224979098644774919 285 2147483679 2 1224979098644774919 281 2147483679 2 1224979098644774919 290 2136 3 1224979098644774920 0 1224979098644774913 2147483678 2 1224979098644774920 1224979098644774914 561 3 1224979098644774912 1224979098644774919 1 501 3 1224979098644774912 1224979098644774919 0 4 0 541 3 1224979098644774912 7 0 2330 2 60 1224979098644774912 1 3 354 1224979098644774919 1224979098644774912 1105 2 1585267068834419411 16724787 3 0 4 0 31 2 1224979098644774918 1224979098644774916 2133 2 1224979098644774917 -1 5 0 2105 2 1224979098644774918 1 3 0 3 0 501 3 1224979098644774912 325 110 1 2 353 110 1 3 361 1224979098644774912 72057594037927937 521 3 1224979098644774921 1224979098644774912 43 2107 2 1224979098644774921 75 2108 2 1224979098644774921 100 501 3 1224979098644774912 43 1224979098644774921 4 0 541 3 1224979098644774912 7 0 1 4 227 1144 1224979098644774912 0 3 0 520 3 1224979098644774922 2131 57 2105 2 1224979098644774922 1 500 3 2131 57 1224979098644774922 
0.658824  96 1 2 865 164 2136 3 1224979098644774912 153 408 4 0 561 3 1224979098644774912 276 1 1 3 361 1224979098644774912 1 3 0 4 0 561 3 1224979098644774912 271 1 1 3 361 1224979098644774912 1 3 0 4 0 33 3 144115188075856298 21 408 542 3 25 14 0 540 3 2131 24 0 1073742365 3 1224979098644774912 68 51 1073742365 3 1224979098644774912 68 52 1073742365 3 1224979098644774912 68 8 1073742365 3 1224979098644774912 68 10 1073742365 3 1224979098644774912 68 56 1073742365 3 1224979098644774912 68 57 1073742365 3 1224979098644774912 68 9 1073742365 3 1224979098644774912 68 4 1073742365 3 1224979098644774912 68 5 1073742365 3 1224979098644774912 68 7 541 3 1224979098644774912 68 6 2204 2 1224979098644774913 1224979098644774912 31 2 1224979098644774913 144115188075856921 4 0 1073742365 3 1224979098644774912 68 51 541 3 1224979098644774912 68 52 2133 2 1224979098644774914 72 5 0 1073742365 3 1224979098644774912 68 8 1073742365 3 1224979098644774912 68 10 1073742365 3 1224979098644774912 68 56 541 3 1224979098644774912 68 9 2133 2 1224979098644774914 66 5 0 541 3 1224979098644774912 68 6 2133 2 1224979098644774914 64 5 0 541 3 1224979098644774912 68 4 2133 2 1224979098644774914 65 5 0 541 3 1224979098644774912 68 7 2133 2 1224979098644774914 67 5 0 2136 3 1224979098644774915 0 2 4 0 31 2 1224979098644774915 0 2133 2 1224979098644774914 65 5 0 2133 2 1224979098644774914 64 3 0 3 0 4 0 562 3 144115188075856921 13 30 2133 2 1224979098644774916 1 5 0 562 3 144115188075856921 13 20 2133 2 1224979098644774916 2 5 0 2133 2 1224979098644774916 3 3 0 2136 3 1224979098644774917 0 126 2147483680 2 1224979098644774917 1224979098644774916 2136 3 1224979098644774915 0 20 2149 2 1224979098644774918 0 500 3 2131 24 1 4 0 31 2 1224979098644774915 0 1 4 227 944 1224979098644774914 0 5 0 33 3 1224979098644774915 1 3 30 2 1224979098644774918 50000 1 4 227 945 1224979098644774914 0 5 0 33 3 1224979098644774915 3 5 30 2 1224979098644774918 25000 1 4 227 946 1224979098644774914 0 5 0 33 3 1224979098644774915 5 7 1 4 227 947 1224979098644774914 0 5 0 33 3 1224979098644774915 8 10 1 4 227 948 1224979098644774914 0 5 0 33 3 1224979098644774915 11 13 1 4 227 949 1224979098644774914 0 5 0 33 3 1224979098644774915 13 16 1 4 227 950 1224979098644774914 0 5 0 1 4 227 951 1224979098644774914 0 3 0 3 0 
24.000000  9 1 2 865 165 500 3 2284 151 0 500 3 2284 182 0 4 0 521 3 1224979098644774912 478 318 30 2 1224979098644774912 1 2106 2 1224979098644774912 1 501 3 478 318 1224979098644774912 3 0 
96.000000  19 1 2 865 166 2133 2 144115188075856982 0 2133 2 144115188075856314 0 500 3 2131 12 0 500 3 2131 24 0 500 3 1264 51 0 6 3 1224979098644774912 21 408 501 3 1224979098644774912 318 0 3 0 4 0 33 3 144115188075856869 3 11 31 2 144115188075856307 0 2060 1 346 5 0 1073741855 2 144115188075856869 12 33 3 144115188075856869 1 3 31 2 144115188075856307 1 2060 1 347 3 0 
336.000000  66 1 2 865 167 4 0 540 3 0 183 13 560 3 2431 19 10 2204 2 1224979098644774912 26 31 2 1224979098644774912 144115188075856921 2147484209 3 26 72 1 2123 3 1224979098644774913 144115188075856897 10 2112 3 1224979098644774913 -11 11 2107 2 1224979098644774913 -1 2105 2 1224979098644774913 10 2136 3 1224979098644774914 0 110 4 0 2147483678 2 1224979098644774914 1224979098644774913 1106 2 1585267068834419412 16764108 1107 1 0 1 3 702 -1 0 1107 1 1 3 0 3 0 4 0 541 3 0 39 0 2147483679 2 144115188075855936 1 31 2 144115188075856856 1 4 0 31 2 144115188075856155 0 2147483680 2 144115188075856311 0 31 2 144115188075856320 0 4 0 200 1 70 1106 1 1585267068834419413 5 0 2060 1 513 3 0 3 0 4 0 31 2 144115188075856155 1 2136 3 1224979098644774914 0 100 30 2 1224979098644774914 90 2060 1 514 3 0 4 0 31 2 144115188075856320 1 2136 3 1224979098644774914 0 100 2147483678 2 1224979098644774914 10 2060 1 515 3 0 4 0 2147483680 2 144115188075856311 0 2136 3 1224979098644774914 0 100 4 0 30 2 1224979098644774914 70 31 2 144115188075855942 -1 2060 1 598 3 0 3 0 3 0 4 0 2204 2 1224979098644774915 26 542 3 1224979098644774915 9 13 2122 3 1224979098644774916 144115188075856865 4 2105 2 1224979098644774916 5 2136 3 1224979098644774914 0 100 2147483680 2 1224979098644774914 1224979098644774916 1 4 227 462 1224979098644774915 0 3 0 
24.000000  6 1 2 865 168 2147483679 2 144115188075856856 1 2272 1 1224979098644774912 30 2 1224979098644774912 75 31 2 144115188075856435 0 1 4 227 442 0 0 
24.000000  18 1 2 865 170 4 0 2147483679 2 144115188075855936 1 520 3 1224979098644774912 0 30 30 2 1224979098644774912 1 2147483679 2 1224979098644774912 1206 2147483679 2 1224979098644774912 1207 2147483679 2 1224979098644774912 1208 110 1 1224979098644774912 2175 2 1224979098644774913 1224979098644774912 2147483678 2 1224979098644774913 20 2133 2 144115188075856027 26 1025 2 1224979098644774912 -1 3 0 4 0 31 2 144115188075856067 1 2133 2 144115188075856067 0 3 0 
240.000000  100 1 2 865 171 31 2 144115188075856848 -1 2147483679 2 144115188075856190 1 2147483679 2 144115188075855997 1 2147483679 2 144115188075856236 1 2147483679 2 144115188075856188 2 2147483679 2 144115188075855936 1 2133 2 1224979098644774912 11 2105 2 1224979098644774912 1 2136 3 1224979098644774913 0 1224979098644774912 2147484188 3 2131 25 1224979098644774913 500 3 2131 25 1224979098644774913 2133 2 1224979098644774914 0 4 0 2105 2 1224979098644774914 1 31 2 1224979098644774914 1224979098644774913 1106 1 1585267068834419414 1 3 620 0 -20 1064 1 100 5 0 2105 2 1224979098644774914 1 31 2 1224979098644774914 1224979098644774913 1106 1 1585267068834419415 1 3 620 0 -5 1 3 904 0 5 5 0 2105 2 1224979098644774914 1 31 2 1224979098644774914 1224979098644774913 1106 1 1585267068834419416 1 3 620 0 -5 5 0 2105 2 1224979098644774914 1 31 2 1224979098644774914 1224979098644774913 2147483679 2 144115188075856856 1 2147483680 2 144115188075856034 1 1106 1 1585267068834419417 1528 2 0 50 1530 3 0 98 0 1530 3 0 107 0 1064 1 100 5 0 2105 2 1224979098644774914 1 31 2 1224979098644774914 1224979098644774913 1106 1 1585267068834419418 1 3 620 0 40 1064 1 250 5 0 2105 2 1224979098644774914 1 31 2 1224979098644774914 1224979098644774913 2147483679 2 144115188075856856 1 2147483680 2 144115188075856034 1 1106 1 1585267068834420121 1528 2 0 300 1064 1 50 5 0 2105 2 1224979098644774914 1 31 2 1224979098644774914 1224979098644774913 2147483679 2 144115188075856856 1 2147483680 2 144115188075856034 1 1064 1 50 1106 1 1585267068834420122 5 0 2105 2 1224979098644774914 1 31 2 1224979098644774914 1224979098644774913 4 0 2157 2 1224979098644774915 0 30 2 1224979098644774915 5 1106 1 1585267068834419421 1 3 620 0 -15 1 2 107 -15 3 0 5 0 2105 2 1224979098644774914 1 31 2 1224979098644774914 1224979098644774913 4 0 2157 2 1224979098644774915 0 30 2 1224979098644774915 5 1106 1 1585267068834419422 1064 1 50 1 2 107 10 3 0 5 0 2105 2 1224979098644774914 1 31 2 1224979098644774914 1224979098644774913 4 0 2157 2 1224979098644774915 0 30 2 1224979098644774915 5 1106 1 1585267068834419423 1064 1 50 1 2 107 10 3 0 5 0 2105 2 1224979098644774914 1 31 2 1224979098644774914 1224979098644774913 2147483679 2 144115188075856856 1 2147483680 2 144115188075856034 1 1106 1 1585267068834420123 1528 2 0 200 1064 1 100 3 0 
24.000000  103 1 2 865 172 4 0 32 2 144115188075855915 0 2133 2 144115188075855915 0 1073742390 2 41 1 1073742390 2 42 1 1073742390 2 43 1 566 2 44 1 1120 2 1585267068834419425 1585267068834419426 3 0 1685 3 1224979098644774912 0 11 2107 2 1224979098644774912 5 2133 2 1224979098644774913 0 2133 2 1224979098644774914 0 2133 2 1224979098644774915 0 6 3 1224979098644774916 31 35 526 3 1224979098644774917 67 1224979098644774916 2147483679 2 1224979098644774917 0 2120 3 1224979098644774918 1224979098644774916 10 526 3 1224979098644774919 67 1224979098644774918 2120 3 1224979098644774920 1224979098644774916 20 526 3 1224979098644774921 67 1224979098644774920 4 0 32 2 1224979098644774917 0 2136 3 1224979098644774922 1 101 32 2 1224979098644774922 1224979098644774912 2106 2 1224979098644774917 1 506 3 67 1224979098644774916 1224979098644774917 4 0 31 2 1224979098644774917 1 2105 2 1224979098644774913 1224979098644774919 5 0 31 2 1224979098644774917 0 2105 2 1224979098644774914 1224979098644774919 506 3 67 1224979098644774918 0 2105 2 1224979098644774921 1224979098644774919 506 3 67 1224979098644774920 1224979098644774921 3 0 5 0 2147483678 2 1224979098644774917 0 2105 2 1224979098644774917 1 4 0 2147483678 2 1224979098644774917 0 2136 3 1224979098644774922 1 101 2147483680 2 1224979098644774922 1224979098644774912 2105 2 1224979098644774917 1 3 0 506 3 67 1224979098644774916 1224979098644774917 31 2 1224979098644774917 0 2105 2 1224979098644774915 1224979098644774919 4 0 31 2 1224979098644774918 41 1520 3 0 2 1224979098644774919 2133 2 72057594037927947 1224979098644774919 1106 2 1585267068834419427 13434828 5 0 31 2 1224979098644774918 42 1520 3 0 3 1224979098644774919 2133 2 72057594037927947 1224979098644774919 1106 2 1585267068834419428 13434828 5 0 31 2 1224979098644774918 43 1520 3 0 0 1224979098644774919 2133 2 72057594037927947 1224979098644774919 1106 2 1585267068834419429 13434828 5 0 31 2 1224979098644774918 44 1520 3 0 1 1224979098644774919 2133 2 72057594037927947 1224979098644774919 1106 2 1585267068834419430 13434828 3 0 506 3 67 1224979098644774918 0 3 0 3 0 2319 1 1 4 0 32 2 1224979098644774913 0 2133 2 72057594037927943 1224979098644774913 2133 2 72057594037927944 72057594037927943 2110 2 72057594037927944 2 2106 2 72057594037927944 1 2320 2 1 1585267068834419431 3 0 4 0 32 2 1224979098644774914 0 2133 2 72057594037927943 1224979098644774914 2133 2 72057594037927944 72057594037927943 2110 2 72057594037927944 2 2106 2 72057594037927944 1 2320 2 1 1585267068834419432 3 0 4 0 32 2 1224979098644774915 0 2133 2 72057594037927943 1224979098644774915 2133 2 72057594037927944 72057594037927943 2110 2 72057594037927944 2 2106 2 72057594037927944 1 2320 2 1 1585267068834419433 3 0 4 0 2147485966 1 1 1120 2 1585267068834414691 1585267068834419434 3 0 
72.000000  27 1 2 865 173 2147483679 2 144115188075855936 1 542 3 144115188075856921 223 1 522 3 1224979098644774912 144115188075856921 10 4 0 31 2 144115188075856034 1 560 3 0 7 300 560 3 0 6 250 1 3 431 0 1224979098644774912 30 2 72057594037927936 15 2171 2 1224979098644774913 0 30 2 1224979098644774913 10 2136 3 1224979098644774914 0 100 2147483678 2 1224979098644774914 35 1 4 227 516 0 0 5 0 31 2 144115188075856034 2 560 3 0 7 450 560 3 0 6 500 1 3 431 0 1224979098644774912 30 2 72057594037927936 30 2171 2 1224979098644774913 0 30 2 1224979098644774913 20 2136 3 1224979098644774914 0 100 2147483678 2 1224979098644774914 35 1 4 227 516 0 0 3 0 
24.000000  69 1 2 865 174 2147483679 2 144115188075855936 1 31 2 144115188075856856 1 4 0 200 1 89 2204 2 1224979098644774912 47 31 2 1224979098644774912 144115188075856921 2204 2 1224979098644774913 60 31 2 1224979098644774913 144115188075856921 2204 2 1224979098644774913 67 31 2 1224979098644774913 144115188075856921 2204 2 1224979098644774914 112 31 2 1224979098644774914 144115188075856921 2204 2 1224979098644774915 114 31 2 1224979098644774915 144115188075856921 2204 2 1224979098644774916 102 31 2 1224979098644774916 144115188075856921 2204 2 1224979098644774917 127 31 2 1224979098644774917 144115188075856921 1 4 227 520 0 0 3 0 4 0 200 1 88 2204 2 1224979098644774912 65 31 2 1224979098644774912 144115188075856921 2204 2 1224979098644774913 35 31 2 1224979098644774913 144115188075856921 2204 2 1224979098644774914 80 31 2 1224979098644774914 144115188075856921 2204 2 1224979098644774915 121 31 2 1224979098644774915 144115188075856921 2204 2 1224979098644774916 122 31 2 1224979098644774916 144115188075856921 2204 2 1224979098644774917 125 31 2 1224979098644774917 144115188075856921 2204 2 1224979098644774918 105 31 2 1224979098644774918 144115188075856921 1 4 227 517 0 0 3 0 4 0 200 1 90 2204 2 1224979098644774912 31 31 2 1224979098644774912 144115188075856921 2204 2 1224979098644774913 62 31 2 1224979098644774913 144115188075856921 2204 2 1224979098644774913 29 31 2 1224979098644774913 144115188075856921 2204 2 1224979098644774914 91 31 2 1224979098644774914 144115188075856921 2204 2 1224979098644774915 109 31 2 1224979098644774915 144115188075856921 1 4 227 519 0 0 3 0 4 0 200 1 91 2204 2 1224979098644774912 63 31 2 1224979098644774912 144115188075856921 2204 2 1224979098644774913 21 31 2 1224979098644774913 144115188075856921 2204 2 1224979098644774913 64 31 2 1224979098644774913 144115188075856921 2204 2 1224979098644774914 86 31 2 1224979098644774914 144115188075856921 2204 2 1224979098644774915 77 31 2 1224979098644774915 144115188075856921 2204 2 1224979098644774916 95 31 2 1224979098644774916 144115188075856921 1 4 227 518 0 0 3 0 
24.000000  167 1 2 865 175 500 3 722 150 0 500 3 735 150 0 500 3 2271 150 0 6 3 1224979098644774912 2342 2344 520 3 1224979098644774913 1224979098644774912 150 2147483679 2 1224979098644774913 0 2106 2 1224979098644774913 1 2111 2 1224979098644774913 0 500 3 1224979098644774912 150 1224979098644774913 4 0 31 2 1224979098644774913 0 2322 2 40 1224979098644774912 4 0 540 3 1224979098644774912 151 25 520 3 1224979098644774914 1224979098644774912 152 33 3 1224979098644774914 1051 1209 520 3 1224979098644774915 1224979098644774914 52 1 2 206 1224979098644774914 2133 2 1224979098644774916 72057594037927936 520 3 1224979098644774917 0 7 2108 2 1224979098644774917 6 2106 2 1224979098644774917 40 1 3 423 1224979098644774914 0 2133 2 1224979098644774918 72057594037927936 4 0 31 2 1224979098644774915 14 2108 2 1224979098644774918 2 2107 2 1224979098644774917 2 5 0 31 2 1224979098644774915 13 2107 2 1224979098644774918 2 2108 2 1224979098644774917 2 5 0 31 2 1224979098644774915 12 2107 2 1224979098644774918 3 2108 2 1224979098644774918 2 2108 2 1224979098644774917 2 5 0 1073741855 2 1224979098644774915 16 31 2 1224979098644774915 15 2108 2 1224979098644774918 2 2108 2 1224979098644774917 2 3 0 2120 3 1224979098644774919 1224979098644774918 1224979098644774917 2105 2 1224979098644774919 1224979098644774916 2136 3 1224979098644774920 2 8 4 0 2147483678 2 1224979098644774919 0 2108 2 1224979098644774920 -2 2322 2 33 1224979098644774914 1106 1 1585267068834419435 1 3 208 1224979098644774914 1224979098644774920 1120 2 1585267068834419435 1585267068834419436 5 0 32 2 1224979098644774919 0 2322 2 33 1224979098644774914 1106 1 1585267068834419437 1 3 208 1224979098644774914 1224979098644774920 1120 2 1585267068834419437 1585267068834419436 3 0 5 0 540 3 1224979098644774912 151 5 2136 3 1224979098644774920 6 12 1106 1 1585267068834419438 1120 2 1585267068834419438 1585267068834419439 1 3 207 0 1224979098644774920 3 0 500 3 1224979098644774912 151 -1 3 0 3 0 4 0 2147483679 2 144115188075855936 1 2147483679 2 144115188075856154 -1 2106 2 144115188075856154 1 4 0 31 2 144115188075856154 0 1 4 227 551 0 0 3 0 3 0 4 0 520 3 1224979098644774913 2208 150 2147483679 2 1224979098644774913 0 2106 2 1224979098644774913 1 2111 2 1224979098644774913 0 500 3 2208 150 1224979098644774913 3 0 4 0 520 3 1224979098644774913 2254 150 2147483679 2 1224979098644774913 0 2106 2 1224979098644774913 1 2111 2 1224979098644774913 0 4 0 31 2 1224979098644774913 0 2147483679 2 144115188075855936 1 1106 2 1585267068834419440 13434828 1613 3 0 95 200 1613 3 0 96 100 5 0 31 2 1224979098644774913 0 1106 2 1585267068834419441 16764108 3 0 500 3 2254 150 1224979098644774913 3 0 4 0 30 2 144115188075855973 1 520 3 1224979098644774913 144115188075855973 150 2147483679 2 1224979098644774913 0 2106 2 1224979098644774913 1 2111 2 1224979098644774913 0 500 3 144115188075855973 150 1224979098644774913 3 0 6 3 1224979098644774921 568 619 520 3 1224979098644774913 1224979098644774921 150 2147483679 2 1224979098644774913 0 2106 2 1224979098644774913 1 2111 2 1224979098644774913 0 500 3 1224979098644774921 150 1224979098644774913 3 0 6 3 1224979098644774921 2172 2197 520 3 1224979098644774913 1224979098644774921 150 2147483679 2 1224979098644774913 0 2106 2 1224979098644774913 1 2111 2 1224979098644774913 0 500 3 1224979098644774921 150 1224979098644774913 3 0 6 3 1224979098644774912 437 449 520 3 1224979098644774913 1224979098644774912 150 2147483679 2 1224979098644774913 0 2106 2 1224979098644774913 1 2111 2 1224979098644774913 0 500 3 1224979098644774912 150 1224979098644774913 3 0 4 0 2147483679 2 144115188075855936 1 110 1 1206 2157 2 1224979098644774922 0 30 2 1224979098644774922 10 32 2 144115188075855948 0 2136 3 1224979098644774923 0 100 2147483678 2 1224979098644774923 35 4 0 31 2 144115188075855948 1 1 4 227 558 0 0 2105 2 144115188075855948 1 5 0 31 2 144115188075855948 2 1 4 227 559 0 0 2105 2 144115188075855948 1 5 0 31 2 144115188075855948 3 1 4 227 560 0 0 2105 2 144115188075855948 1 5 0 31 2 144115188075855948 4 1 4 227 561 0 0 2105 2 144115188075855948 1 5 0 31 2 144115188075855948 5 1 4 227 562 0 0 2105 2 144115188075855948 1 5 0 31 2 144115188075855948 6 1 4 227 563 0 0 2105 2 144115188075855948 1 3 0 3 0 
46.000000  94 1 2 865 176 2133 2 144115188075856194 0 2136 3 1224979098644774912 21 73 2204 2 1224979098644774913 1224979098644774912 2133 2 1224979098644774914 0 4 0 31 2 1224979098644774913 32 2133 2 1224979098644774914 1 5 0 31 2 144115188075856856 1 31 2 1224979098644774913 144115188075856921 2133 2 1224979098644774914 1 3 0 4 0 2147483679 2 144115188075855936 1 31 2 1224979098644774914 1 31 2 144115188075856856 1 540 3 2131 12 0 2136 3 1224979098644774915 0 100 2147483680 2 1224979098644774915 20 521 3 1224979098644774916 1224979098644774912 7 32 2 1224979098644774916 0 1 2 206 1224979098644774916 30 2 72057594037927936 -10 2133 2 1224979098644774917 72057594037927936 2136 3 1224979098644774918 0 3 4 0 31 2 1224979098644774918 0 1 4 227 994 1224979098644774912 1224979098644774916 5 0 31 2 1224979098644774918 1 1 4 227 995 1224979098644774912 1224979098644774916 5 0 30 2 1224979098644774917 20 540 3 2131 13 0 1 4 227 996 1224979098644774912 1224979098644774916 3 0 500 3 2131 12 1 3 0 4 0 31 2 1224979098644774914 1 2133 2 1224979098644774919 72057594037927936 4 0 31 2 144115188075856317 1 521 3 1224979098644774920 1224979098644774912 260 4 0 33 3 1224979098644774920 0 525 2330 2 34 1224979098644774912 1106 1 1585267068834419442 3 0 32 2 1224979098644774920 525 1232 1 1224979098644774920 501 3 1224979098644774912 261 0 501 3 1224979098644774912 260 -1 2330 2 34 1224979098644774912 1106 1 1585267068834419443 3 0 4 0 541 3 1224979098644774912 261 1 2136 3 1224979098644774921 0 100 2147483680 2 1224979098644774921 75 521 3 1224979098644774920 1224979098644774912 260 4 0 33 3 1224979098644774920 0 525 2330 2 34 1224979098644774912 1106 1 1585267068834419442 3 0 32 2 1224979098644774920 525 1232 1 1224979098644774920 501 3 1224979098644774912 261 0 501 3 1224979098644774912 260 -1 2330 2 34 1224979098644774912 1106 1 1585267068834419443 5 0 31 2 144115188075856316 1 541 3 1224979098644774912 261 0 2136 3 1224979098644774921 0 100 2147483680 2 1224979098644774921 50 1103 1 4 1 3 733 1224979098644774912 297 501 3 1224979098644774912 260 72057594037927936 501 3 1224979098644774912 261 1 2330 2 34 1224979098644774912 1106 1 1585267068834419444 4 0 2136 3 1224979098644774922 0 100 2147483678 2 1224979098644774922 15 2147483678 2 144115188075856000 100 2105 2 144115188075856000 1 1106 2 1585267068834416463 16764108 3 0 3 0 2133 2 72057594037927936 1224979098644774919 3 0 
168.000000  26 1 2 865 177 37 0 2147483679 2 144115188075855936 1 2157 2 1224979098644774912 501 32 2 1224979098644774912 0 4 0 2157 2 1224979098644774912 0 2147483678 2 1224979098644774912 40 2060 1 27 5 0 1650 2 1224979098644774913 501 2133 2 1224979098644774914 0 6 3 1224979098644774915 0 1224979098644774913 1652 3 1224979098644774916 501 1224979098644774915 33 3 1224979098644774916 568 619 1653 3 1224979098644774912 501 1224979098644774915 1654 3 1224979098644774917 501 1224979098644774915 2106 2 1224979098644774912 1224979098644774917 2110 2 1224979098644774912 150 2108 2 1224979098644774912 10 2105 2 1224979098644774914 1224979098644774912 3 0 2110 2 1224979098644774914 15 1 2 107 1224979098644774914 1106 2 1585267068834419445 3407667 3 0 
168.000000  28 1 2 865 178 2136 3 1224979098644774912 0 10000 500 3 0 49 1224979098644774912 4 0 31 2 144115188075856848 -1 1608 2 1224979098644774913 0 4 0 1073741855 2 144115188075856869 12 1073741855 2 144115188075856869 1 31 2 144115188075856869 2 2147483679 2 1224979098644774913 4 2147483679 2 1224979098644774913 12 2147483679 2 1224979098644774913 5 2147483679 2 1224979098644774913 13 1106 2 1585267068834419446 16764108 1 2 107 -5 5 0 1073741855 2 1224979098644774913 13 31 2 1224979098644774913 5 1106 2 1585267068834419447 16764108 1 2 107 -10 5 0 1073741855 2 1224979098644774913 0 31 2 1224979098644774913 7 1106 2 1585267068834420332 16764108 1 2 107 -10 3 0 3 0 
24.000000  8 1 2 865 179 37 0 2147483679 2 144115188075855936 1 31 2 144115188075856601 1 1601 2 1224979098644774912 0 30 2 1224979098644774912 2 1106 2 1585267068834419448 16764108 1 2 107 -5 
216.000000  28 1 2 865 180 37 0 2147483679 2 144115188075855936 1 2147484208 3 0 8 0 4 0 520 3 1224979098644774912 0 7 1650 2 1224979098644774913 0 2133 2 1224979098644774914 0 6 3 1224979098644774915 0 1224979098644774913 1653 3 1224979098644774916 0 1224979098644774915 2105 2 1224979098644774914 1224979098644774916 3 0 4 0 30 2 1224979098644774912 200 32 2 1224979098644774914 100 2136 3 1224979098644774917 0 10 4 0 31 2 1224979098644774917 1 2060 1 452 5 0 31 2 1224979098644774917 2 2060 1 453 5 0 31 2 1224979098644774917 3 2060 1 454 3 0 3 0 3 0 
0.700000  52 1 2 865 181 4 0 31 2 144115188075856113 -1 31 2 144115188075855936 1 2124 1 100 701 1 32 729 2 32 -10600 730 2 32 3700 1625 2 31 489 710 3 1224979098644774912 31 32 4 0 2147483680 2 1224979098644774912 500 701 1 33 729 2 33 -13300 730 2 33 4900 1626 2 0 33 1021 1 0 1030 3 0 0 0 2133 2 144115188075855936 0 1230 1 489 2133 2 144115188075856113 0 2060 1 144115188075855916 2133 2 144115188075855916 -1 5 0 1021 1 489 3 0 5 0 2147483679 2 144115188075856113 -1 2147483679 2 144115188075856113 0 31 2 144115188075855936 1 2124 1 100 521 3 1224979098644774913 144115188075856113 40 1625 2 2 1224979098644774913 1625 2 1 489 710 3 1224979098644774912 1 2 2147483680 2 1224979098644774912 150 1625 2 3 144115188075856113 1626 2 0 3 1021 1 0 1030 3 0 0 0 2133 2 144115188075855936 0 1230 1 489 4 0 33 3 144115188075856113 21 73 2204 2 1224979098644774914 144115188075856113 2190 3 1224979098644774915 1224979098644774914 24 30 2 1224979098644774915 0 2133 2 144115188075856061 144115188075856113 3 0 2133 2 144115188075856113 0 3 0 1 1 646 
1.000000  179 1 2 865 182 6 3 1224979098644774912 1 56 520 3 1224979098644774913 2260 1224979098644774912 32 2 1224979098644774913 525 132 1 1224979098644774913 2204 2 1224979098644774914 1224979098644774913 1073741855 2 1224979098644774914 54 33 3 1224979098644774914 64 73 4 0 2290 2 1224979098644774915 1224979098644774913 521 3 1224979098644774916 1224979098644774913 4 521 3 1224979098644774917 1224979098644774913 5 4 0 1073741855 2 1224979098644774916 17 31 2 1224979098644774916 5 33 3 1224979098644774917 153 408 2281 3 1224979098644774918 1224979098644774913 1224979098644774917 4 0 2147483678 2 1224979098644774918 2 501 3 1224979098644774913 4 5 1641 2 1224979098644774913 1224979098644774917 4 0 541 3 1224979098644774917 32 0 1 3 191 1224979098644774917 1 501 3 1224979098644774917 31 1224979098644774913 4 0 2204 2 1224979098644774919 1224979098644774917 1073742365 3 1224979098644774917 7 0 31 2 1224979098644774919 25 2281 3 1224979098644774920 0 1224979098644774917 3221225502 2 1224979098644774920 30 561 3 1224979098644774917 283 1 31 2 144115188075856172 1 1 4 227 257 1224979098644774917 1224979098644774913 3 0 5 0 541 3 1224979098644774917 32 1 5 0 501 3 1224979098644774913 8 0 1625 2 0 1224979098644774913 1640 2 1224979098644774913 2 1643 2 1224979098644774913 30 1642 2 1224979098644774913 0 501 3 1224979098644774913 4 4 3 0 5 0 3 0 5 0 31 2 1224979098644774914 54 541 3 1224979098644774913 39 1 2133 2 1224979098644774921 200 2133 2 1224979098644774922 -1 6 3 1224979098644774923 21 73 541 3 1224979098644774923 41 1 2281 3 1224979098644774920 1224979098644774913 1224979098644774923 2147483678 2 1224979098644774920 1224979098644774921 2133 2 1224979098644774921 1224979098644774920 2133 2 1224979098644774922 1224979098644774923 3 0 32 2 1224979098644774922 0 1640 2 1224979098644774913 1 1642 2 1224979098644774913 1224979098644774922 1641 2 1224979098644774913 1224979098644774922 5 0 2147483679 2 1224979098644774914 54 521 3 1224979098644774924 1224979098644774913 323 2147483679 2 1224979098644774915 1 2124 1 1 2281 3 1224979098644774925 1224979098644774913 1224979098644774924 1602 2 1224979098644774926 1224979098644774913 1073741856 2 1224979098644774925 40 1073742365 3 1224979098644774913 39 1 32 2 1224979098644774926 50 1640 2 1224979098644774913 1 1641 2 1224979098644774913 1224979098644774924 501 3 1224979098644774913 5 1224979098644774924 501 3 1224979098644774913 4 14 5 0 31 2 1224979098644774916 14 2147483679 2 1224979098644774914 54 4 0 31 2 1224979098644774915 1 2124 1 1 521 3 1224979098644774924 1224979098644774913 323 2281 3 1224979098644774925 1224979098644774913 1224979098644774924 2147483680 2 1224979098644774925 3 131 1 1224979098644774913 1 2 96 1224979098644774913 1643 2 1224979098644774913 30 1640 2 1224979098644774913 3 1641 2 1224979098644774913 1224979098644774924 501 3 1224979098644774913 5 1224979098644774924 501 3 1224979098644774913 4 4 3 0 5 0 2157 2 1224979098644774927 1224979098644774913 30 2 1224979098644774927 60 2133 2 1224979098644774921 60 1 3 86 1224979098644774913 0 2133 2 1224979098644774928 72057594037927936 2133 2 1224979098644774922 -1 2136 3 1224979098644774929 153 408 4 0 31 2 1224979098644774914 54 4 0 2281 3 1224979098644774920 1224979098644774913 1224979098644774929 2147483678 2 1224979098644774920 1224979098644774921 2147484189 3 1224979098644774929 32 2 2147484189 3 1224979098644774929 32 1 2147484209 3 1224979098644774929 36 1 2204 2 1224979098644774919 1224979098644774929 2190 3 1224979098644774930 1224979098644774914 1224979098644774919 2147483678 2 1224979098644774930 0 1 3 86 1224979098644774929 0 2133 2 1224979098644774931 72057594037927936 32 2 1224979098644774928 1224979098644774931 2133 2 1224979098644774921 1224979098644774920 2133 2 1224979098644774922 1224979098644774929 3 0 5 0 1073741855 2 1224979098644774914 65 31 2 1224979098644774914 64 4 0 1073742365 3 1224979098644774929 68 6 1073742365 3 1224979098644774929 68 5 541 3 1224979098644774929 68 4 2281 3 1224979098644774920 1224979098644774913 1224979098644774929 2147483678 2 1224979098644774920 1224979098644774921 2147484189 3 1224979098644774929 32 2 2147484189 3 1224979098644774929 32 1 2147484209 3 1224979098644774929 36 1 2204 2 1224979098644774919 1224979098644774929 2190 3 1224979098644774930 1224979098644774914 1224979098644774919 2147483678 2 1224979098644774930 0 1 3 86 1224979098644774929 0 2133 2 1224979098644774931 72057594037927936 32 2 1224979098644774928 1224979098644774931 2133 2 1224979098644774921 1224979098644774920 2133 2 1224979098644774922 1224979098644774929 3 0 5 0 4 0 1073742365 3 1224979098644774929 68 7 1073742365 3 1224979098644774929 68 8 1073742365 3 1224979098644774929 68 10 541 3 1224979098644774929 68 9 2281 3 1224979098644774920 1224979098644774913 1224979098644774929 2147483678 2 1224979098644774920 1224979098644774921 2147484189 3 1224979098644774929 32 2 2147484189 3 1224979098644774929 32 1 2147484209 3 1224979098644774929 36 1 2204 2 1224979098644774919 1224979098644774929 2190 3 1224979098644774930 1224979098644774914 1224979098644774919 2147483678 2 1224979098644774930 0 1 3 86 1224979098644774929 0 2133 2 1224979098644774931 72057594037927936 32 2 1224979098644774928 1224979098644774931 2133 2 1224979098644774921 1224979098644774920 2133 2 1224979098644774922 1224979098644774929 3 0 3 0 33 3 1224979098644774922 153 408 1625 2 1 1224979098644774922 1627 3 2 1 1 1640 2 1224979098644774913 6 1642 2 1224979098644774913 2 1641 2 1224979098644774913 1224979098644774922 501 3 1224979098644774913 5 1224979098644774922 501 3 1224979098644774913 4 17 5 0 1625 2 0 1224979098644774913 1640 2 1224979098644774913 2 1643 2 1224979098644774913 30 1642 2 1224979098644774913 0 501 3 1224979098644774913 4 4 1641 2 1224979098644774913 -1 3 0 3 0 3 0 
24.000000  40 1 2 865 183 2147484189 3 0 39 1 4 0 1695 2 1224979098644774912 0 30 2 1224979098644774912 1 6 3 1224979098644774913 0 1224979098644774912 1696 3 1224979098644774914 0 1224979098644774913 521 3 1224979098644774915 1224979098644774914 71 2105 2 1224979098644774915 1 501 3 1224979098644774914 71 1224979098644774915 4 0 32 2 1224979098644774915 6 541 3 1224979098644774914 0 10 1652 3 1224979098644774916 1224979098644774914 0 2133 2 1224979098644774917 0 4 0 31 2 1224979098644774916 829 200 1 151 566 3 151 11 1 2133 2 1224979098644774917 1 3 0 31 2 1224979098644774917 0 540 3 1224979098644774916 2 2 2147483758 1 1224979098644774916 2133 2 144115188075856027 26 1025 2 1224979098644774916 -1 3 0 3 0 3 0 4 0 37 0 2147483679 2 144115188075855936 1 520 3 1224979098644774918 0 20 30 2 1224979098644774918 625 2106 2 1224979098644774918 600 2136 3 1224979098644774919 0 3050 2147483678 2 1224979098644774919 1224979098644774918 2133 2 144115188075855914 1 2060 1 543 3 0 
168.000000  224 1 2 865 184 2270 1 1224979098644774912 30 2 1224979098644774912 336 4 0 2147483848 1 121 31 2 144115188075856921 32 560 3 0 7 200 2147483679 2 144115188075855936 1 540 3 829 2 2 2133 2 1224979098644774913 0 4 0 546 3 121 13 -1 2133 2 1224979098644774913 2 5 0 560 3 829 5 1 546 3 121 13 0 560 3 829 22 10 2133 2 1224979098644774913 1 5 0 560 3 829 5 1 546 3 121 13 1 560 3 829 22 20 2133 2 1224979098644774913 1 5 0 560 3 829 5 1 546 3 121 13 2 560 3 829 22 30 2133 2 1224979098644774913 1 5 0 560 3 829 5 1 560 3 0 7 400 546 3 121 13 3 2133 2 1224979098644774913 1 5 0 560 3 829 5 1 560 3 0 7 500 546 3 121 13 4 2133 2 1224979098644774913 1 5 0 560 3 829 5 1 560 3 0 7 600 546 3 121 13 5 2133 2 1224979098644774913 1 3 0 4 0 31 2 1224979098644774913 1 1 4 227 999 0 0 5 0 31 2 1224979098644774913 2 1 4 227 1164 0 0 3 0 3 0 4 0 560 3 2492 30 11 560 3 2492 17 11 540 3 2492 31 0 2149 2 1224979098644774914 0 30 2 1224979098644774914 1000000 1 4 227 459 0 0 5 0 560 3 2492 17 12 540 3 2492 32 0 2149 2 1224979098644774914 0 30 2 1224979098644774914 1000000 1 4 227 460 0 0 3 0 4 0 2147483679 2 144115188075855936 1 560 3 2255 33 1 2149 2 1224979098644774914 0 2136 3 1224979098644774915 0 30 4 0 2147483680 2 1224979098644774915 9 30 2 1224979098644774914 50000 1 4 227 456 0 0 5 0 2147483680 2 1224979098644774915 14 30 2 1224979098644774914 100000 540 3 2255 35 0 1 4 227 457 0 0 5 0 2147483680 2 1224979098644774915 20 30 2 1224979098644774914 1000000 560 3 2255 35 1 540 3 2255 36 0 1 4 227 458 0 0 3 0 3 0 4 0 560 3 2431 19 10 2204 2 1224979098644774916 26 31 2 1224979098644774916 144115188075856921 2147484209 3 26 72 1 4 0 521 3 1224979098644774917 26 25 2108 2 1224979098644774917 50 2107 2 1224979098644774917 -1 2120 3 1224979098644774918 1224979098644774917 20 2136 3 1224979098644774915 0 100 2147483680 2 1224979098644774915 1224979098644774918 1107 1 0 1 3 702 -1 0 1107 1 1 1106 2 1585267068834419449 16764108 3 0 4 0 540 3 829 2 2 2133 2 1224979098644774919 72057594037927936 1 2 206 829 2133 2 1224979098644774920 72057594037927936 2133 2 72057594037927936 1224979098644774919 2108 2 1224979098644774920 10 32 2 1224979098644774920 0 2136 3 1224979098644774915 0 100 2147483678 2 1224979098644774915 1224979098644774920 1107 1 0 1 3 702 -1 0 1107 1 1 1106 2 1585267068834419450 16764108 3 0 3 0 4 0 31 2 144115188075855949 0 2147483679 2 144115188075855936 1 2147484208 3 0 8 0 2149 2 1224979098644774921 2086 30 2 1224979098644774921 140000 2136 3 1224979098644774915 0 12 2147483678 2 1224979098644774915 4 2133 2 1224979098644774922 0 2133 2 1224979098644774923 144115188075855985 4 0 2147483680 2 1224979098644774923 1 520 3 1224979098644774923 0 30 3 0 32 2 1224979098644774923 1 4 0 1 2 206 1224979098644774923 2147483680 2 72057594037927936 -10 2133 2 1224979098644774922 1 5 0 2147483678 2 144115188075856897 0 1 2 206 1224979098644774923 2147483680 2 72057594037927936 0 2133 2 1224979098644774922 1 5 0 2147483678 2 144115188075856897 -10 1 2 206 1224979098644774923 2147483680 2 72057594037927936 10 2133 2 1224979098644774922 1 5 0 2147483678 2 144115188075856897 -20 1 2 206 1224979098644774923 2147483680 2 72057594037927936 20 2133 2 1224979098644774922 1 5 0 2147483678 2 144115188075856897 -30 1 2 206 1224979098644774923 2147483680 2 72057594037927936 30 2133 2 1224979098644774922 1 5 0 2147483678 2 144115188075856897 -40 1 2 206 1224979098644774923 2147483680 2 72057594037927936 40 2133 2 1224979098644774922 1 5 0 2147483678 2 144115188075856897 -60 1 2 206 1224979098644774923 2147483680 2 72057594037927936 70 2133 2 1224979098644774922 1 5 0 2147483678 2 144115188075856897 -80 1 2 206 1224979098644774923 2147483680 2 72057594037927936 90 2133 2 1224979098644774922 1 5 0 2147483678 2 144115188075856013 50 2133 2 1224979098644774922 1 3 0 31 2 1224979098644774922 1 2060 1 720 3 0 4 0 31 2 144115188075855949 0 2147483679 2 144115188075855936 1 542 3 144115188075856921 10 0 542 3 144115188075856921 223 1 2147484208 3 0 8 0 522 3 1224979098644774924 144115188075856921 44 30 2 1224979098644774924 150000 4 0 2147483680 2 1224979098644774924 150000 2133 2 1224979098644774925 25 5 0 2147483680 2 1224979098644774924 200000 2133 2 1224979098644774925 30 5 0 2147483680 2 1224979098644774924 300000 2133 2 1224979098644774925 35 5 0 2147483680 2 1224979098644774924 400000 2133 2 1224979098644774925 40 5 0 2147483680 2 1224979098644774924 600000 2133 2 1224979098644774925 45 5 0 2147483680 2 1224979098644774924 800000 2133 2 1224979098644774925 50 5 0 2147483680 2 1224979098644774924 900000 2133 2 1224979098644774925 55 5 0 2147483680 2 1224979098644774924 1000000 2133 2 1224979098644774925 60 5 0 2147483680 2 1224979098644774924 1150000 2133 2 1224979098644774925 70 5 0 2133 2 1224979098644774925 80 3 0 2136 3 1224979098644774915 0 100 2147483678 2 1224979098644774915 1224979098644774925 2060 1 724 3 0 
24.000000  63 1 2 865 185 4 0 37 0 200 1 36 546 3 36 11 10 2156 2 1224979098644774912 0 2147483680 2 1224979098644774912 50 1103 1 2 1120 2 1585267068834419451 1585267068834419452 1 3 733 0 104 2133 2 1224979098644774913 72057594037927936 4 0 2147483680 2 1224979098644774913 525 1105 2 1585267068834419453 16724787 3 0 1620 2 1224979098644774913 2 1640 2 1224979098644774913 4 1606 2 1224979098644774913 15 1607 2 1224979098644774913 15 1639 2 1224979098644774913 100 1641 2 1224979098644774913 0 506 3 36 8 1224979098644774913 506 3 36 11 11 3 0 4 0 2147483679 2 144115188075856156 1 2133 2 144115188075856156 1 3 0 4 0 560 3 829 184 1 500 3 829 184 0 3 0 4 0 37 0 2147483848 1 101 2147483848 1 100 2147483848 1 102 200 1 85 2147483679 2 144115188075855936 1 2147483679 2 144115188075856856 1 31 2 144115188075856921 32 560 3 0 7 199 546 3 71 11 6 4 0 30 2 144115188075856034 1 1 4 227 731 0 0 5 0 1 4 227 729 0 0 3 0 3 0 4 0 2147483848 1 101 2147483848 1 100 200 1 85 200 1 102 200 1 142 2147483679 2 144115188075855936 1 2147483679 2 144115188075856856 1 30 2 144115188075856034 1 560 3 0 7 199 546 3 102 11 1 1 4 227 734 0 0 3 0 
48.000000  96 1 2 865 186 4 0 500 3 2426 30 0 500 3 2426 31 0 500 3 2426 32 0 3 0 2136 3 1224979098644774912 26 53 4 0 542 3 1224979098644774912 57 0 542 3 1224979098644774912 14 0 2147484190 3 1224979098644774912 9 13 2147483679 2 1224979098644774912 44 2147483679 2 1224979098644774912 42 522 3 1224979098644774913 1224979098644774912 51 522 3 1224979098644774914 1224979098644774912 52 2105 2 1224979098644774914 1224979098644774913 2147483680 2 1224979098644774914 5 2133 2 1224979098644774915 -1 2133 2 1224979098644774916 -1 2133 2 1224979098644774917 0 2133 2 1224979098644774918 0 6 3 1224979098644774919 25 53 542 3 1224979098644774919 14 0 2190 3 1224979098644774920 1224979098644774912 1224979098644774919 4 0 30 2 1224979098644774920 0 2120 3 1224979098644774921 1224979098644774912 70 2106 2 1224979098644774921 25 522 3 1224979098644774922 1224979098644774919 1224979098644774921 32 2 1224979098644774922 45 2105 2 1224979098644774918 1 3 0 2147483678 2 1224979098644774920 -1 2120 3 1224979098644774923 1224979098644774912 130 2106 2 1224979098644774923 25 522 3 1224979098644774924 1224979098644774919 1224979098644774923 2120 3 1224979098644774925 1224979098644774919 130 2106 2 1224979098644774925 25 522 3 1224979098644774926 1224979098644774912 1224979098644774925 4 0 32 2 1224979098644774924 1224979098644774926 2105 2 1224979098644774917 1 3 0 4 0 30 2 144115188075856193 1 2133 2 72057594037927969 1224979098644774924 2133 2 72057594037927970 1224979098644774926 2335 2 1 1224979098644774912 2335 2 2 1224979098644774919 1106 1 1585267068834418598 3 0 2107 2 1224979098644774926 2 522 3 1224979098644774913 1224979098644774919 51 522 3 1224979098644774927 1224979098644774919 52 2105 2 1224979098644774927 1224979098644774913 32 2 1224979098644774927 1224979098644774914 32 2 1224979098644774924 1224979098644774926 32 2 1224979098644774924 1224979098644774916 2133 2 1224979098644774916 1224979098644774924 2133 2 1224979098644774915 1224979098644774919 3 0 2107 2 1224979098644774914 30 2107 2 1224979098644774918 30 2122 3 1224979098644774928 1224979098644774917 30 2121 3 1224979098644774929 300 1224979098644774928 2105 2 1224979098644774929 1224979098644774914 2105 2 1224979098644774929 1224979098644774918 4 0 30 2 144115188075856193 1 2133 2 72057594037927969 1224979098644774929 2133 2 72057594037927970 1224979098644774914 2133 2 72057594037927971 1224979098644774918 2133 2 72057594037927972 1224979098644774917 2335 2 1 1224979098644774912 4 0 32 2 1224979098644774915 -1 2335 2 3 1224979098644774915 2133 2 72057594037927973 1224979098644774916 5 0 2320 2 3 216172782113788807 2133 2 72057594037927973 1224979098644774916 3 0 1106 1 1585267068834418599 3 0 4 0 30 2 1224979098644774917 1 4 0 30 2 1224979098644774915 26 32 2 1224979098644774916 1224979098644774929 1 4 994 1224979098644774912 1224979098644774915 1 5 0 31 2 1224979098644774915 25 1 4 227 300 1224979098644774912 0 3 0 3 0 3 0 
72.000000  8 1 2 865 187 4 0 540 3 2131 63 2 1 4 227 1150 0 0 5 0 540 3 2131 63 -1 1 4 227 1151 0 0 3 0 
2.769231  3 1 2 865 188 2136 3 1224979098644774912 21 73 1 2 791 1224979098644774912 
0.564706  3 1 2 865 189 2136 3 1224979098644774912 153 408 1 2 791 1224979098644774912 
24.000000  50 1 2 865 190 37 0 2136 3 1224979098644774912 781 823 110 1 1224979098644774912 2272 1 1224979098644774913 520 3 1224979098644774914 1224979098644774912 191 2106 2 1224979098644774913 7 32 2 1224979098644774913 1224979098644774914 4 0 2171 2 1224979098644774915 1224979098644774912 2147483678 2 1224979098644774915 15 2136 3 1224979098644774916 0 4 2147483680 2 1224979098644774916 1 2322 2 21 1224979098644774912 2136 3 1224979098644774917 216172782113789532 216172782113789539 2320 2 22 1224979098644774917 2320 2 23 216172782113789540 1106 2 216172782113789543 13434828 2272 1 1224979098644774913 500 3 1224979098644774912 191 1224979098644774913 1062 2 5000 1224979098644774912 5 0 2172 3 1224979098644774918 1224979098644774912 0 2147483678 2 1224979098644774918 15 2136 3 1224979098644774916 0 4 2147483680 2 1224979098644774916 1 2322 2 21 1224979098644774912 2136 3 1224979098644774917 216172782113789532 216172782113789539 2320 2 22 1224979098644774917 2320 2 23 216172782113789541 1106 2 216172782113789543 13434828 2272 1 1224979098644774913 500 3 1224979098644774912 191 1224979098644774913 1520 3 1224979098644774912 0 1 1062 2 500 1224979098644774912 5 0 2172 3 1224979098644774919 1224979098644774912 1 2147483678 2 1224979098644774919 15 2136 3 1224979098644774916 0 4 2147483680 2 1224979098644774916 1 2322 2 21 1224979098644774912 2136 3 1224979098644774917 216172782113789532 216172782113789539 2320 2 22 1224979098644774917 2320 2 23 216172782113789542 1106 2 216172782113789543 13434828 2272 1 1224979098644774913 500 3 1224979098644774912 191 1224979098644774913 1520 3 1224979098644774912 1 1 1062 2 500 1224979098644774912 3 0 
48.000000  16 1 2 865 191 31 2 144115188075855936 0 31 2 144115188075856848 -1 2147483848 1 136 2136 3 1224979098644774912 0 10 2147483680 2 1224979098644774912 2 560 3 2465 5 1 546 3 136 25 0 540 3 0 183 13 560 3 0 7 200 2190 3 1224979098644774913 32 24 1073741854 2 1224979098644774913 0 542 3 144115188075856921 9 13 2149 2 1224979098644774914 0 32 2 1224979098644774914 75000 2060 1 1142 
24.000000  47 1 2 865 192 6 3 1224979098644774912 200 215 520 3 1224979098644774913 2090 1224979098644774912 33 3 1224979098644774913 21 153 2204 2 1224979098644774914 1224979098644774913 2121 3 1224979098644774915 1224979098644774912 200 2120 3 1224979098644774916 215 1224979098644774915 520 3 1224979098644774917 2090 1224979098644774916 32 2 1224979098644774917 -1 2173 2 1224979098644774918 1224979098644774917 4 0 2147484190 3 1224979098644774918 10 0 2147484188 3 1224979098644774917 2 2 1 3 883 1224979098644774915 1224979098644774918 5 0 540 3 1224979098644774917 2 2 2147484208 3 1224979098644774917 178 1 1 4 788 1224979098644774917 178 1224979098644774915 2147483679 2 1224979098644774917 0 1 2 849 1224979098644774917 2341 2 17 1224979098644774917 1106 1 1585267068834419454 5 0 2147484190 3 1224979098644774918 10 0 6 3 1224979098644774919 250 270 2121 3 1224979098644774920 1224979098644774919 250 2105 2 1224979098644774920 300 540 3 2090 1224979098644774920 1224979098644774915 520 3 1224979098644774921 2090 1224979098644774919 2147484188 3 1224979098644774921 2 2 2121 3 1224979098644774922 1224979098644774919 250 2105 2 1224979098644774922 246 1 3 884 1224979098644774922 1224979098644774918 3 0 3 0 2147483679 2 1224979098644774918 1224979098644774914 1 4 155 1224979098644774913 1224979098644774918 1224979098644774915 2133 2 1224979098644774923 72057594037927936 33 3 1224979098644774923 21 153 500 3 2090 1224979098644774912 1224979098644774923 2330 2 5 1224979098644774913 2330 2 6 1224979098644774923 2120 3 1224979098644774924 1224979098644774915 216172782113788581 2320 2 7 1224979098644774924 1105 1 1585267068834419455 1 3 801 1224979098644774923 1224979098644774915 3 0 
24.000000  128 1 2 865 194 7 3 1224979098644774912 0 58 520 3 1224979098644774913 2090 1224979098644774912 30 2 1224979098644774913 0 2133 2 1224979098644774914 153 6 3 1224979098644774915 21 1224979098644774914 541 3 1224979098644774915 68 1224979098644774912 541 3 1224979098644774915 7 1224979098644774913 2133 2 1224979098644774914 -1 3 0 4 0 2147483679 2 1224979098644774914 -1 2322 2 5 1224979098644774913 2120 3 1224979098644774916 1224979098644774912 216172782113788815 2320 2 6 1224979098644774916 1105 1 1585267068834419456 1 4 788 1224979098644774913 177 -1 4 0 32 2 1224979098644774913 0 1 2 849 1224979098644774913 3 0 500 3 2090 1224979098644774912 -1 3 0 4 0 31 2 1224979098644774914 -1 2120 3 1224979098644774917 100 1224979098644774912 520 3 1224979098644774918 2090 1224979098644774917 30 2 1224979098644774918 1 4 0 30 2 144115188075856311 1 2105 2 1224979098644774918 1 500 3 2090 1224979098644774917 1224979098644774918 5 0 2272 1 1224979098644774919 30 2 1224979098644774919 1224979098644774918 4 0 31 2 1224979098644774913 0 2133 2 1224979098644774920 144115188075856921 5 0 2173 2 1224979098644774920 1224979098644774913 3 0 2133 2 1224979098644774921 -100 2133 2 1224979098644774922 -1 6 3 1224979098644774923 780 1051 2133 2 1224979098644774924 1 4 0 31 2 1224979098644774923 780 2133 2 1224979098644774923 0 2133 2 1224979098644774925 144115188075856921 4 0 32 2 144115188075856001 0 2133 2 1224979098644774924 0 5 0 30 2 144115188075856856 1 2133 2 1224979098644774924 0 3 0 5 0 2173 2 1224979098644774925 1224979098644774923 3 0 31 2 1224979098644774924 1 31 2 1224979098644774925 1224979098644774920 2133 2 1224979098644774924 0 1073742364 3 1224979098644774923 2 2 31 2 1224979098644774923 0 2147483679 2 1224979098644774923 1224979098644774913 2147484208 3 1224979098644774923 178 1 2147484208 3 1224979098644774923 179 1 2147484208 3 1224979098644774923 177 1 520 3 1224979098644774926 1224979098644774923 7 2133 2 1224979098644774927 1224979098644774926 2136 3 1224979098644774928 0 200 2105 2 1224979098644774926 1224979098644774928 520 3 1224979098644774929 1224979098644774923 166 2112 3 1224979098644774929 0 101 2121 3 1224979098644774930 101 1224979098644774929 2111 2 1224979098644774930 1 2107 2 1224979098644774927 1224979098644774930 2108 2 1224979098644774927 100 30 2 1224979098644774927 1224979098644774921 2133 2 1224979098644774921 1224979098644774927 2133 2 1224979098644774922 1224979098644774923 3 0 4 0 31 2 1224979098644774922 -1 2133 2 1224979098644774922 1224979098644774913 3 0 32 2 1224979098644774922 -1 4 0 31 2 1224979098644774922 0 1 4 227 287 0 1224979098644774912 5 0 31 2 1224979098644774925 144115188075856921 31 2 144115188075856170 1 560 3 2431 19 20 1 4 227 288 1224979098644774922 1224979098644774912 5 0 2105 2 1224979098644774919 84 500 3 2090 1224979098644774917 1224979098644774919 500 3 2090 1224979098644774912 1224979098644774922 1 4 788 1224979098644774922 177 1224979098644774912 6 3 1224979098644774915 21 153 2204 2 1224979098644774931 1224979098644774915 31 2 1224979098644774931 1224979098644774920 521 3 1224979098644774932 1224979098644774915 68 31 2 1224979098644774932 1224979098644774912 1 4 172 1224979098644774915 1224979098644774922 0 3 0 4 0 31 2 1224979098644774913 0 1 4 227 289 0 1224979098644774912 3 0 2341 2 22 1224979098644774922 2341 2 21 1224979098644774913 2105 2 1224979098644774912 216172782113788815 2320 2 23 1224979098644774912 1105 1 1585267068834419457 4 0 2147483679 2 1224979098644774913 1224979098644774922 1 4 788 1224979098644774913 177 -1 4 0 32 2 1224979098644774913 0 1 2 849 1224979098644774913 3 0 3 0 3 0 3 0 3 0 3 0 
168.000000  22 1 2 865 195 541 3 0 39 0 2147483679 2 144115188075855936 1 31 2 144115188075856856 1 2147483680 2 144115188075856311 0 4 0 522 3 1224979098644774912 144115188075856921 277 2107 2 1224979098644774912 2 2107 2 1224979098644774912 1224979098644774912 2105 2 1224979098644774912 144115188075856000 2136 3 1224979098644774913 0 9000 2106 2 1224979098644774913 144115188075856000 2147483678 2 1224979098644774913 1224979098644774912 2060 1 725 5 0 31 2 144115188075856032 0 2136 3 1224979098644774913 0 500 2147483680 2 1224979098644774913 50 2204 2 1224979098644774914 26 31 2 1224979098644774914 144115188075856921 2060 1 726 3 0 
288.000000  57 1 2 865 196 2133 2 1224979098644774912 0 2133 2 1224979098644774913 0 2133 2 1224979098644774914 -1 6 3 1224979098644774915 2587 2607 520 3 1224979098644774916 1224979098644774915 10 32 2 1224979098644774916 0 4 0 33 3 1224979098644774915 2587 2601 2105 2 1224979098644774912 1 2170 3 1224979098644774917 22 1224979098644774916 2136 3 1224979098644774918 0 11 2147483680 2 1224979098644774918 1224979098644774917 2133 2 1224979098644774914 1224979098644774915 5 0 33 3 1224979098644774915 2601 2607 2105 2 1224979098644774913 1 3 0 1 1 952 2133 2 1224979098644774919 72057594037927936 1 1 954 2133 2 1224979098644774920 72057594037927936 4 0 33 3 1224979098644774915 2587 2601 1 1 952 32 2 1224979098644774912 1224979098644774919 500 3 1224979098644774915 10 0 2322 2 1 1224979098644774915 1106 2 1585267068834420379 16764108 5 0 33 3 1224979098644774915 2601 2607 1 1 954 32 2 1224979098644774913 1224979098644774920 500 3 1224979098644774915 10 0 2322 2 1 1224979098644774915 1106 2 1585267068834420380 16764108 3 0 3 0 2133 2 1224979098644774921 0 2133 2 1224979098644774922 0 4 0 2149 2 1224979098644774921 0 30 2 1224979098644774921 150000 32 2 1224979098644774914 -1 32 2 1224979098644774912 0 1 4 227 723 1224979098644774914 -1 5 0 2149 2 1224979098644774922 2086 30 2 1224979098644774922 150000 32 2 1224979098644774914 -1 32 2 1224979098644774912 0 1 4 227 722 1224979098644774914 -1 5 0 1073741854 2 1224979098644774921 150000 30 2 1224979098644774922 150000 1 4 227 721 -1 -1 3 0 
0.658824  9 1 2 865 197 2133 2 1224979098644774912 72057594037927936 4 0 2147483681 3 144115188075857016 153 408 2133 2 144115188075857016 153 3 0 1 2 923 144115188075857016 2133 2 72057594037927936 1224979098644774912 2105 2 144115188075857016 1 
